,gender,age,num_friends,num_liked,num_calls,event,time
0,0,16.0,31.0,234.0,470.0,False,500
1,0,26.0,21.0,130.0,368.0,False,500
2,0,20.0,8.0,142.0,131.0,True,149
3,1,27.0,38.0,124.0,598.0,False,500
4,0,20.0,22.0,214.0,356.0,False,500
5,1,29.0,18.0,243.0,265.0,False,500
6,0,23.0,7.0,127.0,110.0,True,256
7,1,20.0,67.0,51.0,1168.0,False,500
8,0,16.0,5.0,126.0,67.0,True,5
9,1,21.0,38.0,65.0,436.0,False,500
10,0,16.0,35.0,83.0,521.0,False,500
11,1,26.0,17.0,104.0,273.0,False,500
12,1,25.0,22.0,201.0,348.0,False,500
13,1,41.0,70.0,121.0,921.0,True,24
14,0,29.0,38.0,173.0,598.0,False,500
15,1,25.0,35.0,214.0,562.0,False,500
16,0,24.0,7.0,131.0,106.0,True,34
17,0,24.0,27.0,85.0,430.0,False,500
18,1,20.0,49.0,181.0,800.0,False,500
19,1,21.0,31.0,93.0,539.0,False,500
20,1,16.0,50.0,122.0,694.0,False,500
21,1,28.0,63.0,123.0,903.0,False,500
22,0,16.0,30.0,99.0,530.0,False,500
23,1,33.0,26.0,82.0,460.0,True,6
24,1,28.0,24.0,81.0,305.0,False,500
25,1,12.0,55.0,272.0,742.0,False,500
26,0,33.0,43.0,116.0,580.0,False,500
27,1,24.0,14.0,108.0,197.0,False,500
28,1,19.0,25.0,113.0,326.0,False,500
29,0,30.0,22.0,194.0,388.0,False,500
30,0,26.0,8.0,126.0,126.0,True,321
31,1,15.0,19.0,184.0,317.0,False,500
32,0,31.0,25.0,137.0,374.0,True,8
33,0,25.0,18.0,39.0,299.0,False,500
34,0,26.0,2.0,206.0,32.0,True,2
35,0,23.0,42.0,115.0,616.0,False,500
36,1,25.0,6.0,42.0,79.0,True,1
37,0,20.0,35.0,218.0,472.0,False,500
38,0,21.0,9.0,72.0,114.0,True,438
39,0,22.0,10.0,163.0,126.0,True,198
40,1,20.0,14.0,176.0,224.0,False,500
41,1,31.0,23.0,73.0,386.0,True,32
42,0,24.0,27.0,260.0,401.0,False,500
43,1,29.0,13.0,83.0,156.0,True,7
44,1,23.0,11.0,255.0,176.0,False,500
45,1,31.0,40.0,92.0,492.0,True,25
46,0,21.0,36.0,72.0,567.0,False,500
47,1,23.0,20.0,231.0,308.0,False,500
48,0,15.0,27.0,68.0,348.0,False,500
49,1,20.0,37.0,274.0,651.0,False,500
50,0,35.0,19.0,63.0,267.0,True,12
51,0,18.0,29.0,95.0,440.0,False,500
52,1,29.0,21.0,102.0,309.0,False,500
53,0,18.0,34.0,394.0,526.0,False,500
54,1,27.0,19.0,91.0,231.0,True,82
55,1,30.0,24.0,189.0,412.0,True,20
56,0,20.0,24.0,138.0,352.0,False,500
57,1,19.0,54.0,103.0,643.0,False,500
58,1,16.0,20.0,112.0,248.0,False,500
59,0,25.0,8.0,146.0,92.0,True,40
60,0,20.0,22.0,217.0,295.0,False,500
61,0,14.0,5.0,174.0,78.0,True,12
62,0,16.0,48.0,59.0,770.0,False,500
63,1,22.0,14.0,118.0,197.0,False,500
64,1,19.0,33.0,177.0,430.0,False,500
65,0,21.0,15.0,105.0,218.0,False,500
66,0,17.0,42.0,107.0,604.0,False,500
67,1,27.0,48.0,162.0,611.0,False,500
68,1,15.0,35.0,231.0,497.0,False,500
69,0,26.0,50.0,252.0,741.0,False,500
70,1,20.0,27.0,174.0,451.0,False,500
71,1,19.0,29.0,176.0,443.0,False,500
72,0,17.0,33.0,132.0,567.0,False,500
73,1,30.0,50.0,98.0,802.0,True,487
74,0,26.0,30.0,75.0,474.0,False,500
75,1,23.0,42.0,65.0,543.0,False,500
76,0,26.0,42.0,164.0,559.0,False,500
77,1,36.0,32.0,76.0,416.0,True,12
78,1,25.0,40.0,77.0,527.0,False,500
79,1,19.0,8.0,194.0,119.0,True,8
80,1,30.0,4.0,151.0,60.0,True,1
81,0,29.0,31.0,234.0,537.0,False,500
82,0,20.0,24.0,118.0,320.0,False,500
83,1,23.0,22.0,124.0,343.0,False,500
84,0,21.0,37.0,163.0,591.0,False,500
85,0,16.0,8.0,121.0,102.0,True,5
86,0,24.0,2.0,176.0,29.0,True,1
87,1,29.0,40.0,112.0,450.0,False,500
88,0,24.0,41.0,123.0,628.0,False,500
89,1,20.0,25.0,112.0,402.0,False,500
90,1,21.0,13.0,172.0,169.0,True,20
91,0,23.0,32.0,188.0,477.0,False,500
92,1,18.0,44.0,87.0,500.0,False,500
93,0,35.0,28.0,123.0,418.0,True,22
94,0,23.0,8.0,98.0,110.0,True,76
95,0,18.0,42.0,81.0,760.0,False,500
96,0,37.0,26.0,253.0,453.0,False,500
97,0,25.0,21.0,140.0,323.0,False,500
98,0,28.0,9.0,147.0,109.0,True,197
99,1,26.0,55.0,210.0,686.0,False,500
100,0,25.0,46.0,180.0,722.0,False,500
101,1,25.0,32.0,170.0,521.0,False,500
102,0,22.0,36.0,45.0,710.0,False,500
103,1,14.0,46.0,298.0,664.0,False,500
104,1,15.0,21.0,119.0,327.0,False,500
105,1,25.0,12.0,169.0,192.0,False,500
106,0,24.0,30.0,73.0,447.0,False,500
107,1,32.0,34.0,42.0,588.0,True,38
108,1,39.0,10.0,143.0,126.0,True,1
109,1,18.0,10.0,236.0,154.0,True,250
110,0,31.0,40.0,120.0,414.0,True,193
111,1,20.0,36.0,130.0,589.0,False,500
112,0,21.0,11.0,371.0,187.0,False,500
113,1,30.0,14.0,194.0,222.0,True,1
114,1,20.0,9.0,80.0,115.0,True,1
115,0,17.0,35.0,114.0,590.0,False,500
116,0,15.0,45.0,119.0,684.0,False,500
117,1,28.0,27.0,213.0,460.0,False,500
118,1,29.0,17.0,122.0,272.0,False,500
119,1,23.0,12.0,210.0,192.0,False,500
120,0,37.0,32.0,44.0,591.0,False,500
121,0,21.0,10.0,190.0,129.0,False,500
122,1,26.0,45.0,252.0,699.0,False,500
123,0,15.0,21.0,148.0,363.0,False,500
124,1,23.0,24.0,116.0,366.0,False,500
125,1,29.0,56.0,160.0,946.0,False,500
126,1,23.0,36.0,58.0,470.0,False,500
127,0,17.0,20.0,101.0,240.0,False,500
128,0,18.0,28.0,187.0,448.0,False,500
129,1,11.0,19.0,189.0,281.0,False,500
130,0,27.0,64.0,228.0,1091.0,False,500
131,1,12.0,32.0,191.0,465.0,False,500
132,0,37.0,19.0,105.0,322.0,True,1
133,0,23.0,18.0,230.0,236.0,False,500
134,1,30.0,36.0,175.0,514.0,True,15
135,0,30.0,47.0,423.0,592.0,False,500
136,1,16.0,2.0,85.0,29.0,True,1
137,0,23.0,10.0,118.0,148.0,False,500
138,1,16.0,23.0,56.0,332.0,False,500
139,1,22.0,31.0,176.0,442.0,False,500
140,1,20.0,24.0,199.0,354.0,False,500
141,0,29.0,16.0,351.0,276.0,False,500
142,0,32.0,43.0,141.0,470.0,False,500
143,0,19.0,14.0,176.0,253.0,False,500
144,0,19.0,55.0,178.0,925.0,False,500
145,1,18.0,25.0,107.0,452.0,False,500
146,0,26.0,30.0,146.0,366.0,False,500
147,0,27.0,50.0,61.0,808.0,False,500
148,1,18.0,35.0,192.0,501.0,False,500
149,1,20.0,49.0,110.0,633.0,False,500
150,0,32.0,24.0,110.0,467.0,True,375
151,0,19.0,24.0,105.0,328.0,False,500
152,1,27.0,45.0,85.0,626.0,False,500
153,1,33.0,29.0,50.0,387.0,True,6
154,0,24.0,47.0,133.0,832.0,False,500
155,1,20.0,31.0,406.0,477.0,False,500
156,1,26.0,39.0,98.0,668.0,False,500
157,1,23.0,30.0,149.0,359.0,False,500
158,1,20.0,25.0,97.0,407.0,False,500
159,1,21.0,12.0,68.0,208.0,True,314
160,0,31.0,21.0,199.0,317.0,True,29
161,0,26.0,32.0,234.0,383.0,False,500
162,1,22.0,15.0,171.0,214.0,True,358
163,0,32.0,61.0,211.0,1075.0,False,500
164,0,41.0,18.0,132.0,264.0,True,3
165,0,41.0,26.0,69.0,304.0,True,4
166,1,28.0,26.0,231.0,363.0,False,500
167,0,16.0,9.0,107.0,134.0,False,500
168,1,22.0,11.0,104.0,142.0,True,45
169,0,35.0,31.0,131.0,440.0,False,500
170,0,25.0,18.0,144.0,318.0,False,500
171,0,21.0,33.0,209.0,523.0,False,500
172,1,26.0,21.0,88.0,321.0,False,500
173,1,26.0,10.0,218.0,112.0,True,26
174,0,26.0,32.0,139.0,346.0,False,500
175,1,24.0,42.0,64.0,768.0,False,500
176,0,19.0,35.0,79.0,507.0,False,500
177,0,23.0,38.0,127.0,642.0,False,500
178,0,21.0,36.0,169.0,545.0,False,500
179,0,19.0,12.0,165.0,145.0,False,500
180,0,30.0,8.0,54.0,95.0,True,1
181,0,16.0,25.0,410.0,383.0,False,500
182,1,28.0,33.0,179.0,556.0,False,500
183,0,25.0,27.0,111.0,292.0,False,500
184,0,28.0,23.0,169.0,337.0,False,500
185,1,33.0,44.0,189.0,642.0,True,453
186,1,29.0,97.0,194.0,1294.0,False,500
187,1,36.0,11.0,37.0,158.0,True,2
188,1,30.0,19.0,56.0,324.0,True,3
189,0,24.0,20.0,115.0,367.0,False,500
190,1,30.0,14.0,149.0,196.0,True,1
191,0,26.0,32.0,191.0,538.0,False,500
192,0,27.0,23.0,109.0,293.0,False,500
193,0,21.0,25.0,402.0,290.0,False,500
194,0,19.0,23.0,157.0,335.0,False,500
195,0,15.0,99.0,149.0,1197.0,False,500
196,1,18.0,69.0,109.0,844.0,False,500
197,0,15.0,37.0,103.0,543.0,False,500
198,1,28.0,22.0,136.0,413.0,False,500
199,1,34.0,34.0,142.0,560.0,True,159
200,0,25.0,34.0,85.0,400.0,False,500
201,0,24.0,31.0,109.0,447.0,False,500
202,1,10.0,53.0,131.0,810.0,False,500
203,1,29.0,13.0,106.0,189.0,True,104
204,1,22.0,6.0,222.0,87.0,True,12
205,0,20.0,53.0,60.0,802.0,False,500
206,1,24.0,10.0,210.0,125.0,True,81
207,1,28.0,3.0,143.0,53.0,True,2
208,0,18.0,37.0,169.0,525.0,False,500
209,1,34.0,28.0,230.0,417.0,True,22
210,1,21.0,12.0,121.0,169.0,True,453
211,0,30.0,13.0,90.0,203.0,True,4
212,1,20.0,50.0,209.0,689.0,False,500
213,0,21.0,17.0,99.0,249.0,False,500
214,0,21.0,17.0,254.0,195.0,False,500
215,1,38.0,56.0,229.0,750.0,False,500
216,0,10.0,21.0,115.0,321.0,False,500
217,0,25.0,13.0,242.0,234.0,False,500
218,1,28.0,23.0,62.0,344.0,False,500
219,0,25.0,41.0,116.0,509.0,False,500
220,1,30.0,42.0,138.0,555.0,True,59
221,1,22.0,12.0,132.0,176.0,False,500
222,0,27.0,29.0,59.0,383.0,False,500
223,0,33.0,46.0,144.0,587.0,False,500
224,1,32.0,33.0,78.0,584.0,True,12
225,1,30.0,36.0,120.0,659.0,True,3
226,1,23.0,36.0,420.0,490.0,False,500
227,1,27.0,12.0,195.0,200.0,True,202
228,0,16.0,23.0,199.0,409.0,False,500
229,0,27.0,21.0,163.0,249.0,False,500
230,1,22.0,45.0,152.0,713.0,False,500
231,0,28.0,66.0,136.0,1004.0,False,500
232,1,30.0,50.0,206.0,709.0,False,500
233,1,22.0,40.0,86.0,687.0,False,500
234,1,17.0,29.0,144.0,383.0,False,500
235,1,25.0,30.0,250.0,375.0,False,500
236,1,29.0,27.0,226.0,470.0,False,500
237,0,18.0,49.0,260.0,805.0,False,500
238,1,23.0,77.0,85.0,1077.0,False,500
239,0,26.0,8.0,125.0,117.0,True,79
240,0,24.0,9.0,178.0,136.0,True,27
241,0,43.0,20.0,169.0,277.0,True,2
242,0,30.0,19.0,203.0,237.0,True,19
243,0,18.0,35.0,352.0,485.0,False,500
244,0,20.0,31.0,281.0,513.0,False,500
245,1,36.0,29.0,130.0,409.0,True,37
246,1,36.0,29.0,238.0,464.0,True,116
247,0,13.0,11.0,254.0,133.0,False,500
248,0,26.0,50.0,200.0,782.0,False,500
249,1,33.0,29.0,172.0,358.0,True,41
250,0,20.0,40.0,144.0,542.0,False,500
251,1,30.0,17.0,235.0,259.0,True,3
252,0,21.0,64.0,237.0,956.0,False,500
253,0,29.0,43.0,174.0,664.0,False,500
254,0,23.0,45.0,184.0,658.0,False,500
255,0,32.0,55.0,199.0,845.0,False,500
256,0,36.0,11.0,386.0,156.0,True,3
257,1,25.0,66.0,132.0,809.0,False,500
258,0,19.0,41.0,105.0,614.0,False,500
259,1,23.0,40.0,119.0,534.0,False,500
260,0,18.0,49.0,197.0,658.0,False,500
261,0,22.0,9.0,78.0,95.0,True,51
262,0,21.0,54.0,125.0,758.0,False,500
263,1,22.0,16.0,116.0,209.0,False,500
264,0,30.0,26.0,122.0,402.0,True,6
265,1,25.0,31.0,245.0,506.0,False,500
266,1,22.0,24.0,138.0,407.0,False,500
267,1,26.0,15.0,213.0,194.0,False,500
268,0,35.0,69.0,319.0,1109.0,False,500
269,0,28.0,59.0,249.0,962.0,False,500
270,0,32.0,39.0,178.0,534.0,False,500
271,1,29.0,38.0,57.0,583.0,False,500
272,1,21.0,66.0,125.0,931.0,False,500
273,0,28.0,62.0,56.0,1024.0,False,500
274,0,21.0,10.0,181.0,138.0,True,155
275,1,18.0,55.0,62.0,936.0,False,500
276,1,27.0,19.0,78.0,262.0,False,500
277,1,27.0,17.0,115.0,333.0,False,500
278,0,31.0,24.0,104.0,344.0,True,181
279,1,22.0,33.0,92.0,605.0,False,500
280,1,14.0,29.0,304.0,361.0,False,500
281,0,25.0,15.0,67.0,210.0,False,500
282,0,24.0,50.0,219.0,515.0,False,500
283,1,21.0,74.0,290.0,1262.0,False,500
284,1,32.0,16.0,207.0,233.0,True,4
285,0,13.0,20.0,146.0,293.0,False,500
286,0,26.0,10.0,244.0,146.0,False,500
287,0,26.0,70.0,287.0,934.0,False,500
288,1,30.0,23.0,241.0,370.0,True,4
289,0,31.0,36.0,155.0,552.0,False,500
290,1,34.0,27.0,77.0,355.0,True,6
291,1,34.0,32.0,48.0,524.0,True,6
292,1,31.0,27.0,119.0,468.0,True,9
293,0,29.0,35.0,343.0,534.0,False,500
294,0,18.0,38.0,208.0,533.0,False,500
295,0,22.0,23.0,121.0,400.0,False,500
296,0,28.0,18.0,154.0,275.0,False,500
297,1,21.0,10.0,212.0,132.0,True,69
298,0,28.0,55.0,70.0,950.0,False,500
299,1,27.0,33.0,180.0,437.0,False,500
300,1,26.0,64.0,91.0,1002.0,False,500
301,0,24.0,11.0,240.0,140.0,True,425
302,0,20.0,20.0,150.0,287.0,False,500
303,1,17.0,33.0,105.0,460.0,False,500
304,0,33.0,17.0,119.0,228.0,True,16
305,1,36.0,66.0,202.0,1169.0,False,500
306,1,33.0,31.0,94.0,326.0,True,32
307,0,30.0,11.0,297.0,151.0,True,3
308,0,24.0,30.0,177.0,437.0,False,500
309,0,28.0,13.0,117.0,190.0,True,101
310,0,21.0,15.0,123.0,251.0,False,500
311,1,19.0,20.0,190.0,331.0,False,500
312,0,25.0,30.0,245.0,500.0,False,500
313,1,24.0,16.0,103.0,327.0,False,500
314,0,16.0,29.0,196.0,563.0,False,500
315,1,28.0,34.0,250.0,598.0,False,500
316,1,13.0,15.0,163.0,190.0,False,500
317,1,40.0,32.0,179.0,432.0,True,4
318,1,22.0,11.0,177.0,160.0,False,500
319,0,25.0,33.0,265.0,463.0,False,500
320,0,20.0,11.0,233.0,195.0,False,500
321,1,18.0,52.0,149.0,671.0,False,500
322,0,25.0,46.0,164.0,726.0,False,500
323,1,20.0,19.0,117.0,357.0,False,500
324,0,15.0,33.0,133.0,661.0,False,500
325,1,27.0,54.0,327.0,663.0,False,500
326,0,36.0,11.0,208.0,160.0,True,2
327,0,34.0,46.0,116.0,683.0,False,500
328,0,17.0,13.0,60.0,202.0,False,500
329,1,18.0,22.0,86.0,361.0,False,500
330,1,31.0,16.0,36.0,242.0,True,1
331,0,35.0,15.0,133.0,238.0,True,14
332,0,25.0,18.0,154.0,319.0,False,500
333,0,21.0,23.0,163.0,313.0,False,500
334,1,27.0,15.0,288.0,179.0,False,500
335,1,25.0,61.0,125.0,966.0,False,500
336,1,22.0,17.0,71.0,251.0,False,500
337,1,22.0,29.0,72.0,394.0,False,500
338,0,24.0,24.0,124.0,309.0,False,500
339,0,15.0,41.0,145.0,689.0,False,500
340,0,21.0,47.0,229.0,758.0,False,500
341,1,19.0,18.0,35.0,274.0,False,500
342,1,24.0,32.0,325.0,560.0,False,500
343,0,21.0,42.0,222.0,727.0,False,500
344,0,23.0,34.0,159.0,478.0,False,500
345,0,19.0,19.0,99.0,299.0,False,500
346,1,25.0,21.0,171.0,314.0,False,500
347,1,17.0,17.0,212.0,290.0,False,500
348,1,19.0,47.0,190.0,795.0,False,500
349,1,30.0,39.0,216.0,735.0,False,500
350,1,27.0,20.0,138.0,237.0,False,500
351,0,28.0,26.0,76.0,364.0,False,500
352,0,34.0,33.0,131.0,547.0,False,500
353,0,26.0,33.0,104.0,532.0,False,500
354,0,21.0,38.0,99.0,694.0,False,500
355,1,28.0,19.0,79.0,291.0,False,500
356,1,21.0,14.0,63.0,207.0,True,226
357,1,30.0,36.0,90.0,503.0,True,110
358,1,20.0,13.0,144.0,224.0,True,123
359,1,23.0,39.0,301.0,465.0,False,500
360,1,16.0,23.0,207.0,316.0,False,500
361,1,20.0,41.0,26.0,555.0,False,500
362,1,27.0,55.0,133.0,842.0,False,500
363,0,20.0,18.0,112.0,274.0,False,500
364,0,27.0,8.0,210.0,115.0,True,248
365,1,26.0,42.0,256.0,703.0,False,500
366,1,13.0,13.0,201.0,210.0,False,500
367,0,23.0,37.0,103.0,547.0,False,500
368,1,19.0,16.0,129.0,252.0,False,500
369,1,31.0,7.0,142.0,116.0,True,1
370,0,11.0,38.0,76.0,694.0,False,500
371,0,23.0,58.0,163.0,624.0,False,500
372,0,30.0,90.0,178.0,1312.0,False,500
373,1,26.0,45.0,80.0,709.0,False,500
374,0,21.0,33.0,223.0,477.0,False,500
375,1,15.0,11.0,169.0,156.0,True,4
376,0,18.0,43.0,258.0,610.0,False,500
377,1,22.0,58.0,260.0,876.0,False,500
378,1,26.0,34.0,180.0,511.0,False,500
379,1,38.0,32.0,238.0,504.0,True,12
380,0,26.0,23.0,163.0,379.0,False,500
381,0,22.0,29.0,231.0,523.0,False,500
382,0,25.0,25.0,232.0,363.0,False,500
383,0,15.0,19.0,111.0,258.0,False,500
384,1,18.0,15.0,60.0,301.0,False,500
385,1,23.0,31.0,140.0,435.0,False,500
386,0,17.0,34.0,387.0,551.0,False,500
387,0,22.0,23.0,234.0,380.0,False,500
388,1,37.0,37.0,190.0,589.0,True,125
389,1,25.0,38.0,216.0,483.0,False,500
390,1,15.0,34.0,56.0,440.0,False,500
391,1,24.0,7.0,215.0,106.0,True,28
392,0,18.0,18.0,131.0,292.0,False,500
393,0,25.0,32.0,98.0,578.0,False,500
394,1,19.0,53.0,294.0,929.0,False,500
395,0,26.0,30.0,123.0,355.0,False,500
396,1,14.0,43.0,71.0,700.0,False,500
397,0,22.0,31.0,118.0,543.0,False,500
398,1,26.0,28.0,165.0,414.0,False,500
399,0,44.0,42.0,189.0,661.0,True,133
400,1,39.0,82.0,137.0,1019.0,False,500
401,0,17.0,76.0,281.0,1218.0,False,500
402,0,33.0,51.0,100.0,743.0,False,500
403,0,29.0,33.0,135.0,405.0,False,500
404,0,25.0,18.0,74.0,227.0,False,500
405,1,28.0,15.0,240.0,204.0,False,500
406,1,25.0,85.0,362.0,1306.0,False,500
407,0,15.0,46.0,101.0,693.0,False,500
408,1,27.0,26.0,189.0,407.0,False,500
409,0,30.0,14.0,203.0,201.0,True,2
410,1,22.0,15.0,181.0,184.0,False,500
411,1,22.0,21.0,423.0,348.0,False,500
412,1,21.0,57.0,318.0,827.0,False,500
413,0,29.0,20.0,200.0,343.0,False,500
414,1,22.0,18.0,233.0,266.0,False,500
415,1,11.0,121.0,239.0,2253.0,False,500
416,1,22.0,26.0,95.0,431.0,False,500
417,1,14.0,23.0,131.0,380.0,False,500
418,1,26.0,11.0,197.0,146.0,True,64
419,0,18.0,31.0,90.0,565.0,False,500
420,1,33.0,15.0,161.0,221.0,True,3
421,0,30.0,48.0,134.0,752.0,False,500
422,0,22.0,20.0,128.0,243.0,False,500
423,1,32.0,35.0,264.0,510.0,True,88
424,1,22.0,21.0,281.0,334.0,False,500
425,0,17.0,59.0,67.0,1004.0,False,500
426,0,14.0,35.0,121.0,636.0,False,500
427,0,22.0,19.0,156.0,311.0,False,500
428,1,27.0,27.0,151.0,426.0,False,500
429,0,28.0,7.0,177.0,112.0,True,15
430,0,29.0,19.0,89.0,335.0,False,500
431,0,41.0,10.0,130.0,145.0,True,1
432,1,22.0,34.0,152.0,531.0,False,500
433,0,13.0,27.0,132.0,365.0,False,500
434,0,21.0,33.0,180.0,600.0,False,500
435,0,32.0,13.0,123.0,154.0,True,1
436,1,19.0,13.0,161.0,190.0,False,500
437,0,17.0,139.0,110.0,2076.0,False,500
438,1,32.0,21.0,172.0,294.0,True,1
439,0,18.0,60.0,91.0,717.0,False,500
440,0,23.0,25.0,243.0,359.0,False,500
441,0,22.0,30.0,114.0,512.0,False,500
442,1,15.0,30.0,94.0,478.0,False,500
443,0,26.0,23.0,87.0,229.0,False,500
444,0,26.0,68.0,120.0,1171.0,False,500
445,1,26.0,25.0,201.0,336.0,False,500
446,0,21.0,29.0,176.0,399.0,False,500
447,0,35.0,21.0,58.0,257.0,True,21
448,0,12.0,24.0,115.0,364.0,False,500
449,0,32.0,33.0,38.0,541.0,True,3
450,1,24.0,39.0,224.0,563.0,False,500
451,1,20.0,10.0,136.0,177.0,True,230
452,1,24.0,41.0,235.0,691.0,False,500
453,1,21.0,49.0,116.0,612.0,False,500
454,0,16.0,43.0,109.0,697.0,False,500
455,1,30.0,39.0,69.0,590.0,True,92
456,1,26.0,13.0,175.0,194.0,True,193
457,1,27.0,21.0,216.0,309.0,False,500
458,0,38.0,21.0,157.0,228.0,True,18
459,1,29.0,37.0,111.0,505.0,False,500
460,0,27.0,24.0,164.0,382.0,False,500
461,0,24.0,27.0,79.0,481.0,False,500
462,0,31.0,87.0,148.0,1577.0,False,500
463,1,25.0,7.0,93.0,118.0,True,13
464,0,21.0,27.0,113.0,358.0,False,500
465,1,18.0,59.0,131.0,829.0,False,500
466,0,12.0,31.0,82.0,482.0,False,500
467,0,15.0,24.0,298.0,330.0,False,500
468,0,21.0,59.0,184.0,874.0,False,500
469,1,19.0,22.0,128.0,335.0,False,500
470,0,23.0,35.0,66.0,529.0,False,500
471,1,24.0,66.0,249.0,978.0,False,500
472,1,16.0,22.0,182.0,313.0,False,500
473,0,22.0,20.0,396.0,425.0,False,500
474,0,26.0,14.0,231.0,206.0,False,500
475,0,24.0,18.0,127.0,265.0,False,500
476,0,15.0,34.0,74.0,367.0,False,500
477,0,30.0,11.0,117.0,177.0,True,2
478,0,29.0,38.0,201.0,551.0,False,500
479,0,20.0,61.0,124.0,768.0,False,500
480,0,17.0,22.0,203.0,325.0,False,500
481,1,27.0,54.0,223.0,776.0,False,500
482,0,26.0,5.0,187.0,82.0,True,23
483,0,21.0,32.0,120.0,602.0,False,500
484,1,21.0,27.0,102.0,366.0,False,500
485,0,20.0,28.0,173.0,463.0,False,500
486,1,24.0,23.0,161.0,355.0,False,500
487,1,28.0,73.0,197.0,878.0,False,500
488,1,13.0,25.0,44.0,439.0,False,500
489,0,22.0,24.0,144.0,291.0,False,500
490,0,15.0,17.0,81.0,222.0,False,500
491,1,16.0,26.0,262.0,434.0,False,500
492,1,26.0,10.0,161.0,142.0,True,270
493,0,25.0,25.0,177.0,366.0,False,500
494,0,30.0,20.0,252.0,297.0,True,117
495,0,38.0,21.0,156.0,336.0,True,228
496,0,21.0,30.0,181.0,508.0,False,500
497,1,26.0,26.0,176.0,335.0,False,500
498,1,21.0,21.0,353.0,350.0,False,500
499,0,21.0,7.0,190.0,137.0,False,500
500,0,30.0,10.0,113.0,142.0,True,1
501,1,23.0,31.0,209.0,530.0,False,500
502,0,24.0,16.0,108.0,197.0,False,500
503,0,19.0,18.0,123.0,285.0,False,500
504,1,27.0,21.0,184.0,226.0,False,500
505,1,41.0,35.0,92.0,559.0,True,4
506,1,14.0,22.0,124.0,356.0,False,500
507,0,26.0,25.0,95.0,493.0,False,500
508,0,19.0,12.0,68.0,182.0,False,500
509,0,29.0,18.0,88.0,189.0,False,500
510,1,23.0,22.0,125.0,303.0,False,500
511,1,13.0,38.0,98.0,619.0,False,500
512,0,14.0,34.0,198.0,534.0,False,500
513,1,22.0,15.0,126.0,187.0,True,62
514,0,25.0,72.0,174.0,891.0,False,500
515,1,19.0,50.0,158.0,833.0,False,500
516,1,17.0,30.0,274.0,399.0,False,500
517,1,22.0,41.0,65.0,665.0,False,500
518,1,20.0,31.0,287.0,542.0,False,500
519,1,25.0,29.0,216.0,437.0,False,500
520,0,29.0,27.0,179.0,399.0,False,500
521,0,25.0,56.0,146.0,827.0,False,500
522,1,22.0,29.0,237.0,493.0,False,500
523,0,17.0,44.0,181.0,853.0,False,500
524,1,20.0,39.0,221.0,530.0,False,500
525,1,29.0,29.0,190.0,420.0,False,500
526,0,38.0,10.0,190.0,154.0,True,5
527,0,22.0,28.0,238.0,461.0,False,500
528,0,29.0,23.0,136.0,375.0,False,500
529,1,30.0,23.0,73.0,448.0,True,7
530,1,16.0,55.0,132.0,785.0,False,500
531,0,32.0,51.0,96.0,608.0,False,500
532,0,18.0,99.0,100.0,1949.0,False,500
533,0,19.0,7.0,100.0,95.0,True,65
534,0,34.0,17.0,193.0,255.0,True,20
535,0,28.0,28.0,99.0,417.0,False,500
536,0,20.0,29.0,138.0,403.0,False,500
537,1,27.0,22.0,151.0,337.0,False,500
538,1,34.0,16.0,491.0,273.0,True,4
539,0,33.0,73.0,165.0,1090.0,False,500
540,0,22.0,10.0,131.0,167.0,False,500
541,1,26.0,32.0,98.0,445.0,False,500
542,1,27.0,35.0,80.0,508.0,False,500
543,0,19.0,33.0,243.0,348.0,False,500
544,0,26.0,59.0,98.0,948.0,False,500
545,1,14.0,10.0,117.0,171.0,True,270
546,1,19.0,59.0,244.0,808.0,False,500
547,0,35.0,21.0,202.0,276.0,True,35
548,1,22.0,63.0,147.0,891.0,False,500
549,0,25.0,42.0,207.0,649.0,False,500
550,1,21.0,11.0,185.0,170.0,False,500
551,0,32.0,28.0,112.0,445.0,True,229
552,1,21.0,7.0,129.0,100.0,True,7
553,1,24.0,39.0,132.0,601.0,False,500
554,1,18.0,38.0,86.0,561.0,False,500
555,1,28.0,8.0,79.0,94.0,True,4
556,1,19.0,18.0,31.0,269.0,False,500
557,1,20.0,43.0,128.0,864.0,False,500
558,1,22.0,46.0,216.0,531.0,False,500
559,1,33.0,83.0,83.0,1506.0,False,500
560,1,22.0,18.0,265.0,297.0,False,500
561,0,18.0,30.0,194.0,508.0,False,500
562,0,26.0,86.0,161.0,1257.0,False,500
563,1,23.0,11.0,232.0,187.0,False,500
564,0,23.0,18.0,52.0,284.0,False,500
565,0,48.0,30.0,167.0,355.0,True,15
566,1,23.0,11.0,108.0,162.0,True,222
567,0,20.0,15.0,177.0,265.0,False,500
568,1,25.0,8.0,139.0,139.0,True,69
569,0,29.0,32.0,91.0,435.0,False,500
570,0,20.0,66.0,205.0,1117.0,False,500
571,0,22.0,31.0,108.0,570.0,False,500
572,1,35.0,8.0,167.0,96.0,True,1
573,1,26.0,42.0,247.0,629.0,False,500
574,0,30.0,62.0,221.0,989.0,False,500
575,1,41.0,34.0,230.0,437.0,True,6
576,0,22.0,15.0,104.0,179.0,True,484
577,0,27.0,31.0,194.0,513.0,False,500
578,1,18.0,6.0,84.0,77.0,True,1
579,0,32.0,12.0,113.0,202.0,True,4
580,1,36.0,15.0,167.0,277.0,True,7
581,1,28.0,20.0,152.0,303.0,False,500
582,0,34.0,45.0,256.0,686.0,False,500
583,1,19.0,69.0,105.0,1128.0,False,500
584,0,29.0,8.0,135.0,107.0,True,312
585,0,23.0,15.0,87.0,187.0,False,500
586,0,18.0,39.0,66.0,406.0,False,500
587,1,36.0,23.0,100.0,414.0,True,23
588,0,31.0,59.0,284.0,917.0,False,500
589,1,12.0,26.0,100.0,355.0,False,500
590,0,26.0,34.0,165.0,543.0,False,500
591,0,23.0,16.0,111.0,266.0,False,500
592,1,37.0,37.0,104.0,629.0,True,69
593,1,17.0,21.0,248.0,348.0,False,500
594,1,27.0,30.0,153.0,484.0,False,500
595,1,31.0,12.0,155.0,155.0,True,4
596,1,25.0,14.0,93.0,171.0,True,343
597,0,34.0,43.0,122.0,631.0,False,500
598,1,32.0,43.0,65.0,583.0,True,207
599,0,22.0,25.0,88.0,358.0,False,500
600,0,42.0,13.0,217.0,202.0,True,2
601,1,21.0,48.0,131.0,467.0,False,500
602,1,17.0,37.0,108.0,425.0,False,500
603,0,24.0,51.0,153.0,943.0,False,500
604,1,19.0,59.0,60.0,823.0,False,500
605,1,23.0,71.0,122.0,948.0,False,500
606,1,28.0,23.0,172.0,339.0,False,500
607,1,39.0,15.0,146.0,206.0,True,3
608,0,19.0,84.0,241.0,1438.0,False,500
609,1,17.0,36.0,151.0,644.0,False,500
610,1,22.0,17.0,204.0,241.0,False,500
611,0,24.0,38.0,106.0,596.0,False,500
612,1,27.0,10.0,178.0,146.0,True,281
613,1,24.0,50.0,106.0,950.0,False,500
614,1,14.0,28.0,124.0,375.0,False,500
615,1,15.0,22.0,89.0,310.0,False,500
616,0,24.0,19.0,194.0,294.0,False,500
617,1,16.0,33.0,120.0,430.0,False,500
618,1,23.0,80.0,106.0,1363.0,False,500
619,1,22.0,18.0,111.0,249.0,False,500
620,1,28.0,35.0,114.0,457.0,False,500
621,1,24.0,20.0,147.0,199.0,False,500
622,1,23.0,34.0,217.0,593.0,False,500
623,0,31.0,32.0,218.0,445.0,False,500
624,0,23.0,23.0,66.0,467.0,False,500
625,1,32.0,25.0,346.0,449.0,True,10
626,1,26.0,21.0,126.0,304.0,False,500
627,0,17.0,15.0,90.0,245.0,False,500
628,1,19.0,36.0,179.0,504.0,False,500
629,0,27.0,20.0,216.0,352.0,False,500
630,0,24.0,11.0,72.0,184.0,False,500
631,0,27.0,11.0,71.0,133.0,False,500
632,0,21.0,68.0,225.0,1110.0,False,500
633,0,27.0,20.0,147.0,298.0,False,500
634,0,36.0,34.0,86.0,458.0,True,207
635,0,17.0,34.0,120.0,509.0,False,500
636,0,19.0,27.0,45.0,428.0,False,500
637,0,29.0,29.0,61.0,365.0,False,500
638,0,25.0,53.0,92.0,784.0,False,500
639,1,22.0,41.0,162.0,575.0,False,500
640,1,28.0,17.0,137.0,197.0,False,500
641,0,27.0,5.0,145.0,79.0,True,1
642,0,19.0,56.0,53.0,635.0,False,500
643,0,23.0,50.0,87.0,736.0,False,500
644,0,26.0,26.0,202.0,475.0,False,500
645,0,26.0,36.0,289.0,496.0,False,500
646,1,22.0,21.0,40.0,275.0,True,284
647,0,36.0,11.0,213.0,148.0,True,1
648,0,20.0,13.0,141.0,166.0,False,500
649,0,20.0,59.0,163.0,751.0,False,500
650,1,21.0,50.0,91.0,656.0,False,500
651,0,15.0,76.0,96.0,990.0,False,500
652,0,29.0,36.0,216.0,563.0,False,500
653,0,28.0,21.0,238.0,302.0,False,500
654,0,27.0,17.0,137.0,270.0,False,500
655,0,18.0,50.0,169.0,879.0,False,500
656,1,27.0,23.0,58.0,355.0,False,500
657,0,16.0,8.0,111.0,95.0,True,14
658,1,20.0,32.0,78.0,553.0,False,500
659,1,19.0,64.0,50.0,819.0,False,500
660,0,26.0,12.0,148.0,178.0,False,500
661,1,23.0,15.0,34.0,238.0,True,428
662,1,19.0,48.0,145.0,591.0,False,500
663,0,25.0,44.0,136.0,674.0,False,500
664,1,30.0,16.0,174.0,239.0,True,3
665,0,28.0,30.0,143.0,449.0,False,500
666,1,16.0,32.0,133.0,386.0,False,500
667,0,21.0,23.0,121.0,394.0,False,500
668,1,23.0,18.0,178.0,264.0,False,500
669,1,22.0,51.0,131.0,900.0,False,500
670,1,29.0,25.0,81.0,343.0,False,500
671,1,26.0,36.0,69.0,529.0,False,500
672,1,32.0,21.0,157.0,337.0,True,3
673,1,19.0,51.0,276.0,683.0,False,500
674,0,15.0,26.0,125.0,398.0,False,500
675,0,14.0,19.0,206.0,288.0,False,500
676,1,27.0,13.0,39.0,162.0,True,133
677,1,21.0,50.0,97.0,667.0,False,500
678,0,29.0,27.0,170.0,482.0,False,500
679,0,28.0,33.0,108.0,573.0,False,500
680,1,18.0,30.0,96.0,407.0,False,500
681,1,21.0,11.0,147.0,168.0,True,167
682,1,19.0,12.0,265.0,205.0,False,500
683,0,27.0,16.0,149.0,253.0,False,500
684,1,18.0,21.0,148.0,290.0,False,500
685,0,15.0,11.0,213.0,201.0,False,500
686,1,17.0,20.0,143.0,285.0,False,500
687,0,22.0,23.0,100.0,294.0,False,500
688,1,23.0,41.0,104.0,626.0,False,500
689,1,42.0,35.0,146.0,617.0,True,1
690,1,18.0,43.0,248.0,614.0,False,500
691,0,15.0,19.0,193.0,271.0,False,500
692,1,26.0,25.0,161.0,246.0,False,500
693,0,34.0,12.0,317.0,219.0,True,12
694,0,26.0,33.0,118.0,559.0,False,500
695,1,20.0,20.0,165.0,249.0,False,500
696,0,32.0,33.0,162.0,514.0,False,500
697,0,25.0,10.0,168.0,171.0,False,500
698,0,26.0,85.0,112.0,1064.0,False,500
699,0,32.0,23.0,165.0,238.0,True,38
700,0,24.0,42.0,100.0,541.0,False,500
701,1,18.0,11.0,149.0,175.0,False,500
702,1,16.0,58.0,81.0,796.0,False,500
703,0,31.0,38.0,296.0,515.0,False,500
704,0,18.0,21.0,109.0,295.0,False,500
705,0,18.0,15.0,92.0,226.0,False,500
706,0,21.0,20.0,99.0,355.0,False,500
707,0,26.0,14.0,99.0,245.0,False,500
708,1,24.0,22.0,142.0,320.0,False,500
709,0,26.0,25.0,225.0,363.0,False,500
710,1,10.0,76.0,158.0,1446.0,False,500
711,0,18.0,34.0,111.0,582.0,False,500
712,0,31.0,27.0,54.0,346.0,True,44
713,1,23.0,8.0,88.0,122.0,True,6
714,1,27.0,37.0,179.0,521.0,False,500
715,1,27.0,64.0,237.0,748.0,False,500
716,1,33.0,26.0,123.0,362.0,True,7
717,1,21.0,15.0,70.0,194.0,True,413
718,0,23.0,50.0,45.0,636.0,False,500
719,1,25.0,37.0,152.0,637.0,False,500
720,1,34.0,44.0,158.0,625.0,True,248
721,1,24.0,16.0,140.0,230.0,True,221
722,0,23.0,41.0,90.0,439.0,False,500
723,0,24.0,15.0,131.0,251.0,False,500
724,1,21.0,29.0,137.0,437.0,False,500
725,0,14.0,23.0,164.0,284.0,False,500
726,1,24.0,55.0,60.0,854.0,False,500
727,1,15.0,39.0,155.0,665.0,False,500
728,1,20.0,60.0,362.0,741.0,False,500
729,1,21.0,13.0,151.0,213.0,False,500
730,0,22.0,23.0,278.0,336.0,False,500
731,0,26.0,50.0,137.0,859.0,False,500
732,0,33.0,38.0,186.0,563.0,False,500
733,0,35.0,41.0,201.0,587.0,False,500
734,0,20.0,35.0,153.0,624.0,False,500
735,0,17.0,15.0,162.0,241.0,False,500
736,0,15.0,27.0,241.0,386.0,False,500
737,0,17.0,25.0,150.0,298.0,False,500
738,1,23.0,13.0,127.0,212.0,False,500
739,1,26.0,44.0,143.0,667.0,False,500
740,1,18.0,28.0,228.0,473.0,False,500
741,0,27.0,30.0,214.0,389.0,False,500
742,1,25.0,61.0,112.0,729.0,False,500
743,0,36.0,9.0,113.0,146.0,True,4
744,0,19.0,24.0,122.0,316.0,False,500
745,1,17.0,10.0,51.0,191.0,True,359
746,0,26.0,55.0,126.0,923.0,False,500
747,0,21.0,21.0,288.0,308.0,False,500
748,1,20.0,34.0,123.0,638.0,False,500
749,1,28.0,14.0,151.0,196.0,False,500
750,0,22.0,18.0,27.0,252.0,False,500
751,1,23.0,94.0,107.0,1268.0,False,500
752,1,25.0,57.0,74.0,857.0,False,500
753,0,35.0,15.0,236.0,232.0,True,32
754,1,17.0,14.0,142.0,173.0,False,500
755,1,20.0,6.0,280.0,95.0,True,23
756,0,26.0,70.0,184.0,1062.0,False,500
757,0,19.0,30.0,224.0,412.0,False,500
758,1,35.0,26.0,176.0,406.0,True,22
759,0,18.0,59.0,277.0,958.0,False,500
760,1,18.0,15.0,89.0,200.0,False,500
761,1,30.0,32.0,64.0,388.0,True,11
762,0,14.0,34.0,61.0,402.0,False,500
763,0,31.0,21.0,126.0,309.0,True,25
764,0,19.0,50.0,155.0,705.0,False,500
765,1,33.0,6.0,206.0,87.0,True,1
766,1,14.0,26.0,52.0,404.0,False,500
767,1,16.0,35.0,162.0,439.0,False,500
768,0,22.0,22.0,227.0,314.0,False,500
769,1,25.0,35.0,105.0,498.0,False,500
770,0,26.0,72.0,279.0,904.0,False,500
771,0,28.0,22.0,63.0,356.0,False,500
772,0,36.0,18.0,234.0,225.0,True,4
773,1,27.0,20.0,54.0,361.0,False,500
774,1,35.0,31.0,163.0,485.0,True,2
775,1,28.0,8.0,239.0,125.0,True,40
776,0,27.0,20.0,156.0,356.0,False,500
777,1,13.0,41.0,135.0,683.0,False,500
778,0,19.0,19.0,83.0,278.0,False,500
779,1,38.0,5.0,339.0,87.0,True,1
780,0,21.0,35.0,318.0,576.0,False,500
781,1,34.0,48.0,214.0,788.0,False,500
782,0,28.0,17.0,120.0,287.0,False,500
783,1,35.0,16.0,104.0,233.0,True,6
784,1,21.0,70.0,192.0,975.0,False,500
785,1,23.0,37.0,143.0,700.0,False,500
786,1,24.0,12.0,192.0,190.0,True,99
787,0,20.0,70.0,80.0,1004.0,False,500
788,1,28.0,16.0,144.0,210.0,False,500
789,0,27.0,16.0,191.0,274.0,False,500
790,0,26.0,17.0,61.0,201.0,False,500
791,1,31.0,22.0,130.0,307.0,True,11
792,0,22.0,30.0,139.0,491.0,False,500
793,1,27.0,9.0,220.0,146.0,True,48
794,1,26.0,20.0,245.0,323.0,False,500
795,1,20.0,56.0,96.0,782.0,False,500
796,0,16.0,23.0,132.0,371.0,False,500
797,1,28.0,12.0,136.0,162.0,True,376
798,1,18.0,47.0,97.0,785.0,False,500
799,1,34.0,21.0,133.0,311.0,True,23
800,0,28.0,19.0,86.0,307.0,False,500
801,0,22.0,18.0,121.0,298.0,False,500
802,0,36.0,60.0,168.0,891.0,False,500
803,1,27.0,32.0,206.0,430.0,False,500
804,0,14.0,37.0,188.0,527.0,False,500
805,0,34.0,20.0,233.0,369.0,True,87
806,1,23.0,41.0,146.0,495.0,False,500
807,1,28.0,10.0,200.0,150.0,True,2
808,0,24.0,30.0,106.0,436.0,False,500
809,0,30.0,34.0,156.0,479.0,False,500
810,0,26.0,43.0,195.0,673.0,False,500
811,1,33.0,36.0,224.0,490.0,True,104
812,1,23.0,28.0,149.0,567.0,False,500
813,1,19.0,17.0,89.0,253.0,False,500
814,0,27.0,21.0,148.0,276.0,False,500
815,1,24.0,11.0,210.0,170.0,False,500
816,0,28.0,41.0,182.0,685.0,False,500
817,1,24.0,42.0,144.0,662.0,False,500
818,0,21.0,49.0,199.0,829.0,False,500
819,0,33.0,32.0,93.0,513.0,False,500
820,0,31.0,34.0,204.0,487.0,False,500
821,0,22.0,53.0,113.0,886.0,False,500
822,1,45.0,48.0,237.0,664.0,True,33
823,1,21.0,5.0,254.0,72.0,True,1
824,0,32.0,60.0,256.0,950.0,False,500
825,1,20.0,15.0,221.0,199.0,False,500
826,1,19.0,25.0,291.0,430.0,False,500
827,1,29.0,31.0,215.0,525.0,False,500
828,0,26.0,51.0,65.0,591.0,False,500
829,0,23.0,25.0,107.0,345.0,False,500
830,1,17.0,13.0,147.0,185.0,True,120
831,0,22.0,35.0,203.0,434.0,False,500
832,1,19.0,77.0,191.0,1164.0,False,500
833,0,31.0,40.0,153.0,528.0,False,500
834,1,30.0,13.0,74.0,215.0,True,1
835,0,26.0,27.0,225.0,429.0,False,500
836,0,22.0,20.0,67.0,251.0,False,500
837,0,24.0,12.0,97.0,196.0,False,500
838,0,28.0,10.0,213.0,151.0,False,500
839,1,21.0,25.0,225.0,461.0,False,500
840,1,28.0,12.0,129.0,164.0,True,410
841,0,25.0,13.0,234.0,210.0,False,500
842,1,43.0,28.0,195.0,322.0,True,3
843,1,20.0,45.0,116.0,825.0,False,500
844,1,26.0,53.0,277.0,729.0,False,500
845,1,25.0,9.0,258.0,131.0,True,90
846,1,14.0,14.0,209.0,163.0,False,500
847,1,24.0,9.0,99.0,143.0,True,80
848,0,20.0,17.0,109.0,303.0,False,500
849,1,13.0,16.0,137.0,237.0,False,500
850,0,32.0,59.0,114.0,812.0,False,500
851,1,10.0,13.0,151.0,220.0,False,500
852,0,25.0,37.0,96.0,374.0,False,500
853,0,25.0,14.0,148.0,229.0,False,500
854,1,23.0,30.0,54.0,590.0,False,500
855,1,26.0,25.0,111.0,382.0,False,500
856,1,18.0,23.0,115.0,368.0,False,500
857,1,23.0,8.0,199.0,122.0,True,27
858,1,27.0,14.0,140.0,207.0,False,500
859,0,18.0,43.0,329.0,596.0,False,500
860,0,21.0,20.0,86.0,276.0,False,500
861,0,23.0,13.0,90.0,225.0,False,500
862,0,20.0,68.0,135.0,1023.0,False,500
863,1,17.0,22.0,124.0,389.0,False,500
864,0,29.0,12.0,90.0,177.0,False,500
865,0,20.0,29.0,118.0,423.0,False,500
866,0,30.0,32.0,68.0,371.0,True,131
867,1,27.0,30.0,188.0,411.0,False,500
868,1,33.0,10.0,207.0,114.0,True,1
869,0,26.0,64.0,171.0,1203.0,False,500
870,0,14.0,40.0,81.0,595.0,False,500
871,1,28.0,27.0,226.0,276.0,False,500
872,1,35.0,19.0,216.0,366.0,True,1
873,0,27.0,23.0,142.0,412.0,False,500
874,1,17.0,44.0,169.0,528.0,False,500
875,1,18.0,35.0,129.0,532.0,False,500
876,0,12.0,20.0,81.0,223.0,False,500
877,0,26.0,32.0,239.0,487.0,False,500
878,1,28.0,40.0,169.0,585.0,False,500
879,0,26.0,39.0,96.0,714.0,False,500
880,0,26.0,8.0,142.0,135.0,True,281
881,1,18.0,30.0,106.0,598.0,False,500
882,1,32.0,33.0,121.0,557.0,True,126
883,0,37.0,35.0,143.0,551.0,False,500
884,1,32.0,38.0,205.0,537.0,True,205
885,1,23.0,22.0,159.0,260.0,False,500
886,1,16.0,73.0,175.0,918.0,False,500
887,1,25.0,7.0,108.0,102.0,True,1
888,0,14.0,47.0,148.0,555.0,False,500
889,0,15.0,6.0,150.0,103.0,True,11
890,1,33.0,34.0,56.0,500.0,True,26
891,0,36.0,25.0,203.0,330.0,True,442
892,0,23.0,119.0,302.0,1707.0,False,500
893,1,16.0,30.0,84.0,472.0,False,500
894,0,24.0,33.0,218.0,576.0,False,500
895,0,32.0,15.0,125.0,184.0,True,11
896,0,28.0,25.0,150.0,340.0,False,500
897,0,27.0,36.0,170.0,547.0,False,500
898,0,18.0,20.0,77.0,326.0,False,500
899,0,24.0,18.0,303.0,266.0,False,500
900,1,34.0,51.0,68.0,798.0,True,79
901,1,17.0,22.0,73.0,250.0,False,500
902,0,34.0,91.0,253.0,1380.0,False,500
903,1,22.0,24.0,133.0,365.0,False,500
904,0,16.0,17.0,149.0,245.0,False,500
905,1,22.0,64.0,277.0,794.0,False,500
906,0,17.0,47.0,86.0,642.0,False,500
907,1,31.0,25.0,127.0,358.0,True,2
908,0,15.0,20.0,61.0,266.0,False,500
909,1,35.0,64.0,54.0,853.0,True,366
910,1,36.0,41.0,98.0,710.0,True,113
911,0,29.0,68.0,150.0,985.0,False,500
912,1,13.0,52.0,175.0,1062.0,False,500
913,0,36.0,44.0,192.0,792.0,False,500
914,1,33.0,36.0,63.0,558.0,True,60
915,0,24.0,51.0,78.0,544.0,False,500
916,0,29.0,23.0,197.0,362.0,False,500
917,0,17.0,70.0,108.0,1105.0,False,500
918,1,23.0,32.0,111.0,393.0,False,500
919,0,20.0,24.0,150.0,291.0,False,500
920,0,22.0,12.0,133.0,191.0,False,500
921,0,22.0,12.0,216.0,178.0,False,500
922,1,20.0,23.0,39.0,401.0,False,500
923,1,25.0,6.0,154.0,89.0,True,15
924,0,22.0,17.0,88.0,318.0,False,500
925,0,25.0,50.0,135.0,545.0,False,500
926,1,18.0,19.0,205.0,277.0,False,500
927,0,24.0,78.0,187.0,1480.0,False,500
928,0,28.0,39.0,52.0,626.0,False,500
929,0,35.0,14.0,298.0,206.0,True,16
930,1,15.0,34.0,158.0,433.0,False,500
931,1,13.0,29.0,142.0,471.0,False,500
932,0,27.0,35.0,152.0,500.0,False,500
933,0,17.0,76.0,55.0,1106.0,False,500
934,1,31.0,12.0,74.0,125.0,True,1
935,1,20.0,12.0,143.0,168.0,True,114
936,0,31.0,25.0,94.0,375.0,True,64
937,0,25.0,18.0,133.0,300.0,False,500
938,0,23.0,15.0,73.0,216.0,False,500
939,0,25.0,24.0,147.0,453.0,False,500
940,0,22.0,47.0,171.0,665.0,False,500
941,1,39.0,42.0,99.0,599.0,True,179
942,0,31.0,12.0,78.0,188.0,True,4
943,1,27.0,19.0,95.0,310.0,False,500
944,1,32.0,22.0,145.0,340.0,True,14
945,1,18.0,35.0,116.0,570.0,False,500
946,0,31.0,47.0,209.0,489.0,False,500
947,0,12.0,17.0,196.0,265.0,False,500
948,0,21.0,23.0,205.0,274.0,False,500
949,1,19.0,38.0,167.0,654.0,False,500
950,1,24.0,9.0,251.0,145.0,True,47
951,0,29.0,19.0,53.0,297.0,False,500
952,1,33.0,8.0,232.0,112.0,True,1
953,0,22.0,42.0,153.0,795.0,False,500
954,0,32.0,39.0,163.0,640.0,False,500
955,1,24.0,72.0,101.0,1299.0,False,500
956,1,38.0,34.0,128.0,417.0,True,10
957,0,23.0,40.0,109.0,478.0,False,500
958,1,19.0,30.0,102.0,465.0,False,500
959,1,19.0,48.0,196.0,525.0,False,500
960,0,18.0,32.0,98.0,415.0,False,500
961,0,18.0,35.0,189.0,608.0,False,500
962,0,29.0,83.0,68.0,1451.0,False,500
963,1,19.0,44.0,202.0,612.0,False,500
964,0,15.0,58.0,139.0,930.0,False,500
965,1,33.0,64.0,180.0,1207.0,False,500
966,1,24.0,31.0,176.0,377.0,False,500
967,1,31.0,31.0,132.0,483.0,True,20
968,0,23.0,38.0,106.0,596.0,False,500
969,0,22.0,21.0,103.0,324.0,False,500
970,0,23.0,22.0,134.0,271.0,False,500
971,0,28.0,47.0,195.0,691.0,False,500
972,0,29.0,4.0,103.0,60.0,True,2
973,1,18.0,10.0,241.0,159.0,True,222
974,0,17.0,20.0,237.0,316.0,False,500
975,0,24.0,14.0,84.0,205.0,True,90
976,0,16.0,39.0,163.0,576.0,False,500
977,0,32.0,26.0,121.0,407.0,True,9
978,0,17.0,39.0,93.0,612.0,False,500
979,1,22.0,24.0,126.0,411.0,False,500
980,0,18.0,15.0,93.0,227.0,False,500
981,0,19.0,15.0,175.0,261.0,False,500
982,0,18.0,56.0,36.0,1030.0,False,500
983,0,20.0,9.0,207.0,143.0,False,500
984,1,20.0,30.0,90.0,514.0,False,500
985,1,22.0,14.0,188.0,214.0,False,500
986,0,23.0,14.0,90.0,185.0,False,500
987,0,22.0,16.0,69.0,308.0,False,500
988,0,31.0,33.0,122.0,473.0,True,71
989,1,24.0,24.0,148.0,447.0,False,500
990,0,27.0,30.0,247.0,449.0,False,500
991,0,21.0,27.0,145.0,494.0,False,500
992,1,28.0,38.0,222.0,624.0,False,500
993,1,34.0,35.0,147.0,513.0,True,481
994,1,26.0,17.0,223.0,269.0,False,500
995,0,36.0,26.0,219.0,307.0,True,40
996,1,28.0,25.0,132.0,336.0,False,500
997,1,28.0,24.0,86.0,361.0,False,500
998,0,30.0,25.0,188.0,398.0,True,265
999,0,32.0,33.0,199.0,543.0,False,500
1000,0,22.0,11.0,169.0,172.0,False,500
1001,0,22.0,35.0,99.0,493.0,False,500
1002,0,23.0,10.0,84.0,160.0,True,193
1003,1,34.0,21.0,191.0,350.0,True,38
1004,0,21.0,18.0,147.0,237.0,False,500
1005,1,16.0,19.0,78.0,283.0,False,500
1006,0,16.0,30.0,91.0,498.0,False,500
1007,1,25.0,22.0,195.0,327.0,False,500
1008,1,20.0,24.0,158.0,281.0,False,500
1009,0,29.0,9.0,168.0,111.0,False,500
1010,0,14.0,43.0,106.0,752.0,False,500
1011,1,19.0,35.0,79.0,430.0,False,500
1012,0,22.0,35.0,147.0,421.0,False,500
1013,1,32.0,17.0,64.0,269.0,True,4
1014,1,29.0,50.0,225.0,749.0,False,500
1015,0,22.0,9.0,139.0,126.0,False,500
1016,0,19.0,15.0,128.0,210.0,False,500
1017,0,30.0,39.0,156.0,595.0,False,500
1018,1,21.0,39.0,177.0,387.0,False,500
1019,1,16.0,19.0,175.0,309.0,False,500
1020,0,26.0,38.0,154.0,514.0,False,500
1021,1,22.0,13.0,75.0,251.0,True,454
1022,1,21.0,9.0,111.0,151.0,True,57
1023,0,30.0,20.0,403.0,325.0,True,225
1024,0,21.0,26.0,70.0,453.0,False,500
1025,0,32.0,23.0,77.0,282.0,True,24
1026,0,23.0,45.0,74.0,755.0,False,500
1027,1,23.0,24.0,134.0,353.0,False,500
1028,1,26.0,18.0,133.0,287.0,False,500
1029,1,30.0,32.0,81.0,490.0,True,22
1030,0,12.0,37.0,360.0,605.0,False,500
1031,1,22.0,40.0,85.0,596.0,False,500
1032,0,34.0,27.0,79.0,421.0,True,91
1033,0,21.0,16.0,213.0,238.0,False,500
1034,0,20.0,38.0,208.0,557.0,False,500
1035,0,30.0,32.0,82.0,400.0,True,311
1036,1,29.0,59.0,229.0,932.0,False,500
1037,1,19.0,19.0,111.0,309.0,False,500
1038,1,25.0,21.0,131.0,377.0,False,500
1039,0,34.0,40.0,251.0,593.0,False,500
1040,1,24.0,45.0,140.0,603.0,False,500
1041,0,22.0,6.0,245.0,91.0,True,103
1042,0,20.0,34.0,95.0,701.0,False,500
1043,1,17.0,22.0,197.0,382.0,False,500
1044,0,15.0,52.0,161.0,767.0,False,500
1045,0,40.0,8.0,193.0,97.0,True,1
1046,0,20.0,30.0,141.0,450.0,False,500
1047,1,30.0,56.0,133.0,936.0,False,500
1048,1,15.0,39.0,49.0,389.0,False,500
1049,0,23.0,40.0,242.0,719.0,False,500
1050,0,17.0,13.0,110.0,235.0,False,500
1051,1,23.0,17.0,77.0,251.0,True,334
1052,0,26.0,22.0,84.0,284.0,False,500
1053,1,34.0,17.0,193.0,240.0,True,1
1054,1,14.0,41.0,91.0,580.0,False,500
1055,0,16.0,9.0,121.0,116.0,False,500
1056,0,20.0,17.0,175.0,254.0,False,500
1057,1,28.0,27.0,150.0,427.0,False,500
1058,0,37.0,37.0,211.0,491.0,False,500
1059,1,17.0,19.0,105.0,321.0,False,500
1060,1,19.0,71.0,226.0,1295.0,False,500
1061,0,24.0,30.0,96.0,588.0,False,500
1062,1,24.0,11.0,254.0,174.0,True,68
1063,1,31.0,47.0,215.0,551.0,True,125
1064,1,29.0,27.0,63.0,451.0,False,500
1065,1,18.0,3.0,135.0,45.0,True,1
1066,0,24.0,16.0,217.0,218.0,False,500
1067,0,20.0,41.0,111.0,764.0,False,500
1068,1,28.0,64.0,174.0,1007.0,False,500
1069,1,29.0,54.0,236.0,808.0,False,500
1070,1,29.0,20.0,119.0,302.0,False,500
1071,1,41.0,39.0,170.0,541.0,True,132
1072,1,18.0,53.0,151.0,715.0,False,500
1073,0,24.0,22.0,134.0,339.0,False,500
1074,0,42.0,10.0,241.0,158.0,True,3
1075,1,21.0,15.0,200.0,207.0,False,500
1076,1,20.0,61.0,186.0,713.0,False,500
1077,1,31.0,9.0,120.0,127.0,True,1
1078,1,23.0,17.0,91.0,257.0,False,500
1079,0,26.0,49.0,250.0,932.0,False,500
1080,0,24.0,29.0,90.0,401.0,False,500
1081,1,33.0,28.0,135.0,350.0,True,21
1082,1,20.0,24.0,212.0,281.0,False,500
1083,0,26.0,34.0,149.0,534.0,False,500
1084,0,20.0,39.0,202.0,488.0,False,500
1085,0,22.0,26.0,92.0,358.0,False,500
1086,0,20.0,63.0,132.0,829.0,False,500
1087,0,29.0,21.0,193.0,348.0,False,500
1088,0,25.0,17.0,159.0,307.0,False,500
1089,0,16.0,32.0,196.0,494.0,False,500
1090,0,23.0,10.0,68.0,157.0,False,500
1091,0,13.0,33.0,101.0,492.0,False,500
1092,0,31.0,54.0,184.0,883.0,False,500
1093,0,26.0,32.0,171.0,385.0,False,500
1094,0,20.0,30.0,105.0,460.0,False,500
1095,0,18.0,30.0,103.0,436.0,False,500
1096,0,22.0,62.0,75.0,1036.0,False,500
1097,1,26.0,17.0,83.0,220.0,True,190
1098,0,26.0,50.0,93.0,772.0,False,500
1099,0,26.0,48.0,114.0,840.0,False,500
1100,1,25.0,27.0,160.0,295.0,False,500
1101,0,25.0,35.0,83.0,437.0,False,500
1102,1,18.0,25.0,175.0,479.0,False,500
1103,0,26.0,32.0,165.0,433.0,False,500
1104,1,18.0,30.0,158.0,437.0,False,500
1105,1,22.0,17.0,155.0,278.0,False,500
1106,0,32.0,58.0,253.0,907.0,False,500
1107,0,15.0,16.0,67.0,244.0,False,500
1108,1,19.0,22.0,204.0,299.0,False,500
1109,0,16.0,19.0,207.0,275.0,False,500
1110,1,32.0,33.0,163.0,525.0,True,12
1111,1,18.0,46.0,49.0,725.0,False,500
1112,1,26.0,7.0,125.0,102.0,True,13
1113,1,25.0,67.0,210.0,1103.0,False,500
1114,0,23.0,38.0,84.0,572.0,False,500
1115,0,11.0,10.0,390.0,143.0,False,500
1116,1,27.0,13.0,197.0,173.0,False,500
1117,0,11.0,56.0,142.0,886.0,False,500
1118,1,20.0,16.0,215.0,277.0,False,500
1119,0,21.0,58.0,119.0,803.0,False,500
1120,0,25.0,62.0,115.0,993.0,False,500
1121,0,36.0,10.0,119.0,172.0,True,2
1122,1,22.0,49.0,206.0,668.0,False,500
1123,0,30.0,26.0,127.0,321.0,True,67
1124,1,20.0,22.0,138.0,375.0,False,500
1125,0,31.0,35.0,32.0,550.0,True,241
1126,1,30.0,19.0,155.0,249.0,True,18
1127,1,23.0,38.0,129.0,424.0,False,500
1128,0,27.0,18.0,154.0,250.0,False,500
1129,1,21.0,50.0,266.0,745.0,False,500
1130,1,17.0,24.0,76.0,348.0,False,500
1131,1,27.0,4.0,234.0,68.0,True,4
1132,0,26.0,59.0,233.0,972.0,False,500
1133,1,18.0,15.0,168.0,228.0,False,500
1134,1,24.0,47.0,134.0,722.0,False,500
1135,1,38.0,20.0,85.0,296.0,True,2
1136,0,21.0,11.0,81.0,138.0,True,108
1137,1,27.0,35.0,138.0,469.0,False,500
1138,0,21.0,6.0,69.0,92.0,True,36
1139,0,40.0,27.0,105.0,282.0,True,3
1140,0,23.0,27.0,241.0,491.0,False,500
1141,0,21.0,25.0,121.0,292.0,False,500
1142,0,23.0,47.0,100.0,675.0,False,500
1143,0,22.0,54.0,151.0,897.0,False,500
1144,1,26.0,18.0,115.0,268.0,False,500
1145,0,34.0,14.0,158.0,205.0,True,5
1146,0,35.0,13.0,130.0,175.0,True,2
1147,0,21.0,23.0,213.0,379.0,False,500
1148,0,19.0,22.0,104.0,334.0,False,500
1149,1,28.0,44.0,152.0,705.0,False,500
1150,0,16.0,27.0,165.0,408.0,False,500
1151,1,30.0,25.0,81.0,467.0,True,3
1152,0,22.0,20.0,179.0,298.0,False,500
1153,0,29.0,34.0,245.0,459.0,False,500
1154,1,36.0,43.0,128.0,680.0,False,500
1155,1,18.0,14.0,212.0,259.0,False,500
1156,1,16.0,16.0,53.0,294.0,False,500
1157,0,21.0,23.0,141.0,478.0,False,500
1158,1,33.0,11.0,138.0,162.0,True,2
1159,0,22.0,31.0,117.0,474.0,False,500
1160,1,20.0,50.0,136.0,738.0,False,500
1161,0,13.0,9.0,99.0,119.0,True,250
1162,1,20.0,40.0,147.0,783.0,False,500
1163,0,26.0,43.0,207.0,495.0,False,500
1164,0,27.0,15.0,169.0,221.0,False,500
1165,0,26.0,59.0,125.0,920.0,False,500
1166,0,33.0,23.0,113.0,363.0,True,12
1167,0,20.0,17.0,216.0,239.0,False,500
1168,1,16.0,11.0,60.0,188.0,True,32
1169,1,16.0,29.0,222.0,430.0,False,500
1170,1,21.0,20.0,155.0,286.0,False,500
1171,1,18.0,22.0,53.0,343.0,False,500
1172,0,23.0,27.0,290.0,431.0,False,500
1173,0,27.0,28.0,121.0,411.0,False,500
1174,0,19.0,87.0,129.0,1333.0,False,500
1175,0,18.0,20.0,336.0,414.0,False,500
1176,0,31.0,37.0,186.0,619.0,False,500
1177,1,28.0,9.0,146.0,149.0,True,208
1178,0,27.0,14.0,73.0,215.0,False,500
1179,0,35.0,52.0,119.0,790.0,False,500
1180,1,13.0,46.0,220.0,647.0,False,500
1181,0,16.0,22.0,72.0,288.0,False,500
1182,1,20.0,22.0,69.0,364.0,False,500
1183,0,24.0,23.0,175.0,352.0,False,500
1184,0,25.0,29.0,108.0,354.0,False,500
1185,1,26.0,19.0,69.0,283.0,False,500
1186,1,24.0,14.0,83.0,244.0,False,500
1187,1,28.0,29.0,134.0,391.0,False,500
1188,1,32.0,34.0,115.0,488.0,True,100
1189,1,19.0,10.0,66.0,167.0,True,47
1190,0,23.0,21.0,61.0,388.0,False,500
1191,1,29.0,22.0,159.0,356.0,False,500
1192,1,28.0,24.0,272.0,321.0,False,500
1193,0,37.0,39.0,164.0,642.0,False,500
1194,1,25.0,45.0,147.0,635.0,False,500
1195,0,33.0,19.0,104.0,248.0,True,11
1196,1,31.0,27.0,150.0,370.0,True,38
1197,0,20.0,29.0,163.0,473.0,False,500
1198,0,17.0,17.0,60.0,243.0,False,500
1199,0,34.0,3.0,150.0,42.0,True,1
1200,0,35.0,29.0,167.0,532.0,False,500
1201,0,44.0,13.0,290.0,185.0,True,2
1202,0,23.0,9.0,270.0,155.0,False,500
1203,0,20.0,63.0,147.0,1092.0,False,500
1204,0,19.0,39.0,193.0,399.0,False,500
1205,1,33.0,44.0,141.0,562.0,True,146
1206,0,28.0,29.0,158.0,435.0,False,500
1207,0,35.0,44.0,63.0,761.0,False,500
1208,0,23.0,52.0,177.0,834.0,False,500
1209,1,17.0,22.0,198.0,382.0,False,500
1210,0,22.0,92.0,139.0,1312.0,False,500
1211,1,23.0,16.0,220.0,264.0,False,500
1212,0,22.0,16.0,91.0,236.0,False,500
1213,0,25.0,61.0,196.0,1058.0,False,500
1214,0,31.0,22.0,106.0,344.0,True,211
1215,1,25.0,28.0,123.0,435.0,False,500
1216,0,18.0,27.0,209.0,396.0,False,500
1217,1,27.0,24.0,162.0,375.0,False,500
1218,1,40.0,33.0,182.0,410.0,True,3
1219,1,19.0,7.0,137.0,99.0,True,10
1220,0,13.0,24.0,180.0,285.0,False,500
1221,0,23.0,14.0,268.0,172.0,False,500
1222,0,16.0,26.0,111.0,381.0,False,500
1223,1,25.0,32.0,139.0,423.0,False,500
1224,0,31.0,25.0,99.0,407.0,True,170
1225,1,15.0,17.0,187.0,242.0,False,500
1226,1,30.0,41.0,200.0,616.0,False,500
1227,0,25.0,25.0,162.0,307.0,False,500
1228,0,27.0,16.0,143.0,288.0,False,500
1229,0,17.0,34.0,160.0,476.0,False,500
1230,0,19.0,23.0,115.0,436.0,False,500
1231,0,14.0,14.0,150.0,202.0,False,500
1232,1,20.0,26.0,97.0,292.0,False,500
1233,1,17.0,43.0,93.0,692.0,False,500
1234,1,30.0,28.0,128.0,397.0,True,6
1235,1,22.0,35.0,144.0,509.0,False,500
1236,1,20.0,21.0,63.0,367.0,False,500
1237,1,29.0,10.0,72.0,140.0,True,8
1238,0,17.0,22.0,302.0,247.0,False,500
1239,0,20.0,40.0,125.0,584.0,False,500
1240,0,17.0,35.0,126.0,542.0,False,500
1241,1,25.0,34.0,205.0,537.0,False,500
1242,0,11.0,79.0,57.0,1322.0,False,500
1243,1,25.0,52.0,182.0,712.0,False,500
1244,0,37.0,13.0,134.0,188.0,True,6
1245,1,24.0,41.0,69.0,733.0,False,500
1246,0,29.0,24.0,150.0,331.0,False,500
1247,0,25.0,40.0,77.0,770.0,False,500
1248,0,23.0,24.0,114.0,351.0,False,500
1249,0,30.0,25.0,326.0,264.0,True,179
1250,0,38.0,26.0,210.0,394.0,True,419
1251,1,35.0,34.0,212.0,380.0,True,34
1252,0,16.0,61.0,38.0,1099.0,False,500
1253,0,22.0,30.0,96.0,525.0,False,500
1254,1,34.0,31.0,88.0,457.0,True,51
1255,0,28.0,17.0,142.0,263.0,False,500
1256,1,22.0,7.0,265.0,113.0,True,14
1257,0,37.0,15.0,116.0,199.0,True,10
1258,0,19.0,45.0,52.0,737.0,False,500
1259,0,28.0,9.0,159.0,139.0,True,115
1260,0,15.0,22.0,162.0,278.0,False,500
1261,1,26.0,12.0,343.0,228.0,False,500
1262,1,24.0,11.0,53.0,209.0,False,500
1263,1,21.0,49.0,140.0,754.0,False,500
1264,1,17.0,9.0,143.0,109.0,True,2
1265,0,20.0,32.0,166.0,431.0,False,500
1266,1,35.0,34.0,202.0,570.0,False,500
1267,1,30.0,9.0,131.0,164.0,True,2
1268,1,24.0,16.0,148.0,277.0,False,500
1269,1,23.0,31.0,106.0,528.0,False,500
1270,1,19.0,5.0,100.0,74.0,True,1
1271,1,25.0,54.0,101.0,744.0,False,500
1272,1,28.0,23.0,204.0,340.0,False,500
1273,0,34.0,47.0,190.0,632.0,False,500
1274,1,21.0,33.0,214.0,482.0,False,500
1275,0,21.0,32.0,273.0,416.0,False,500
1276,1,23.0,38.0,44.0,533.0,False,500
1277,0,24.0,18.0,81.0,248.0,False,500
1278,1,25.0,46.0,94.0,527.0,False,500
1279,1,18.0,16.0,148.0,204.0,False,500
1280,0,11.0,19.0,139.0,229.0,False,500
1281,1,22.0,120.0,167.0,1534.0,False,500
1282,1,32.0,30.0,91.0,441.0,True,6
1283,1,29.0,12.0,115.0,191.0,True,409
1284,1,36.0,18.0,156.0,250.0,True,4
1285,1,17.0,24.0,128.0,374.0,False,500
1286,1,23.0,25.0,167.0,444.0,False,500
1287,1,29.0,31.0,143.0,386.0,False,500
1288,1,19.0,49.0,184.0,788.0,False,500
1289,0,27.0,22.0,118.0,279.0,False,500
1290,0,16.0,31.0,143.0,477.0,False,500
1291,0,28.0,17.0,163.0,223.0,False,500
1292,0,16.0,19.0,105.0,315.0,False,500
1293,1,21.0,46.0,273.0,735.0,False,500
1294,0,30.0,21.0,123.0,271.0,True,20
1295,1,27.0,23.0,243.0,351.0,False,500
1296,0,19.0,47.0,124.0,746.0,False,500
1297,0,25.0,28.0,145.0,385.0,False,500
1298,1,22.0,15.0,197.0,229.0,False,500
1299,0,28.0,41.0,190.0,618.0,False,500
1300,1,25.0,15.0,131.0,195.0,False,500
1301,1,26.0,67.0,58.0,913.0,False,500
1302,1,26.0,24.0,165.0,379.0,False,500
1303,1,28.0,13.0,121.0,193.0,True,161
1304,0,24.0,57.0,98.0,804.0,False,500
1305,1,20.0,53.0,118.0,913.0,False,500
1306,1,18.0,27.0,274.0,391.0,False,500
1307,1,13.0,14.0,113.0,190.0,False,500
1308,1,23.0,23.0,154.0,423.0,False,500
1309,1,26.0,16.0,72.0,272.0,False,500
1310,1,15.0,10.0,81.0,132.0,True,20
1311,0,29.0,32.0,233.0,575.0,False,500
1312,1,21.0,37.0,91.0,531.0,False,500
1313,0,26.0,15.0,309.0,206.0,False,500
1314,1,18.0,34.0,162.0,473.0,False,500
1315,0,29.0,40.0,87.0,693.0,False,500
1316,0,19.0,50.0,137.0,665.0,False,500
1317,0,15.0,37.0,271.0,516.0,False,500
1318,1,31.0,31.0,113.0,562.0,True,132
1319,1,23.0,15.0,135.0,194.0,False,500
1320,0,25.0,37.0,151.0,538.0,False,500
1321,1,22.0,15.0,123.0,217.0,False,500
1322,0,24.0,43.0,186.0,717.0,False,500
1323,0,22.0,21.0,28.0,262.0,False,500
1324,0,33.0,8.0,72.0,116.0,True,1
1325,0,24.0,80.0,124.0,1046.0,False,500
1326,0,25.0,55.0,83.0,979.0,False,500
1327,0,15.0,80.0,109.0,1017.0,False,500
1328,1,28.0,51.0,119.0,826.0,False,500
1329,0,21.0,9.0,116.0,179.0,False,500
1330,0,29.0,44.0,108.0,576.0,False,500
1331,1,30.0,12.0,28.0,193.0,True,1
1332,0,24.0,31.0,108.0,517.0,False,500
1333,0,33.0,17.0,97.0,252.0,True,1
1334,0,24.0,12.0,64.0,185.0,True,497
1335,1,10.0,51.0,142.0,731.0,False,500
1336,1,24.0,11.0,88.0,144.0,True,139
1337,0,25.0,30.0,109.0,366.0,False,500
1338,1,26.0,31.0,188.0,476.0,False,500
1339,1,20.0,35.0,165.0,475.0,False,500
1340,1,32.0,15.0,118.0,170.0,True,5
1341,1,16.0,25.0,136.0,321.0,False,500
1342,0,25.0,31.0,128.0,440.0,False,500
1343,0,18.0,37.0,130.0,533.0,False,500
1344,0,24.0,25.0,174.0,383.0,False,500
1345,0,22.0,22.0,141.0,344.0,False,500
1346,0,18.0,31.0,131.0,637.0,False,500
1347,0,13.0,13.0,175.0,229.0,False,500
1348,0,26.0,62.0,179.0,1080.0,False,500
1349,1,22.0,11.0,133.0,143.0,True,26
1350,0,33.0,69.0,109.0,1221.0,False,500
1351,1,28.0,54.0,173.0,826.0,False,500
1352,0,23.0,43.0,97.0,743.0,False,500
1353,1,31.0,44.0,153.0,726.0,False,500
1354,1,28.0,32.0,98.0,440.0,False,500
1355,1,21.0,63.0,274.0,655.0,False,500
1356,1,37.0,20.0,154.0,338.0,True,3
1357,1,21.0,35.0,83.0,468.0,False,500
1358,1,21.0,42.0,115.0,571.0,False,500
1359,1,14.0,12.0,363.0,144.0,False,500
1360,1,23.0,29.0,67.0,417.0,False,500
1361,1,25.0,14.0,60.0,258.0,False,500
1362,0,18.0,47.0,181.0,742.0,False,500
1363,1,29.0,18.0,290.0,190.0,False,500
1364,0,24.0,84.0,212.0,1057.0,False,500
1365,0,19.0,10.0,84.0,206.0,False,500
1366,0,32.0,24.0,134.0,236.0,True,22
1367,1,15.0,25.0,238.0,326.0,False,500
1368,1,18.0,20.0,281.0,374.0,False,500
1369,0,26.0,6.0,99.0,101.0,True,50
1370,0,19.0,33.0,129.0,504.0,False,500
1371,1,17.0,21.0,102.0,295.0,False,500
1372,0,29.0,32.0,166.0,469.0,False,500
1373,1,17.0,36.0,145.0,479.0,False,500
1374,1,44.0,13.0,59.0,209.0,True,1
1375,0,26.0,11.0,190.0,139.0,False,500
1376,0,29.0,24.0,123.0,334.0,False,500
1377,0,16.0,30.0,28.0,513.0,False,500
1378,0,29.0,13.0,116.0,199.0,False,500
1379,1,28.0,20.0,172.0,322.0,False,500
1380,0,31.0,23.0,56.0,386.0,True,33
1381,0,40.0,42.0,85.0,679.0,True,211
1382,0,23.0,10.0,76.0,125.0,True,223
1383,0,18.0,38.0,125.0,692.0,False,500
1384,1,18.0,2.0,52.0,29.0,True,1
1385,1,21.0,46.0,189.0,634.0,False,500
1386,1,22.0,38.0,85.0,704.0,False,500
1387,1,40.0,8.0,83.0,120.0,True,1
1388,0,18.0,48.0,212.0,802.0,False,500
1389,0,19.0,31.0,84.0,450.0,False,500
1390,0,22.0,49.0,140.0,781.0,False,500
1391,0,31.0,18.0,71.0,301.0,True,3
1392,1,19.0,8.0,221.0,138.0,True,34
1393,1,18.0,54.0,117.0,786.0,False,500
1394,0,18.0,3.0,163.0,35.0,True,1
1395,0,26.0,13.0,114.0,215.0,False,500
1396,0,21.0,12.0,164.0,185.0,False,500
1397,0,25.0,29.0,64.0,386.0,False,500
1398,0,26.0,25.0,308.0,386.0,False,500
1399,0,32.0,19.0,197.0,254.0,True,17
1400,0,13.0,57.0,289.0,817.0,False,500
1401,1,30.0,8.0,108.0,93.0,True,1
1402,1,22.0,44.0,150.0,582.0,False,500
1403,0,16.0,56.0,223.0,1111.0,False,500
1404,1,19.0,46.0,284.0,650.0,False,500
1405,0,17.0,31.0,109.0,517.0,False,500
1406,1,26.0,22.0,116.0,347.0,False,500
1407,1,21.0,16.0,176.0,262.0,False,500
1408,1,17.0,91.0,92.0,1395.0,False,500
1409,0,19.0,8.0,223.0,106.0,False,500
1410,0,13.0,19.0,97.0,277.0,False,500
1411,1,21.0,34.0,175.0,547.0,False,500
1412,0,27.0,26.0,218.0,357.0,False,500
1413,1,24.0,17.0,45.0,207.0,True,25
1414,0,19.0,17.0,170.0,245.0,False,500
1415,0,21.0,30.0,152.0,562.0,False,500
1416,1,25.0,31.0,159.0,416.0,False,500
1417,0,24.0,33.0,197.0,379.0,False,500
1418,1,22.0,17.0,145.0,284.0,False,500
1419,1,28.0,55.0,117.0,796.0,False,500
1420,1,26.0,34.0,102.0,477.0,False,500
1421,0,29.0,57.0,173.0,745.0,False,500
1422,0,20.0,17.0,163.0,276.0,False,500
1423,0,29.0,90.0,106.0,1309.0,False,500
1424,1,20.0,10.0,56.0,178.0,True,85
1425,1,29.0,32.0,164.0,357.0,False,500
1426,0,25.0,51.0,95.0,766.0,False,500
1427,1,20.0,4.0,241.0,58.0,True,8
1428,0,21.0,39.0,55.0,603.0,False,500
1429,0,21.0,59.0,148.0,729.0,False,500
1430,1,28.0,42.0,255.0,596.0,False,500
1431,1,21.0,44.0,99.0,684.0,False,500
1432,1,28.0,49.0,108.0,933.0,False,500
1433,0,26.0,28.0,149.0,335.0,False,500
1434,1,34.0,21.0,95.0,393.0,True,7
1435,0,25.0,63.0,102.0,980.0,False,500
1436,0,15.0,10.0,74.0,156.0,False,500
1437,0,24.0,11.0,137.0,177.0,False,500
1438,1,15.0,33.0,96.0,502.0,False,500
1439,0,28.0,7.0,176.0,110.0,True,353
1440,0,29.0,44.0,51.0,511.0,False,500
1441,1,26.0,68.0,344.0,893.0,False,500
1442,1,42.0,53.0,191.0,711.0,True,423
1443,0,16.0,38.0,221.0,673.0,False,500
1444,1,29.0,21.0,154.0,243.0,False,500
1445,0,18.0,12.0,124.0,161.0,False,500
1446,0,18.0,41.0,203.0,654.0,False,500
1447,1,24.0,20.0,114.0,276.0,False,500
1448,0,18.0,14.0,351.0,193.0,False,500
1449,1,19.0,5.0,333.0,56.0,True,2
1450,0,20.0,29.0,111.0,375.0,False,500
1451,1,22.0,28.0,116.0,397.0,False,500
1452,0,17.0,7.0,401.0,108.0,True,330
1453,1,18.0,54.0,106.0,761.0,False,500
1454,0,19.0,12.0,189.0,192.0,False,500
1455,1,14.0,22.0,174.0,294.0,False,500
1456,1,22.0,28.0,69.0,430.0,False,500
1457,1,31.0,38.0,93.0,507.0,True,216
1458,0,32.0,11.0,179.0,167.0,True,7
1459,0,25.0,13.0,106.0,214.0,False,500
1460,0,23.0,36.0,220.0,531.0,False,500
1461,0,28.0,17.0,41.0,273.0,False,500
1462,0,19.0,3.0,78.0,44.0,True,1
1463,1,26.0,25.0,85.0,412.0,False,500
1464,0,16.0,20.0,106.0,269.0,False,500
1465,1,27.0,62.0,113.0,935.0,False,500
1466,0,19.0,38.0,181.0,617.0,False,500
1467,1,24.0,68.0,421.0,977.0,False,500
1468,0,24.0,71.0,118.0,881.0,False,500
1469,1,25.0,34.0,128.0,487.0,False,500
1470,0,24.0,20.0,166.0,312.0,False,500
1471,1,34.0,36.0,156.0,632.0,False,500
1472,0,35.0,11.0,148.0,155.0,True,5
1473,0,18.0,56.0,97.0,795.0,False,500
1474,0,22.0,24.0,111.0,468.0,False,500
1475,0,18.0,34.0,163.0,524.0,False,500
1476,0,18.0,67.0,95.0,1015.0,False,500
1477,1,23.0,21.0,267.0,306.0,False,500
1478,0,24.0,36.0,155.0,496.0,False,500
1479,0,15.0,14.0,140.0,225.0,False,500
1480,1,21.0,9.0,155.0,146.0,True,131
1481,1,20.0,34.0,194.0,444.0,False,500
1482,0,27.0,36.0,105.0,669.0,False,500
1483,0,34.0,40.0,148.0,507.0,False,500
1484,1,26.0,21.0,256.0,285.0,False,500
1485,0,25.0,61.0,257.0,973.0,False,500
1486,1,29.0,33.0,162.0,463.0,False,500
1487,0,26.0,13.0,125.0,158.0,False,500
1488,1,33.0,34.0,99.0,559.0,True,235
1489,1,28.0,47.0,174.0,752.0,False,500
1490,0,24.0,50.0,91.0,782.0,False,500
1491,1,24.0,16.0,173.0,232.0,False,500
1492,1,17.0,22.0,93.0,361.0,False,500
1493,0,26.0,17.0,123.0,244.0,False,500
1494,1,19.0,37.0,210.0,580.0,False,500
1495,0,22.0,25.0,119.0,292.0,False,500
1496,0,25.0,61.0,48.0,1030.0,False,500
1497,1,38.0,12.0,145.0,171.0,True,1
1498,0,32.0,61.0,158.0,841.0,False,500
1499,0,15.0,24.0,269.0,467.0,False,500
1500,0,24.0,51.0,80.0,832.0,False,500
1501,0,36.0,19.0,62.0,281.0,True,1
1502,0,19.0,16.0,76.0,177.0,False,500
1503,1,17.0,44.0,67.0,747.0,False,500
1504,0,27.0,41.0,178.0,746.0,False,500
1505,1,23.0,19.0,68.0,309.0,False,500
1506,1,17.0,4.0,184.0,71.0,True,1
1507,0,26.0,38.0,181.0,523.0,False,500
1508,1,13.0,25.0,87.0,331.0,False,500
1509,0,20.0,58.0,145.0,775.0,False,500
1510,0,18.0,22.0,80.0,296.0,False,500
1511,0,19.0,31.0,87.0,418.0,False,500
1512,1,25.0,28.0,164.0,456.0,False,500
1513,0,23.0,15.0,104.0,191.0,False,500
1514,0,18.0,16.0,139.0,257.0,False,500
1515,1,23.0,11.0,209.0,148.0,True,21
1516,0,17.0,7.0,212.0,91.0,True,215
1517,0,46.0,9.0,191.0,119.0,True,1
1518,0,17.0,35.0,204.0,550.0,False,500
1519,0,18.0,50.0,267.0,677.0,False,500
1520,1,29.0,36.0,68.0,535.0,False,500
1521,1,22.0,43.0,197.0,620.0,False,500
1522,1,23.0,19.0,145.0,303.0,False,500
1523,0,18.0,26.0,147.0,335.0,False,500
1524,0,22.0,45.0,129.0,626.0,False,500
1525,1,32.0,51.0,228.0,721.0,False,500
1526,1,33.0,20.0,108.0,294.0,True,1
1527,1,39.0,29.0,87.0,471.0,True,1
1528,1,19.0,21.0,123.0,263.0,False,500
1529,0,29.0,21.0,60.0,349.0,False,500
1530,0,16.0,33.0,205.0,475.0,False,500
1531,1,21.0,30.0,369.0,341.0,False,500
1532,1,37.0,10.0,104.0,133.0,True,1
1533,1,34.0,19.0,164.0,260.0,True,4
1534,0,16.0,27.0,132.0,415.0,False,500
1535,1,15.0,22.0,118.0,353.0,False,500
1536,1,21.0,35.0,348.0,609.0,False,500
1537,1,18.0,23.0,204.0,401.0,False,500
1538,1,34.0,38.0,250.0,658.0,True,458
1539,1,33.0,40.0,211.0,663.0,True,107
1540,1,37.0,67.0,127.0,1114.0,False,500
1541,1,12.0,18.0,179.0,296.0,False,500
1542,1,26.0,8.0,259.0,101.0,True,17
1543,0,24.0,21.0,158.0,365.0,False,500
1544,0,13.0,37.0,134.0,398.0,False,500
1545,0,22.0,88.0,147.0,1440.0,False,500
1546,1,24.0,28.0,251.0,464.0,False,500
1547,0,32.0,18.0,76.0,280.0,True,26
1548,1,32.0,25.0,153.0,422.0,True,7
1549,0,22.0,30.0,353.0,472.0,False,500
1550,1,23.0,57.0,109.0,880.0,False,500
1551,0,18.0,41.0,209.0,575.0,False,500
1552,0,24.0,36.0,108.0,592.0,False,500
1553,1,21.0,45.0,75.0,583.0,False,500
1554,1,19.0,47.0,225.0,734.0,False,500
1555,0,39.0,19.0,159.0,273.0,True,9
1556,1,18.0,9.0,233.0,109.0,True,53
1557,1,28.0,4.0,227.0,69.0,True,4
1558,1,35.0,41.0,73.0,817.0,True,326
1559,0,15.0,49.0,145.0,673.0,False,500
1560,0,13.0,6.0,191.0,124.0,False,500
1561,0,36.0,38.0,104.0,596.0,True,40
1562,0,33.0,52.0,91.0,670.0,False,500
1563,1,19.0,18.0,165.0,245.0,False,500
1564,0,14.0,63.0,174.0,906.0,False,500
1565,1,25.0,59.0,66.0,1044.0,False,500
1566,1,35.0,27.0,137.0,360.0,True,15
1567,1,27.0,41.0,250.0,601.0,False,500
1568,1,35.0,36.0,107.0,466.0,True,47
1569,0,21.0,54.0,146.0,796.0,False,500
1570,1,23.0,72.0,120.0,984.0,False,500
1571,0,33.0,26.0,212.0,355.0,True,23
1572,0,30.0,23.0,147.0,403.0,True,222
1573,0,18.0,19.0,91.0,330.0,False,500
1574,0,20.0,33.0,137.0,502.0,False,500
1575,0,14.0,13.0,128.0,205.0,False,500
1576,1,20.0,8.0,216.0,131.0,True,4
1577,0,20.0,26.0,141.0,483.0,False,500
1578,1,13.0,43.0,27.0,707.0,False,500
1579,0,24.0,39.0,195.0,602.0,False,500
1580,0,22.0,38.0,131.0,530.0,False,500
1581,0,25.0,42.0,152.0,596.0,False,500
1582,0,29.0,54.0,164.0,689.0,False,500
1583,0,30.0,47.0,206.0,903.0,False,500
1584,1,25.0,26.0,132.0,351.0,False,500
1585,1,38.0,72.0,110.0,1274.0,False,500
1586,0,30.0,28.0,99.0,384.0,True,255
1587,1,15.0,26.0,56.0,417.0,False,500
1588,1,34.0,45.0,200.0,747.0,True,288
1589,0,32.0,18.0,97.0,300.0,True,21
1590,1,22.0,19.0,96.0,287.0,False,500
1591,0,31.0,9.0,72.0,143.0,True,3
1592,0,32.0,14.0,109.0,239.0,True,1
1593,1,19.0,8.0,75.0,105.0,True,1
1594,1,23.0,35.0,113.0,520.0,False,500
1595,0,26.0,22.0,122.0,409.0,False,500
1596,1,22.0,22.0,223.0,303.0,False,500
1597,0,27.0,29.0,225.0,417.0,False,500
1598,0,20.0,17.0,183.0,282.0,False,500
1599,1,33.0,22.0,273.0,280.0,True,36
1600,0,17.0,28.0,169.0,454.0,False,500
1601,0,27.0,44.0,91.0,647.0,False,500
1602,1,12.0,26.0,109.0,357.0,False,500
1603,0,21.0,56.0,91.0,943.0,False,500
1604,1,26.0,13.0,246.0,209.0,False,500
1605,0,30.0,12.0,108.0,149.0,True,1
1606,0,21.0,21.0,70.0,315.0,False,500
1607,0,19.0,47.0,68.0,723.0,False,500
1608,0,29.0,23.0,93.0,370.0,False,500
1609,1,19.0,10.0,208.0,169.0,True,225
1610,0,22.0,42.0,85.0,568.0,False,500
1611,0,25.0,19.0,56.0,213.0,False,500
1612,1,19.0,46.0,115.0,753.0,False,500
1613,1,27.0,29.0,53.0,365.0,False,500
1614,0,26.0,14.0,42.0,211.0,False,500
1615,0,23.0,7.0,117.0,125.0,False,500
1616,1,19.0,14.0,137.0,235.0,False,500
1617,1,36.0,10.0,112.0,164.0,True,2
1618,1,20.0,17.0,172.0,261.0,False,500
1619,0,22.0,21.0,137.0,354.0,False,500
1620,1,21.0,23.0,189.0,416.0,False,500
1621,1,21.0,46.0,57.0,865.0,False,500
1622,1,22.0,31.0,127.0,492.0,False,500
1623,1,21.0,5.0,389.0,82.0,True,20
1624,0,28.0,73.0,379.0,1216.0,False,500
1625,0,22.0,20.0,158.0,263.0,False,500
1626,1,26.0,24.0,172.0,330.0,False,500
1627,0,30.0,32.0,170.0,538.0,True,16
1628,1,30.0,35.0,375.0,589.0,True,141
1629,0,27.0,7.0,57.0,111.0,True,104
1630,1,24.0,22.0,165.0,376.0,False,500
1631,0,22.0,30.0,105.0,410.0,False,500
1632,0,20.0,25.0,139.0,335.0,False,500
1633,0,29.0,46.0,216.0,767.0,False,500
1634,0,16.0,17.0,38.0,197.0,False,500
1635,0,17.0,37.0,83.0,477.0,False,500
1636,1,24.0,13.0,125.0,164.0,False,500
1637,1,26.0,52.0,161.0,566.0,False,500
1638,1,30.0,26.0,228.0,278.0,True,2
1639,0,16.0,12.0,105.0,186.0,False,500
1640,0,17.0,34.0,157.0,494.0,False,500
1641,1,21.0,10.0,136.0,133.0,True,16
1642,0,20.0,12.0,131.0,160.0,False,500
1643,0,20.0,15.0,180.0,247.0,False,500
1644,1,28.0,5.0,128.0,59.0,True,2
1645,1,26.0,37.0,87.0,585.0,False,500
1646,1,20.0,23.0,101.0,324.0,False,500
1647,1,39.0,15.0,37.0,221.0,True,3
1648,1,31.0,39.0,124.0,585.0,True,205
1649,1,22.0,29.0,273.0,356.0,False,500
1650,1,44.0,39.0,109.0,535.0,True,2
1651,0,20.0,18.0,128.0,270.0,False,500
1652,1,21.0,24.0,267.0,348.0,False,500
1653,0,43.0,36.0,126.0,583.0,True,12
1654,1,14.0,15.0,133.0,208.0,False,500
1655,1,16.0,25.0,83.0,347.0,False,500
1656,0,17.0,44.0,272.0,580.0,False,500
1657,1,14.0,92.0,90.0,1267.0,False,500
1658,0,30.0,93.0,183.0,1242.0,False,500
1659,0,26.0,54.0,89.0,784.0,False,500
1660,0,26.0,45.0,192.0,727.0,False,500
1661,1,22.0,53.0,67.0,787.0,False,500
1662,0,16.0,14.0,119.0,232.0,False,500
1663,1,10.0,32.0,151.0,497.0,False,500
1664,1,21.0,14.0,217.0,160.0,True,350
1665,0,28.0,42.0,224.0,658.0,False,500
1666,0,30.0,31.0,133.0,464.0,False,500
1667,1,20.0,19.0,275.0,310.0,False,500
1668,0,22.0,42.0,326.0,726.0,False,500
1669,0,17.0,29.0,91.0,454.0,False,500
1670,1,21.0,32.0,237.0,405.0,False,500
1671,0,25.0,57.0,113.0,1000.0,False,500
1672,1,22.0,40.0,129.0,537.0,False,500
1673,0,23.0,24.0,197.0,309.0,False,500
1674,1,32.0,18.0,108.0,255.0,True,4
1675,1,27.0,48.0,178.0,387.0,False,500
1676,1,29.0,32.0,131.0,614.0,False,500
1677,1,24.0,18.0,44.0,275.0,False,500
1678,1,22.0,28.0,47.0,490.0,False,500
1679,1,24.0,45.0,222.0,728.0,False,500
1680,1,24.0,18.0,241.0,286.0,False,500
1681,0,20.0,31.0,116.0,425.0,False,500
1682,0,18.0,11.0,299.0,170.0,False,500
1683,1,18.0,6.0,180.0,86.0,True,2
1684,1,31.0,16.0,194.0,239.0,True,1
1685,1,18.0,26.0,153.0,354.0,False,500
1686,1,14.0,18.0,248.0,268.0,False,500
1687,0,26.0,61.0,160.0,1050.0,False,500
1688,0,30.0,43.0,118.0,700.0,False,500
1689,0,18.0,40.0,126.0,528.0,False,500
1690,0,22.0,23.0,157.0,312.0,False,500
1691,0,34.0,39.0,170.0,569.0,True,153
1692,1,31.0,12.0,115.0,189.0,True,2
1693,0,18.0,8.0,193.0,144.0,False,500
1694,1,36.0,33.0,218.0,522.0,True,194
1695,1,29.0,30.0,195.0,546.0,False,500
1696,1,45.0,20.0,89.0,274.0,True,1
1697,0,31.0,46.0,97.0,847.0,False,500
1698,0,25.0,7.0,262.0,94.0,True,147
1699,1,21.0,15.0,240.0,216.0,True,274
1700,1,15.0,39.0,49.0,676.0,False,500
1701,1,26.0,10.0,268.0,159.0,True,145
1702,0,20.0,48.0,211.0,551.0,False,500
1703,0,28.0,18.0,250.0,269.0,False,500
1704,1,17.0,64.0,58.0,1161.0,False,500
1705,1,25.0,70.0,103.0,863.0,False,500
1706,1,29.0,26.0,119.0,346.0,False,500
1707,1,24.0,22.0,48.0,335.0,False,500
1708,1,15.0,35.0,181.0,452.0,False,500
1709,1,19.0,13.0,257.0,244.0,False,500
1710,0,16.0,17.0,105.0,262.0,False,500
1711,1,22.0,3.0,102.0,53.0,True,1
1712,0,28.0,13.0,177.0,209.0,False,500
1713,0,26.0,9.0,168.0,167.0,False,500
1714,0,28.0,11.0,181.0,153.0,False,500
1715,0,12.0,10.0,194.0,145.0,False,500
1716,1,34.0,23.0,164.0,307.0,True,3
1717,0,23.0,36.0,215.0,531.0,False,500
1718,0,26.0,20.0,136.0,316.0,False,500
1719,0,20.0,13.0,172.0,188.0,False,500
1720,0,22.0,7.0,142.0,116.0,True,1
1721,1,30.0,44.0,145.0,570.0,True,68
1722,1,15.0,8.0,190.0,114.0,True,9
1723,1,24.0,49.0,271.0,524.0,False,500
1724,0,23.0,54.0,66.0,851.0,False,500
1725,0,20.0,18.0,220.0,253.0,False,500
1726,0,20.0,20.0,116.0,245.0,False,500
1727,1,25.0,11.0,95.0,191.0,True,190
1728,0,28.0,7.0,103.0,94.0,True,91
1729,0,21.0,59.0,97.0,1053.0,False,500
1730,0,12.0,51.0,182.0,736.0,False,500
1731,0,24.0,22.0,185.0,372.0,False,500
1732,0,15.0,12.0,98.0,187.0,False,500
1733,0,8.0,84.0,197.0,1255.0,False,500
1734,1,20.0,28.0,192.0,474.0,False,500
1735,0,26.0,4.0,89.0,70.0,True,18
1736,1,28.0,90.0,304.0,1314.0,False,500
1737,0,21.0,27.0,124.0,444.0,False,500
1738,0,25.0,16.0,188.0,248.0,False,500
1739,1,20.0,83.0,229.0,1130.0,False,500
1740,0,23.0,33.0,43.0,481.0,False,500
1741,0,23.0,9.0,284.0,140.0,False,500
1742,1,26.0,55.0,77.0,989.0,False,500
1743,0,17.0,51.0,89.0,800.0,False,500
1744,1,21.0,30.0,93.0,548.0,False,500
1745,0,21.0,42.0,178.0,711.0,False,500
1746,1,24.0,22.0,213.0,286.0,False,500
1747,0,37.0,41.0,228.0,578.0,False,500
1748,1,31.0,15.0,174.0,239.0,True,2
1749,0,25.0,14.0,132.0,197.0,False,500
1750,0,22.0,6.0,229.0,94.0,True,88
1751,1,15.0,13.0,57.0,213.0,True,103
1752,1,22.0,55.0,170.0,806.0,False,500
1753,1,28.0,10.0,147.0,179.0,False,500
1754,0,15.0,17.0,160.0,247.0,False,500
1755,1,24.0,17.0,96.0,280.0,False,500
1756,1,20.0,22.0,178.0,346.0,False,500
1757,0,21.0,68.0,150.0,1035.0,False,500
1758,1,25.0,43.0,161.0,826.0,False,500
1759,0,21.0,51.0,31.0,601.0,False,500
1760,1,30.0,34.0,89.0,396.0,True,5
1761,0,22.0,10.0,400.0,138.0,False,500
1762,0,27.0,18.0,204.0,303.0,False,500
1763,1,21.0,29.0,40.0,435.0,False,500
1764,0,25.0,39.0,123.0,625.0,False,500
1765,1,28.0,37.0,164.0,468.0,False,500
1766,1,29.0,40.0,253.0,671.0,False,500
1767,0,32.0,22.0,337.0,310.0,True,127
1768,1,31.0,24.0,196.0,364.0,True,12
1769,0,42.0,48.0,138.0,668.0,True,167
1770,1,30.0,43.0,208.0,765.0,True,129
1771,0,19.0,12.0,112.0,166.0,False,500
1772,0,19.0,13.0,156.0,171.0,False,500
1773,1,27.0,63.0,99.0,939.0,False,500
1774,1,29.0,15.0,180.0,224.0,False,500
1775,1,21.0,24.0,165.0,356.0,False,500
1776,1,34.0,8.0,163.0,130.0,True,2
1777,1,17.0,26.0,76.0,417.0,False,500
1778,1,37.0,34.0,179.0,490.0,True,152
1779,0,25.0,35.0,67.0,536.0,False,500
1780,0,25.0,12.0,188.0,140.0,False,500
1781,0,19.0,46.0,167.0,668.0,False,500
1782,1,15.0,27.0,291.0,412.0,False,500
1783,1,27.0,59.0,132.0,813.0,False,500
1784,1,21.0,56.0,196.0,762.0,False,500
1785,0,23.0,23.0,205.0,380.0,False,500
1786,1,18.0,5.0,180.0,61.0,True,1
1787,0,17.0,26.0,141.0,489.0,False,500
1788,1,17.0,37.0,61.0,550.0,False,500
1789,0,34.0,53.0,342.0,770.0,False,500
1790,1,22.0,5.0,75.0,81.0,True,1
1791,0,27.0,48.0,189.0,888.0,False,500
1792,0,26.0,35.0,192.0,569.0,False,500
1793,1,22.0,25.0,137.0,378.0,False,500
1794,0,44.0,25.0,89.0,458.0,True,10
1795,1,28.0,27.0,237.0,364.0,False,500
1796,0,20.0,17.0,127.0,241.0,False,500
1797,1,23.0,51.0,137.0,740.0,False,500
1798,0,35.0,7.0,119.0,101.0,True,1
1799,0,28.0,42.0,239.0,539.0,False,500
1800,1,25.0,33.0,215.0,510.0,False,500
1801,1,24.0,11.0,117.0,165.0,True,130
1802,1,22.0,25.0,123.0,413.0,False,500
1803,0,30.0,29.0,88.0,409.0,True,33
1804,1,17.0,24.0,153.0,300.0,False,500
1805,0,30.0,40.0,89.0,531.0,False,500
1806,0,16.0,52.0,235.0,793.0,False,500
1807,0,31.0,30.0,206.0,432.0,False,500
1808,1,18.0,29.0,288.0,336.0,False,500
1809,0,13.0,12.0,107.0,173.0,False,500
1810,1,27.0,58.0,42.0,771.0,False,500
1811,1,24.0,38.0,133.0,609.0,False,500
1812,0,35.0,21.0,105.0,278.0,True,17
1813,1,18.0,21.0,162.0,285.0,False,500
1814,1,20.0,61.0,282.0,1040.0,False,500
1815,0,31.0,17.0,78.0,245.0,True,3
1816,0,31.0,28.0,103.0,402.0,True,23
1817,1,24.0,24.0,129.0,336.0,False,500
1818,1,18.0,21.0,167.0,273.0,False,500
1819,0,21.0,11.0,125.0,186.0,False,500
1820,1,24.0,29.0,166.0,438.0,False,500
1821,0,26.0,60.0,320.0,835.0,False,500
1822,1,28.0,19.0,95.0,332.0,False,500
1823,1,20.0,58.0,140.0,997.0,False,500
1824,1,28.0,35.0,137.0,469.0,False,500
1825,1,22.0,19.0,293.0,229.0,True,286
1826,0,22.0,22.0,206.0,277.0,False,500
1827,0,24.0,26.0,166.0,426.0,False,500
1828,1,27.0,48.0,90.0,750.0,False,500
1829,0,25.0,16.0,285.0,181.0,False,500
1830,0,24.0,16.0,76.0,294.0,False,500
1831,1,33.0,10.0,116.0,159.0,True,1
1832,0,26.0,23.0,184.0,383.0,False,500
1833,0,20.0,37.0,191.0,458.0,False,500
1834,0,20.0,12.0,183.0,167.0,False,500
1835,1,30.0,18.0,104.0,285.0,True,2
1836,0,18.0,12.0,134.0,166.0,False,500
1837,0,24.0,20.0,160.0,361.0,False,500
1838,0,19.0,14.0,198.0,181.0,False,500
1839,1,19.0,28.0,103.0,331.0,False,500
1840,0,27.0,26.0,224.0,353.0,False,500
1841,0,27.0,39.0,126.0,541.0,False,500
1842,0,25.0,10.0,174.0,162.0,False,500
1843,0,29.0,26.0,94.0,338.0,False,500
1844,1,15.0,57.0,228.0,884.0,False,500
1845,1,17.0,43.0,65.0,582.0,False,500
1846,0,26.0,24.0,148.0,352.0,False,500
1847,0,13.0,24.0,128.0,420.0,False,500
1848,0,11.0,21.0,87.0,352.0,False,500
1849,0,21.0,36.0,47.0,596.0,False,500
1850,1,25.0,33.0,248.0,534.0,False,500
1851,1,25.0,15.0,285.0,245.0,False,500
1852,1,15.0,50.0,161.0,677.0,False,500
1853,0,20.0,40.0,183.0,616.0,False,500
1854,1,20.0,26.0,58.0,499.0,False,500
1855,1,21.0,26.0,77.0,373.0,False,500
1856,1,24.0,10.0,272.0,150.0,False,500
1857,1,38.0,29.0,239.0,450.0,True,73
1858,1,18.0,13.0,115.0,150.0,True,165
1859,1,26.0,7.0,412.0,90.0,True,60
1860,1,19.0,50.0,185.0,885.0,False,500
1861,1,23.0,34.0,54.0,531.0,False,500
1862,0,25.0,16.0,161.0,299.0,False,500
1863,1,25.0,13.0,124.0,197.0,False,500
1864,1,16.0,11.0,163.0,176.0,True,476
1865,1,22.0,17.0,273.0,215.0,False,500
1866,1,23.0,20.0,142.0,319.0,False,500
1867,1,19.0,65.0,156.0,746.0,False,500
1868,1,21.0,16.0,118.0,239.0,False,500
1869,0,29.0,31.0,102.0,444.0,False,500
1870,1,21.0,12.0,249.0,161.0,False,500
1871,0,27.0,27.0,149.0,434.0,False,500
1872,1,28.0,18.0,172.0,285.0,False,500
1873,1,16.0,22.0,172.0,281.0,False,500
1874,0,26.0,28.0,248.0,405.0,False,500
1875,0,22.0,15.0,43.0,273.0,False,500
1876,0,21.0,18.0,173.0,224.0,False,500
1877,0,36.0,36.0,189.0,592.0,False,500
1878,1,30.0,28.0,128.0,449.0,True,12
1879,0,26.0,66.0,160.0,1020.0,False,500
1880,1,18.0,5.0,150.0,72.0,True,3
1881,1,27.0,19.0,107.0,313.0,False,500
1882,0,31.0,8.0,284.0,122.0,True,2
1883,0,30.0,27.0,129.0,478.0,True,297
1884,0,14.0,59.0,130.0,946.0,False,500
1885,0,16.0,46.0,183.0,640.0,False,500
1886,1,20.0,50.0,126.0,910.0,False,500
1887,1,12.0,62.0,127.0,1029.0,False,500
1888,1,29.0,24.0,123.0,337.0,False,500
1889,1,25.0,23.0,214.0,316.0,False,500
1890,0,23.0,53.0,175.0,864.0,False,500
1891,0,28.0,47.0,101.0,780.0,False,500
1892,0,17.0,45.0,182.0,793.0,False,500
1893,1,18.0,18.0,89.0,227.0,False,500
1894,1,26.0,13.0,133.0,170.0,False,500
1895,1,22.0,16.0,85.0,195.0,False,500
1896,1,25.0,25.0,50.0,310.0,False,500
1897,1,25.0,6.0,78.0,105.0,True,5
1898,1,23.0,30.0,111.0,455.0,False,500
1899,0,19.0,35.0,111.0,583.0,False,500
1900,1,32.0,32.0,382.0,542.0,False,500
1901,0,23.0,53.0,215.0,786.0,False,500
1902,1,24.0,12.0,104.0,194.0,False,500
1903,0,30.0,51.0,140.0,991.0,False,500
1904,0,19.0,68.0,118.0,1121.0,False,500
1905,1,22.0,24.0,108.0,329.0,False,500
1906,1,37.0,44.0,78.0,499.0,True,11
1907,1,22.0,15.0,54.0,250.0,False,500
1908,0,30.0,58.0,106.0,816.0,False,500
1909,0,28.0,41.0,194.0,664.0,False,500
1910,0,11.0,38.0,155.0,516.0,False,500
1911,1,22.0,54.0,148.0,871.0,False,500
1912,1,22.0,35.0,261.0,591.0,False,500
1913,0,33.0,33.0,165.0,361.0,True,461
1914,0,26.0,57.0,205.0,885.0,False,500
1915,1,31.0,30.0,93.0,434.0,True,8
1916,1,29.0,52.0,184.0,942.0,False,500
1917,0,30.0,61.0,162.0,841.0,False,500
1918,0,24.0,45.0,90.0,664.0,False,500
1919,1,24.0,37.0,75.0,576.0,False,500
1920,0,21.0,23.0,112.0,364.0,False,500
1921,1,25.0,47.0,225.0,765.0,False,500
1922,0,35.0,26.0,306.0,362.0,True,114
1923,1,23.0,27.0,70.0,373.0,False,500
1924,1,34.0,45.0,68.0,810.0,True,8
1925,0,30.0,37.0,146.0,359.0,True,182
1926,0,23.0,16.0,131.0,185.0,False,500
1927,0,17.0,23.0,59.0,314.0,False,500
1928,0,24.0,12.0,146.0,178.0,False,500
1929,1,23.0,64.0,206.0,1069.0,False,500
1930,0,16.0,9.0,92.0,142.0,False,500
1931,0,24.0,25.0,355.0,311.0,False,500
1932,0,19.0,37.0,198.0,665.0,False,500
1933,0,24.0,60.0,46.0,809.0,False,500
1934,1,15.0,24.0,315.0,342.0,False,500
1935,0,34.0,38.0,85.0,497.0,False,500
1936,0,25.0,17.0,135.0,184.0,False,500
1937,0,24.0,47.0,165.0,534.0,False,500
1938,0,17.0,37.0,47.0,444.0,False,500
1939,0,31.0,42.0,95.0,675.0,False,500
1940,0,28.0,22.0,172.0,359.0,False,500
1941,0,27.0,53.0,154.0,758.0,False,500
1942,0,18.0,10.0,181.0,200.0,False,500
1943,0,18.0,70.0,150.0,1220.0,False,500
1944,1,25.0,58.0,251.0,650.0,False,500
1945,0,28.0,80.0,97.0,1282.0,False,500
1946,1,35.0,20.0,196.0,306.0,True,9
1947,1,17.0,24.0,160.0,320.0,False,500
1948,0,26.0,12.0,227.0,166.0,False,500
1949,1,20.0,53.0,117.0,699.0,False,500
1950,1,18.0,49.0,197.0,605.0,False,500
1951,0,22.0,24.0,73.0,271.0,False,500
1952,0,21.0,16.0,194.0,248.0,False,500
1953,1,19.0,46.0,96.0,568.0,False,500
1954,1,11.0,38.0,143.0,383.0,False,500
1955,1,46.0,24.0,66.0,363.0,True,2
1956,1,14.0,48.0,175.0,775.0,False,500
1957,0,15.0,54.0,168.0,919.0,False,500
1958,1,25.0,37.0,280.0,647.0,False,500
1959,1,29.0,63.0,72.0,733.0,False,500
1960,0,30.0,30.0,296.0,488.0,True,108
1961,0,33.0,14.0,99.0,245.0,True,3
1962,1,20.0,40.0,184.0,477.0,False,500
1963,1,23.0,35.0,75.0,550.0,False,500
1964,1,30.0,48.0,85.0,736.0,True,303
1965,0,29.0,24.0,135.0,334.0,False,500
1966,1,29.0,18.0,163.0,256.0,False,500
1967,1,26.0,43.0,98.0,627.0,False,500
1968,1,32.0,14.0,94.0,227.0,True,5
1969,1,20.0,41.0,263.0,510.0,False,500
1970,1,25.0,65.0,146.0,921.0,False,500
1971,0,32.0,47.0,224.0,680.0,False,500
1972,1,20.0,11.0,72.0,153.0,True,6
1973,1,25.0,9.0,167.0,158.0,True,252
1974,1,20.0,36.0,191.0,513.0,False,500
1975,0,31.0,13.0,231.0,169.0,True,13
1976,1,36.0,31.0,204.0,480.0,True,12
1977,1,34.0,66.0,97.0,1088.0,False,500
1978,1,18.0,28.0,64.0,400.0,False,500
1979,0,34.0,50.0,60.0,746.0,False,500
1980,1,14.0,24.0,106.0,460.0,False,500
1981,0,10.0,34.0,157.0,472.0,False,500
1982,0,22.0,29.0,300.0,416.0,False,500
1983,1,22.0,59.0,208.0,1036.0,False,500
1984,0,27.0,25.0,171.0,413.0,False,500
1985,1,35.0,12.0,77.0,189.0,True,1
1986,0,29.0,40.0,64.0,550.0,False,500
1987,0,21.0,15.0,190.0,212.0,False,500
1988,0,22.0,35.0,214.0,617.0,False,500
1989,1,23.0,33.0,175.0,495.0,False,500
1990,1,19.0,29.0,101.0,427.0,False,500
1991,0,33.0,41.0,76.0,554.0,True,38
1992,0,20.0,48.0,76.0,718.0,False,500
1993,0,23.0,46.0,157.0,770.0,False,500
1994,1,28.0,22.0,82.0,256.0,False,500
1995,0,25.0,38.0,188.0,676.0,False,500
1996,0,34.0,46.0,145.0,674.0,False,500
1997,0,27.0,34.0,148.0,508.0,False,500
1998,1,15.0,36.0,200.0,387.0,False,500
1999,0,18.0,40.0,159.0,630.0,False,500
