FlightNumber,Date,Actual Time,Gate,Actual Price,Status
1000,2023-01-13,05:18:00,B2,377.16,Delayed
1001,2023-01-10,05:29:00,D4,487.05,On Time
1002,2023-01-15,05:19:00,B2,334.78,On Time
1003,2023-01-12,05:37:00,D4,403.54,On Time
1004,2023-01-24,05:37:00,A1,305.74,On Time
1005,2023-02-04,05:54:00,D4,400.38,On Time
1006,2023-02-10,06:44:00,E5,325.31,On Time
1007,2023-01-02,06:34:00,A1,533.13,On Time
1008,2023-01-16,06:33:00,A1,530.92,On Time
1009,2023-01-18,07:07:00,B2,590.18,On Time
1010,2023-01-31,07:32:00,C3,450.63,On Time
1011,2023-01-28,08:04:00,E5,99.92,Delayed
1012,2023-01-04,07:31:00,B2,278.91,Delayed
1013,2023-01-03,08:22:00,B2,271.14,Delayed
1014,2023-01-13,08:17:00,B2,686.28,On Time
1015,2023-02-01,09:10:00,D4,169.93,On Time
1016,2023-01-30,08:42:00,D4,560.22,On Time
1017,2023-01-11,09:34:00,A1,618.35,On Time
1018,2023-02-05,09:10:00,C3,333.37,On Time
1019,2023-02-01,10:11:00,A1,667.26,On Time
1020,2023-02-10,09:49:00,D4,394.43,Delayed
1021,2023-01-03,09:46:00,C3,275.02,Delayed
1022,2023-01-31,10:51:00,A1,220.36,On Time
1023,2023-01-09,10:59:00,D4,399.07,Delayed
1024,2023-02-09,10:42:00,A1,600.27,Delayed
1025,2023-02-10,11:00:00,E5,539.85,Delayed
1026,2023-02-10,11:50:00,B2,692.72,On Time
1027,2023-01-27,11:37:00,E5,457.47,Delayed
1028,2023-01-06,12:28:00,D4,286.61,On Time
1029,2023-01-02,12:30:00,B2,357.72,On Time
1030,2023-01-30,12:50:00,A1,520.81,On Time
1031,2023-01-09,12:42:00,D4,557.89,On Time
1032,2023-02-09,13:22:00,D4,389.3,On Time
1033,2023-01-26,12:57:00,E5,458.58,Delayed
1034,2023-01-01,13:25:00,A1,465.64,On Time
1035,2023-01-12,13:52:00,E5,296.31,On Time
1036,2023-01-13,13:33:00,C3,661.83,Delayed
1037,2023-01-08,13:45:00,D4,119.37,On Time
1038,2023-02-08,14:20:00,C3,319.42,On Time
1039,2023-01-19,14:39:00,A1,135.23,On Time
1040,2023-01-03,15:26:00,D4,172.56,On Time
1041,2023-01-16,15:35:00,E5,691.71,Delayed
1042,2023-01-14,15:55:00,E5,310.13,On Time
1043,2023-01-20,15:28:00,E5,208.25,Delayed
1044,2023-01-11,16:20:00,B2,516.91,Delayed
1045,2023-02-08,16:36:00,D4,279.06,Delayed
1046,2023-02-08,16:26:00,A1,179.03,On Time
1047,2023-02-04,16:53:00,C3,400.01,On Time
1048,2023-01-16,16:30:00,B2,177.24,On Time
1049,2023-01-07,17:39:00,D4,510.29,On Time
1050,2023-02-01,17:26:00,D4,571.29,On Time
1051,2023-01-26,17:47:00,C3,293.07,On Time
1052,2023-01-03,17:30:00,B2,146.84,On Time
1053,2023-01-07,17:49:00,E5,271.71,On Time
1054,2023-01-11,18:36:00,A1,308.83,On Time
1055,2023-02-05,18:48:00,B2,615.59,On Time
1056,2023-02-01,19:08:00,B2,564.57,On Time
1057,2023-02-01,18:49:00,D4,316.32,On Time
1058,2023-01-12,19:51:00,D4,266.85,Delayed
1059,2023-01-17,19:32:00,C3,630.73,On Time
1060,2023-01-26,20:02:00,B2,461.96,On Time
1061,2023-01-12,19:55:00,E5,83.35,On Time
1062,2023-02-05,20:35:00,B2,697.77,Delayed
1063,2023-01-21,21:06:00,B2,515.07,Delayed
1064,2023-01-31,21:29:00,C3,221.56,On Time
1065,2023-02-08,21:22:00,A1,403.24,On Time
1066,2023-01-25,21:52:00,B2,331.61,On Time
1067,2023-01-12,21:51:00,C3,292.91,Delayed
1068,2023-01-16,21:52:00,E5,631.57,On Time
1069,2023-01-17,22:06:00,D4,480.03,On Time
1070,2023-02-10,22:24:00,C3,180.68,On Time
1071,2023-01-21,22:59:00,B2,545.37,On Time
1072,2023-01-07,23:18:00,B2,466.63,Delayed
1073,2023-01-14,22:57:00,D4,296.63,On Time
1074,2023-01-02,23:34:00,D4,612.39,On Time
1075,2023-01-01,00:06:00,D4,567.76,On Time
1076,2023-01-24,00:15:00,A1,352.05,On Time
1077,2023-01-03,00:28:00,E5,123.82,On Time
1078,2023-01-08,00:51:00,A1,440.79,On Time
1079,2023-01-12,00:53:00,D4,174.13,Delayed
1080,2023-01-23,00:31:00,E5,160.62,Delayed
1081,2023-02-08,01:37:00,B2,281.43,Delayed
1082,2023-02-10,01:16:00,D4,578.07,On Time
1083,2023-01-26,01:47:00,A1,396.15,Delayed
1084,2023-01-28,01:48:00,D4,557.32,On Time
1085,2023-02-06,02:16:00,A1,406.29,On Time
1086,2023-01-12,02:40:00,D4,306.07,On Time
1087,2023-01-02,03:08:00,A1,462.29,Delayed
1088,2023-01-16,02:56:00,B2,229.81,On Time
1089,2023-01-05,03:40:00,B2,363.25,Delayed
1090,2023-02-10,03:14:00,D4,139.05,On Time
1091,2023-02-04,04:10:00,B2,398.75,On Time
1092,2023-02-08,03:58:00,D4,315.73,On Time
1093,2023-02-04,04:35:00,B2,143.41,On Time
1094,2023-02-03,04:32:00,A1,112.89,On Time
1095,2023-01-09,04:18:00,E5,449.39,Cancelled
1096,2023-01-18,05:13:00,A1,391.05,On Time
1097,2023-01-29,05:35:00,E5,275.32,On Time
1098,2023-01-16,05:04:00,D4,415.79,Delayed
1099,2023-01-01,06:10:00,A1,253.43,Cancelled
1100,2023-01-14,05:30:00,D4,379.93,On Time
1101,2023-02-01,06:39:00,A1,203.76,On Time
1102,2023-02-07,06:18:00,A1,563.22,On Time
1103,2023-02-06,06:21:00,D4,295.2,On Time
1104,2023-01-20,07:29:00,E5,532.14,On Time
1105,2023-02-08,07:43:00,B2,193.74,On Time
1106,2023-01-07,07:34:00,D4,405.0,On Time
1107,2023-02-08,07:26:00,C3,206.03,On Time
1108,2023-01-11,07:57:00,D4,241.44,On Time
1109,2023-01-31,08:00:00,B2,292.41,On Time
1110,2023-01-16,08:01:00,C3,573.43,Delayed
1111,2023-02-05,08:51:00,D4,511.72,On Time
1112,2023-01-25,09:25:00,C3,110.2,On Time
1113,2023-01-13,09:18:00,D4,560.0,On Time
1114,2023-02-02,09:41:00,D4,344.62,On Time
1115,2023-01-07,09:32:00,E5,594.22,On Time
1116,2023-01-04,10:23:00,D4,111.55,Delayed
1117,2023-01-23,09:49:00,E5,348.47,Delayed
1118,2023-01-14,10:08:00,D4,81.73,On Time
1119,2023-02-02,10:34:00,B2,82.22,On Time
1120,2023-01-23,10:33:00,C3,399.72,On Time
1121,2023-01-24,11:01:00,E5,432.08,On Time
1122,2023-01-06,11:35:00,C3,433.72,On Time
1123,2023-01-10,11:23:00,E5,98.69,On Time
1124,2023-01-20,11:40:00,D4,579.88,Delayed
1125,2023-01-31,12:19:00,C3,387.93,Delayed
1126,2023-01-26,12:34:00,C3,476.78,Delayed
1127,2023-01-19,13:05:00,B2,631.74,On Time
1128,2023-02-11,13:00:00,E5,199.17,On Time
1129,2023-01-24,13:15:00,C3,263.76,Delayed
1130,2023-02-10,13:22:00,E5,464.0,Delayed
1131,2023-01-11,13:16:00,D4,386.14,Delayed
1132,2023-01-08,13:39:00,A1,404.32,On Time
1133,2023-02-04,14:27:00,C3,330.61,Delayed
1134,2023-01-14,14:17:00,A1,439.79,On Time
1135,2023-01-05,14:16:00,A1,218.81,On Time
1136,2023-02-01,15:26:00,B2,521.39,On Time
1137,2023-02-03,15:07:00,D4,674.45,On Time
1138,2023-01-05,15:45:00,D4,576.92,On Time
1139,2023-02-05,15:23:00,A1,176.15,On Time
1140,2023-01-04,15:50:00,D4,544.38,Delayed
1141,2023-01-17,15:58:00,A1,653.82,On Time
1142,2023-01-04,16:32:00,C3,150.49,On Time
1143,2023-01-28,16:50:00,E5,194.81,On Time
1144,2023-02-06,17:11:00,D4,648.12,On Time
1145,2023-01-27,16:58:00,A1,489.71,On Time
1146,2023-01-01,17:50:00,A1,434.45,On Time
1147,2023-01-15,17:54:00,E5,139.26,On Time
1148,2023-01-08,18:17:00,D4,249.11,On Time
1149,2023-01-10,17:56:00,E5,309.16,Delayed
1150,2023-01-27,18:22:00,A1,211.11,On Time
1151,2023-01-25,19:00:00,A1,481.31,Delayed
1152,2023-02-08,19:17:00,C3,374.92,Delayed
1153,2023-01-27,19:26:00,A1,440.66,On Time
1154,2023-02-09,19:56:00,B2,122.17,Delayed
1155,2023-01-27,20:12:00,E5,507.28,On Time
1156,2023-02-04,20:18:00,E5,331.11,Delayed
1157,2023-01-07,20:18:00,B2,347.18,On Time
1158,2023-02-07,20:15:00,A1,628.27,Delayed
1159,2023-01-17,20:28:00,B2,527.99,On Time
1160,2023-01-15,20:46:00,C3,80.68,Delayed
1161,2023-01-07,21:20:00,E5,573.9,On Time
1162,2023-01-21,21:47:00,E5,501.36,Delayed
1163,2023-01-17,22:14:00,A1,543.14,Delayed
1164,2023-02-04,22:24:00,C3,492.24,On Time
1165,2023-01-02,22:42:00,A1,360.92,On Time
1166,2023-01-19,22:11:00,D4,321.24,On Time
1167,2023-01-03,22:45:00,E5,443.21,Delayed
1168,2023-01-23,22:51:00,E5,332.02,On Time
1169,2023-02-07,23:21:00,E5,410.96,On Time
1170,2023-01-27,23:39:00,E5,205.7,On Time
1171,2023-01-22,23:28:00,D4,497.75,On Time
1172,2023-01-06,23:36:00,C3,207.92,On Time
1173,2023-01-15,00:12:00,A1,560.88,On Time
1174,2023-01-05,00:18:00,E5,589.91,Delayed
1175,2023-02-04,01:00:00,E5,541.03,On Time
1176,2023-01-26,00:47:00,A1,391.44,Delayed
1177,2023-02-03,01:16:00,E5,263.0,On Time
1178,2023-02-03,01:26:00,C3,322.96,On Time
1179,2023-01-06,01:36:00,B2,135.48,Delayed
1180,2023-02-06,02:01:00,D4,558.79,On Time
1181,2023-01-11,01:53:00,E5,433.19,On Time
1182,2023-02-05,02:43:00,A1,617.86,On Time
1183,2023-01-13,02:20:00,C3,526.52,On Time
1184,2023-01-01,02:35:00,C3,622.14,Cancelled
1185,2023-01-23,03:01:00,A1,118.04,On Time
1186,2023-01-29,03:00:00,A1,560.7,On Time
1187,2023-01-17,03:38:00,D4,309.1,On Time
1188,2023-01-18,03:31:00,E5,330.35,On Time
1189,2023-01-18,04:41:00,E5,371.8,Delayed
1190,2023-01-13,04:37:00,C3,691.52,On Time
1191,2023-01-06,05:09:00,D4,564.87,On Time
1192,2023-01-21,04:37:00,A1,439.42,Delayed
1193,2023-01-11,04:56:00,C3,364.2,On Time
1194,2023-02-04,05:35:00,B2,414.91,On Time
1195,2023-01-04,06:00:00,E5,386.34,On Time
1196,2023-01-30,06:06:00,E5,138.72,On Time
1197,2023-02-05,06:14:00,D4,517.82,On Time
1198,2023-01-16,06:19:00,E5,412.5,On Time
1199,2023-01-07,06:56:00,D4,623.48,On Time
1200,2023-02-04,07:28:00,A1,635.27,Delayed
1201,2023-01-03,06:56:00,E5,492.89,Cancelled
1202,2023-01-26,07:07:00,B2,678.74,Delayed
1203,2023-01-10,07:29:00,E5,557.49,On Time
1204,2023-02-05,07:57:00,B2,638.64,On Time
1205,2023-02-09,08:35:00,B2,510.22,On Time
1206,2023-01-21,08:37:00,E5,169.73,On Time
1207,2023-01-06,08:20:00,E5,137.23,On Time
1208,2023-02-09,08:38:00,A1,365.22,Delayed
1209,2023-01-20,09:37:00,E5,340.14,On Time
1210,2023-01-12,09:04:00,E5,267.69,Delayed
1211,2023-01-26,10:01:00,B2,172.98,On Time
1212,2023-01-24,09:46:00,C3,676.81,Cancelled
1213,2023-02-03,09:58:00,C3,223.62,On Time
1214,2023-01-04,10:22:00,E5,388.77,On Time
1215,2023-01-04,11:12:00,A1,588.01,Delayed
1216,2023-01-28,11:12:00,B2,600.61,On Time
1217,2023-01-23,11:03:00,C3,400.55,On Time
1218,2023-01-23,11:17:00,C3,393.84,Delayed
1219,2023-01-14,11:56:00,D4,168.6,Delayed
1220,2023-01-24,11:33:00,A1,572.84,On Time
1221,2023-02-03,12:06:00,D4,128.92,On Time
1222,2023-01-03,12:56:00,E5,325.77,Delayed
1223,2023-01-30,12:30:00,D4,458.48,On Time
1224,2023-01-20,13:14:00,A1,678.89,On Time
1225,2023-01-12,12:58:00,B2,487.13,On Time
1226,2023-01-26,13:19:00,B2,382.54,On Time
1227,2023-01-20,13:40:00,E5,266.35,Delayed
1228,2023-02-09,13:34:00,D4,191.42,On Time
1229,2023-01-21,13:52:00,E5,85.89,On Time
1230,2023-01-07,14:39:00,D4,613.06,On Time
1231,2023-01-26,14:36:00,C3,273.58,On Time
1232,2023-01-07,14:48:00,A1,644.35,On Time
1233,2023-01-30,15:38:00,E5,411.02,On Time
1234,2023-01-11,15:35:00,B2,137.06,On Time
1235,2023-02-07,15:46:00,A1,585.33,On Time
1236,2023-01-03,16:22:00,A1,231.49,Delayed
1237,2023-01-22,16:10:00,D4,685.82,Cancelled
1238,2023-01-24,16:32:00,C3,210.97,On Time
1239,2023-01-16,16:32:00,B2,561.48,On Time
1240,2023-02-03,16:43:00,A1,583.87,On Time
1241,2023-01-08,17:40:00,B2,181.05,Delayed
1242,2023-02-02,17:55:00,C3,420.5,On Time
1243,2023-01-05,18:06:00,D4,114.53,On Time
1244,2023-01-05,17:57:00,A1,665.15,On Time
1245,2023-02-02,18:38:00,E5,180.69,On Time
1246,2023-01-05,18:16:00,A1,570.48,Cancelled
1247,2023-01-19,18:43:00,A1,460.45,Delayed
1248,2023-01-02,19:16:00,E5,243.28,Delayed
1249,2023-01-22,19:03:00,E5,370.4,On Time
1250,2023-01-01,19:34:00,B2,447.18,On Time
1251,2023-01-11,20:10:00,A1,366.58,Delayed
1252,2023-02-10,19:30:00,E5,352.58,Delayed
1253,2023-01-17,20:12:00,E5,141.79,On Time
1254,2023-01-02,20:27:00,A1,326.46,On Time
1255,2023-01-21,20:42:00,D4,402.96,On Time
1256,2023-01-26,21:02:00,D4,178.55,On Time
1257,2023-01-30,21:27:00,E5,362.56,Delayed
1258,2023-01-31,21:18:00,A1,214.52,On Time
1259,2023-02-01,21:35:00,B2,540.19,On Time
1260,2023-02-07,22:19:00,C3,395.88,On Time
1261,2023-01-24,21:55:00,D4,638.64,On Time
1262,2023-01-25,22:59:00,E5,514.33,On Time
1263,2023-01-25,23:06:00,B2,431.27,On Time
1264,2023-02-08,22:38:00,C3,355.91,Delayed
1265,2023-01-08,23:29:00,B2,124.1,Delayed
1266,2023-01-17,23:15:00,A1,360.47,On Time
1267,2023-02-02,23:49:00,A1,482.83,Cancelled
1268,2023-01-17,00:13:00,E5,185.26,On Time
1269,2023-01-17,00:41:00,B2,268.11,Delayed
1270,2023-01-20,00:02:00,B2,220.13,Delayed
1271,2023-01-29,00:48:00,E5,365.97,On Time
1272,2023-01-18,00:36:00,E5,640.36,Delayed
1273,2023-01-21,01:16:00,E5,422.69,On Time
1274,2023-01-08,01:37:00,E5,333.24,On Time
1275,2023-01-04,01:16:00,C3,337.94,On Time
1276,2023-01-16,01:42:00,D4,535.97,On Time
1277,2023-01-05,02:13:00,B2,137.45,On Time
1278,2023-01-23,02:56:00,A1,211.17,On Time
1279,2023-01-18,03:07:00,B2,248.65,On Time
1280,2023-01-12,02:59:00,E5,173.67,On Time
1281,2023-01-27,03:36:00,A1,312.41,On Time
1282,2023-01-13,03:37:00,B2,174.99,On Time
1283,2023-02-03,04:01:00,B2,571.23,On Time
1284,2023-01-08,04:23:00,B2,522.36,On Time
1285,2023-01-20,04:01:00,C3,317.64,Delayed
1286,2023-01-30,04:56:00,E5,139.87,On Time
1287,2023-01-18,04:18:00,E5,111.26,On Time
1288,2023-01-28,04:50:00,B2,217.79,Delayed
1289,2023-01-10,05:43:00,E5,566.48,On Time
1290,2023-01-17,05:50:00,D4,343.65,On Time
1291,2023-01-13,05:24:00,B2,675.82,On Time
1292,2023-01-23,05:35:00,B2,145.27,Delayed
1293,2023-02-09,06:08:00,E5,347.93,On Time
1294,2023-02-03,06:35:00,D4,343.65,On Time
1295,2023-01-07,06:30:00,D4,530.31,On Time
1296,2023-01-01,07:05:00,D4,448.73,On Time
1297,2023-02-09,07:09:00,E5,617.8,Delayed
1298,2023-02-03,07:17:00,E5,573.87,Delayed
1299,2023-01-29,07:29:00,D4,328.01,Delayed
1300,2023-01-07,07:57:00,D4,526.27,Delayed
1301,2023-01-24,08:43:00,D4,526.87,On Time
1302,2023-01-09,08:24:00,D4,575.64,Delayed
1303,2023-01-30,09:00:00,C3,536.54,On Time
1304,2023-01-10,08:42:00,D4,254.14,On Time
1305,2023-01-04,09:39:00,D4,99.19,On Time
1306,2023-01-06,09:18:00,C3,366.53,On Time
1307,2023-02-06,09:46:00,D4,616.04,Delayed
1308,2023-02-02,10:19:00,D4,238.87,Delayed
1309,2023-02-06,10:29:00,C3,381.32,On Time
1310,2023-01-18,10:51:00,A1,302.91,On Time
1311,2023-01-28,11:11:00,A1,538.68,Delayed
1312,2023-01-05,11:25:00,E5,419.78,On Time
1313,2023-01-10,11:07:00,C3,331.78,On Time
1314,2023-01-28,11:32:00,B2,453.01,Delayed
1315,2023-01-03,11:29:00,E5,213.23,On Time
1316,2023-01-21,12:19:00,D4,289.65,On Time
1317,2023-01-21,12:34:00,B2,180.28,On Time
1318,2023-01-11,12:51:00,B2,587.52,Delayed
1319,2023-01-19,12:40:00,C3,400.26,On Time
1320,2023-02-09,13:06:00,A1,193.06,On Time
1321,2023-02-07,13:26:00,C3,369.55,On Time
1322,2023-01-05,13:00:00,E5,559.7,On Time
1323,2023-02-08,14:04:00,D4,478.08,On Time
1324,2023-02-08,13:54:00,B2,241.75,On Time
1325,2023-01-31,14:22:00,C3,175.98,On Time
1326,2023-02-08,14:16:00,D4,346.22,Cancelled
1327,2023-01-17,15:02:00,B2,323.85,Delayed
1328,2023-01-07,14:44:00,D4,309.32,Delayed
1329,2023-01-21,15:26:00,B2,573.59,Delayed
1330,2023-01-10,15:33:00,A1,302.81,On Time
1331,2023-01-15,16:09:00,E5,241.6,Cancelled
1332,2023-01-22,16:03:00,E5,685.62,Delayed
1333,2023-01-07,15:49:00,C3,363.81,On Time
1334,2023-01-24,16:18:00,C3,600.17,On Time
1335,2023-02-09,16:56:00,B2,463.92,Delayed
1336,2023-01-20,17:02:00,D4,393.61,On Time
1337,2023-01-22,16:48:00,A1,397.09,On Time
1338,2023-01-02,17:51:00,A1,103.96,On Time
1339,2023-01-17,18:07:00,C3,288.74,Cancelled
1340,2023-01-03,17:31:00,C3,431.48,On Time
1341,2023-01-04,18:29:00,E5,134.21,On Time
1342,2023-01-19,18:45:00,D4,273.08,On Time
1343,2023-01-08,18:41:00,A1,624.79,On Time
1344,2023-02-04,19:26:00,E5,584.24,On Time
1345,2023-02-02,19:06:00,A1,613.77,Cancelled
1346,2023-01-10,19:59:00,E5,249.89,On Time
1347,2023-01-02,19:34:00,C3,591.61,On Time
1348,2023-01-21,19:56:00,A1,199.61,Cancelled
1349,2023-01-10,19:52:00,E5,322.7,On Time
1350,2023-01-25,20:17:00,C3,289.54,On Time
1351,2023-01-12,20:26:00,D4,671.93,On Time
1352,2023-02-05,21:12:00,B2,430.32,On Time
1353,2023-02-06,21:31:00,D4,442.78,Delayed
1354,2023-01-30,21:01:00,C3,270.54,Cancelled
1355,2023-02-01,22:02:00,B2,100.33,On Time
1356,2023-01-15,22:17:00,C3,505.58,On Time
1357,2023-02-09,21:56:00,A1,555.32,On Time
1358,2023-01-30,22:57:00,C3,120.59,On Time
1359,2023-01-28,23:13:00,A1,147.11,On Time
1360,2023-02-09,22:45:00,D4,412.84,On Time
1361,2023-01-20,23:20:00,E5,674.53,On Time
1362,2023-01-04,23:26:00,B2,516.7,Cancelled
1363,2023-01-25,23:36:00,D4,436.18,On Time
1364,2023-02-07,00:05:00,E5,337.16,On Time
1365,2023-01-28,00:15:00,D4,634.58,On Time
1366,2023-01-08,00:09:00,A1,547.52,On Time
1367,2023-01-29,01:02:00,C3,673.09,On Time
1368,2023-02-10,01:22:00,A1,236.22,On Time
1369,2023-01-09,00:47:00,E5,104.23,On Time
1370,2023-01-24,01:56:00,B2,96.46,On Time
1371,2023-01-19,01:57:00,A1,400.04,Delayed
1372,2023-01-24,01:30:00,D4,333.56,On Time
1373,2023-01-04,02:40:00,E5,360.4,On Time
1374,2023-01-02,02:10:00,C3,253.85,On Time
1375,2023-01-05,02:28:00,B2,592.19,On Time
1376,2023-01-22,02:43:00,D4,466.18,On Time
1377,2023-01-15,03:05:00,A1,591.48,On Time
1378,2023-02-07,03:40:00,B2,608.68,On Time
1379,2023-01-29,03:47:00,C3,230.7,On Time
1380,2023-01-05,03:45:00,A1,441.2,On Time
1381,2023-01-15,04:31:00,C3,109.66,On Time
1382,2023-01-20,04:33:00,A1,138.8,On Time
1383,2023-01-12,04:40:00,E5,237.25,On Time
1384,2023-01-04,05:23:00,D4,177.05,On Time
1385,2023-01-25,05:30:00,A1,676.42,Delayed
1386,2023-02-02,05:57:00,C3,364.97,On Time
1387,2023-01-10,05:21:00,A1,450.67,On Time
1388,2023-02-09,06:03:00,D4,209.76,On Time
1389,2023-01-30,06:23:00,A1,279.37,Cancelled
1390,2023-01-29,06:56:00,D4,124.17,On Time
1391,2023-01-28,06:42:00,D4,401.48,On Time
1392,2023-02-01,07:19:00,B2,478.33,On Time
1393,2023-01-25,07:00:00,D4,434.97,On Time
1394,2023-01-19,07:48:00,A1,568.07,On Time
1395,2023-01-12,07:58:00,A1,634.57,On Time
1396,2023-01-01,08:15:00,A1,130.52,On Time
1397,2023-01-19,07:47:00,E5,271.33,On Time
1398,2023-01-17,08:27:00,D4,676.25,On Time
1399,2023-01-19,09:11:00,B2,135.48,On Time
1400,2023-01-02,09:09:00,B2,468.61,On Time
1401,2023-01-20,09:18:00,A1,194.56,On Time
1402,2023-01-14,09:08:00,B2,483.97,On Time
1403,2023-02-02,09:24:00,A1,411.64,On Time
1404,2023-01-03,10:05:00,D4,141.19,On Time
1405,2023-02-01,10:12:00,D4,137.1,On Time
1406,2023-01-31,10:50:00,B2,447.71,Delayed
1407,2023-01-09,10:33:00,B2,254.68,On Time
1408,2023-01-19,10:32:00,A1,499.07,On Time
1409,2023-01-25,10:54:00,B2,602.25,On Time
1410,2023-02-07,11:11:00,D4,586.91,Delayed
1411,2023-01-05,11:48:00,C3,260.76,On Time
1412,2023-01-02,12:11:00,E5,404.71,On Time
1413,2023-01-13,12:19:00,C3,659.4,On Time
1414,2023-01-18,12:13:00,D4,412.51,On Time
1415,2023-01-01,12:52:00,B2,317.95,On Time
1416,2023-01-23,12:44:00,E5,235.47,Delayed
1417,2023-02-09,12:48:00,A1,409.58,On Time
1418,2023-01-02,13:08:00,A1,289.26,On Time
1419,2023-01-06,13:19:00,D4,239.47,On Time
1420,2023-01-08,14:02:00,D4,584.01,On Time
1421,2023-01-09,14:44:00,C3,161.61,On Time
1422,2023-01-12,14:38:00,E5,549.41,Delayed
1423,2023-01-30,14:50:00,B2,560.59,On Time
1424,2023-01-26,14:40:00,D4,479.42,On Time
1425,2023-01-26,15:04:00,E5,294.6,Cancelled
1426,2023-01-22,15:30:00,E5,110.37,Delayed
1427,2023-02-08,15:46:00,C3,289.55,On Time
1428,2023-01-10,15:35:00,A1,643.23,On Time
1429,2023-01-14,16:01:00,C3,206.85,On Time
1430,2023-01-02,16:12:00,E5,432.51,On Time
1431,2023-01-08,16:52:00,B2,212.78,Cancelled
1432,2023-01-13,16:53:00,C3,299.56,On Time
1433,2023-01-19,17:39:00,B2,348.89,On Time
1434,2023-01-22,17:36:00,B2,96.48,On Time
1435,2023-02-08,17:59:00,C3,239.95,Delayed
1436,2023-02-06,17:50:00,B2,609.97,On Time
1437,2023-01-17,18:32:00,C3,695.8,Cancelled
1438,2023-01-07,18:09:00,B2,441.46,Delayed
1439,2023-02-02,18:45:00,A1,562.89,On Time
1440,2023-01-05,19:13:00,B2,668.78,On Time
1441,2023-01-22,19:31:00,B2,671.59,Delayed
1442,2023-01-10,19:06:00,D4,393.01,On Time
1443,2023-02-02,20:06:00,D4,691.93,On Time
1444,2023-01-14,19:37:00,A1,282.01,Delayed
1445,2023-01-25,20:44:00,E5,115.16,On Time
1446,2023-02-04,20:49:00,D4,618.47,On Time
1447,2023-01-06,20:48:00,C3,239.85,Delayed
1448,2023-01-02,21:17:00,C3,119.35,On Time
1449,2023-01-22,21:37:00,C3,651.59,On Time
1450,2023-01-01,21:42:00,E5,175.3,On Time
1451,2023-01-16,22:07:00,D4,689.42,On Time
1452,2023-01-18,22:03:00,D4,681.83,On Time
1453,2023-01-18,21:49:00,E5,476.53,Delayed
1454,2023-01-31,22:58:00,B2,254.69,On Time
1455,2023-01-07,22:18:00,C3,176.17,Delayed
1456,2023-01-30,22:50:00,B2,260.98,Delayed
1457,2023-02-07,23:24:00,B2,417.67,On Time
1458,2023-01-23,23:58:00,D4,229.31,On Time
1459,2023-01-15,23:28:00,E5,597.6,Delayed
1460,2023-02-01,00:27:00,A1,634.1,On Time
1461,2023-01-20,00:28:00,C3,485.92,On Time
1462,2023-01-16,00:37:00,E5,501.08,On Time
1463,2023-02-01,01:14:00,B2,404.89,On Time
1464,2023-02-02,00:44:00,D4,218.87,Delayed
1465,2023-01-18,01:20:00,E5,630.16,On Time
1466,2023-02-05,01:56:00,C3,531.74,On Time
1467,2023-02-04,01:38:00,B2,106.95,On Time
1468,2023-01-31,02:28:00,C3,275.9,On Time
1469,2023-01-05,01:47:00,C3,235.48,On Time
1470,2023-02-04,02:36:00,D4,355.29,On Time
1471,2023-01-28,03:02:00,D4,602.84,On Time
1472,2023-01-14,03:07:00,E5,407.16,On Time
1473,2023-01-01,03:02:00,D4,244.22,On Time
1474,2023-01-11,03:17:00,D4,569.32,On Time
1475,2023-01-19,03:40:00,E5,194.82,On Time
1476,2023-02-09,03:48:00,C3,466.6,On Time
1477,2023-01-08,04:07:00,B2,273.96,Delayed
1478,2023-01-19,04:09:00,A1,239.28,On Time
1479,2023-01-21,05:05:00,B2,249.91,Delayed
1480,2023-01-03,05:14:00,C3,620.66,On Time
1481,2023-01-29,05:43:00,E5,524.51,On Time
1482,2023-02-02,05:40:00,A1,426.66,On Time
1483,2023-01-09,05:31:00,A1,471.0,Delayed
1484,2023-01-18,05:55:00,E5,355.32,On Time
1485,2023-01-27,05:50:00,A1,318.39,Cancelled
1486,2023-02-04,06:35:00,E5,412.11,On Time
1487,2023-02-08,07:03:00,B2,494.98,On Time
1488,2023-01-03,06:37:00,E5,161.92,On Time
1489,2023-01-11,07:22:00,C3,656.55,On Time
1490,2023-01-26,07:28:00,E5,474.6,On Time
1491,2023-01-29,07:17:00,D4,248.79,On Time
1492,2023-01-23,07:36:00,D4,131.05,On Time
1493,2023-02-02,08:07:00,C3,435.6,On Time
1494,2023-01-16,08:40:00,B2,638.39,Delayed
1495,2023-01-15,09:03:00,B2,303.12,Delayed
1496,2023-01-11,08:30:00,B2,563.47,Delayed
1497,2023-01-12,09:18:00,B2,149.08,On Time
1498,2023-01-01,09:08:00,B2,125.7,On Time
1499,2023-01-07,10:03:00,B2,271.24,On Time
1500,2023-01-17,10:19:00,D4,447.39,On Time
1501,2023-01-30,09:54:00,B2,450.94,On Time
1502,2023-01-20,10:38:00,E5,660.74,On Time
1503,2023-01-16,10:48:00,A1,497.45,On Time
1504,2023-01-04,11:19:00,C3,546.91,On Time
1505,2023-01-31,11:16:00,C3,332.29,On Time
1506,2023-01-13,11:48:00,C3,538.84,On Time
1507,2023-02-02,11:28:00,A1,680.64,Delayed
1508,2023-01-14,12:08:00,D4,317.13,Cancelled
1509,2023-01-18,12:01:00,E5,227.92,On Time
1510,2023-02-04,12:54:00,D4,477.77,On Time
1511,2023-02-05,13:07:00,C3,232.59,On Time
1512,2023-01-25,12:47:00,E5,85.31,On Time
1513,2023-01-21,12:46:00,E5,659.15,Delayed
1514,2023-01-11,13:08:00,C3,233.6,On Time
1515,2023-01-14,13:34:00,B2,232.82,On Time
1516,2023-01-25,14:25:00,E5,358.75,On Time
1517,2023-01-05,14:36:00,D4,167.02,On Time
1518,2023-02-05,14:15:00,B2,174.49,On Time
1519,2023-02-05,14:47:00,A1,533.48,On Time
1520,2023-01-08,15:13:00,A1,192.46,On Time
1521,2023-01-12,14:57:00,E5,97.16,On Time
1522,2023-01-25,15:13:00,B2,632.24,Cancelled
1523,2023-01-05,16:00:00,A1,194.48,On Time
1524,2023-01-13,15:55:00,D4,208.78,On Time
1525,2023-01-27,16:27:00,D4,612.99,On Time
1526,2023-01-11,16:51:00,A1,610.36,On Time
1527,2023-02-08,16:19:00,E5,646.05,On Time
1528,2023-02-06,16:35:00,B2,551.06,On Time
1529,2023-01-27,17:17:00,E5,296.26,On Time
1530,2023-02-06,17:13:00,E5,141.65,Delayed
1531,2023-02-07,17:15:00,D4,425.39,On Time
1532,2023-01-28,18:27:00,D4,188.03,On Time
1533,2023-01-22,18:17:00,B2,157.23,On Time
1534,2023-01-15,18:32:00,C3,335.33,On Time
1535,2023-01-22,18:38:00,A1,693.38,On Time
1536,2023-02-01,18:33:00,D4,114.87,On Time
1537,2023-01-31,18:57:00,B2,340.74,Cancelled
1538,2023-01-02,19:10:00,A1,684.76,Cancelled
1539,2023-01-03,19:45:00,A1,81.28,On Time
1540,2023-01-25,20:26:00,D4,681.56,On Time
1541,2023-02-07,20:06:00,A1,652.08,On Time
1542,2023-01-06,20:42:00,D4,515.04,Delayed
1543,2023-01-20,21:08:00,C3,497.85,On Time
1544,2023-02-04,20:33:00,E5,626.95,On Time
1545,2023-01-08,21:12:00,B2,467.55,On Time
1546,2023-01-10,21:33:00,B2,547.9,Delayed
1547,2023-01-22,21:42:00,E5,80.65,Delayed
1548,2023-01-21,22:07:00,D4,636.45,On Time
1549,2023-01-06,22:28:00,B2,656.98,On Time
1550,2023-02-01,22:03:00,C3,297.08,On Time
1551,2023-02-02,22:51:00,C3,292.86,Delayed
1552,2023-01-09,22:55:00,B2,442.81,On Time
1553,2023-01-29,23:19:00,C3,383.02,On Time
1554,2023-01-31,23:56:00,A1,376.74,On Time
1555,2023-01-25,23:15:00,B2,80.76,On Time
1556,2023-02-01,23:42:00,C3,297.54,On Time
1557,2023-01-17,23:57:00,D4,133.74,On Time
1558,2023-02-05,00:43:00,A1,524.26,On Time
1559,2023-02-04,00:28:00,E5,465.18,Delayed
1560,2023-02-02,00:33:00,D4,375.79,On Time
1561,2023-02-02,00:58:00,C3,223.7,On Time
1562,2023-01-15,01:08:00,E5,554.78,On Time
1563,2023-02-07,01:32:00,A1,372.93,Delayed
1564,2023-01-19,02:01:00,D4,578.28,Delayed
1565,2023-02-04,02:17:00,C3,404.55,Delayed
1566,2023-01-27,02:40:00,A1,391.73,Delayed
1567,2023-01-03,02:32:00,E5,230.96,On Time
1568,2023-01-16,03:20:00,A1,617.38,On Time
1569,2023-01-15,02:51:00,B2,149.35,Delayed
1570,2023-01-25,03:49:00,E5,289.9,On Time
1571,2023-02-02,03:17:00,D4,450.05,Delayed
1572,2023-01-25,04:04:00,D4,573.83,On Time
1573,2023-02-11,03:57:00,D4,399.65,Cancelled
1574,2023-01-25,04:17:00,D4,134.93,On Time
1575,2023-01-02,04:38:00,E5,488.88,Delayed
1576,2023-01-25,05:10:00,A1,154.35,On Time
1577,2023-01-24,05:35:00,B2,326.37,On Time
1578,2023-01-26,05:15:00,A1,637.87,On Time
1579,2023-01-21,05:49:00,A1,199.92,Delayed
1580,2023-02-08,06:05:00,D4,410.72,Cancelled
1581,2023-01-13,06:13:00,D4,264.65,On Time
1582,2023-02-01,06:30:00,C3,168.13,On Time
1583,2023-02-04,06:52:00,A1,511.06,On Time
1584,2023-01-23,07:11:00,C3,646.2,Delayed
1585,2023-01-13,07:24:00,B2,252.43,Delayed
1586,2023-02-08,07:50:00,D4,117.4,Delayed
1587,2023-01-24,07:39:00,C3,679.67,Delayed
1588,2023-01-22,07:35:00,E5,496.38,On Time
1589,2023-01-02,08:18:00,E5,217.32,On Time
1590,2023-01-15,08:24:00,E5,205.29,On Time
1591,2023-02-01,08:38:00,E5,375.09,On Time
1592,2023-01-28,09:11:00,A1,377.54,On Time
1593,2023-02-08,09:15:00,B2,324.02,On Time
1594,2023-02-03,09:41:00,B2,256.33,On Time
1595,2023-02-06,10:04:00,E5,276.73,On Time
1596,2023-01-10,09:57:00,D4,123.47,On Time
1597,2023-01-09,10:12:00,E5,211.17,On Time
1598,2023-01-17,10:33:00,A1,289.01,Delayed
1599,2023-01-05,10:43:00,A1,209.76,Delayed
1600,2023-02-01,11:12:00,C3,233.71,On Time
1601,2023-02-08,11:24:00,C3,686.12,On Time
1602,2023-02-07,11:54:00,E5,191.02,Delayed
1603,2023-02-04,11:33:00,A1,323.95,On Time
1604,2023-01-13,12:21:00,E5,623.07,On Time
1605,2023-01-26,12:09:00,C3,490.48,On Time
1606,2023-02-02,12:44:00,B2,667.05,On Time
1607,2023-01-17,12:26:00,C3,143.45,On Time
1608,2023-01-21,12:44:00,C3,384.47,On Time
1609,2023-01-22,13:43:00,D4,680.25,On Time
1610,2023-02-09,13:52:00,B2,525.33,On Time
1611,2023-01-29,13:20:00,E5,605.45,On Time
1612,2023-02-05,14:20:00,C3,302.05,On Time
1613,2023-02-02,14:36:00,C3,464.48,On Time
1614,2023-01-13,14:36:00,D4,324.52,On Time
1615,2023-02-06,14:16:00,C3,650.46,On Time
1616,2023-02-10,14:47:00,B2,543.78,On Time
1617,2023-01-16,15:02:00,E5,306.51,On Time
1618,2023-01-12,15:41:00,E5,281.39,Delayed
1619,2023-02-03,16:13:00,B2,553.45,Delayed
1620,2023-01-27,15:34:00,B2,415.03,On Time
1621,2023-01-21,16:17:00,B2,86.41,On Time
1622,2023-01-04,16:55:00,C3,580.95,On Time
1623,2023-01-16,17:14:00,B2,133.61,On Time
1624,2023-01-02,17:14:00,A1,256.54,On Time
1625,2023-01-15,17:02:00,D4,217.35,On Time
1626,2023-01-22,17:35:00,B2,654.49,On Time
1627,2023-01-19,17:19:00,E5,604.39,On Time
1628,2023-01-26,18:03:00,C3,644.34,On Time
1629,2023-01-26,17:52:00,A1,641.83,On Time
1630,2023-01-08,18:12:00,D4,626.83,On Time
1631,2023-01-09,19:00:00,D4,190.47,Delayed
1632,2023-01-26,18:46:00,E5,553.97,On Time
1633,2023-01-20,19:28:00,D4,280.99,Delayed
1634,2023-01-12,19:50:00,B2,203.76,On Time
1635,2023-01-18,19:52:00,D4,189.04,On Time
1636,2023-02-03,19:48:00,B2,454.04,On Time
1637,2023-01-21,20:10:00,D4,515.89,On Time
1638,2023-01-17,20:23:00,B2,415.35,Delayed
1639,2023-01-19,20:54:00,D4,422.83,Delayed
1640,2023-01-31,20:49:00,E5,381.4,Delayed
1641,2023-01-25,21:07:00,A1,318.9,Cancelled
1642,2023-02-02,21:48:00,B2,514.7,On Time
1643,2023-01-13,22:02:00,A1,525.58,Cancelled
1644,2023-01-14,21:58:00,E5,644.18,On Time
1645,2023-01-10,22:31:00,E5,517.75,On Time
1646,2023-02-06,22:16:00,C3,572.88,On Time
1647,2023-01-01,23:09:00,E5,188.74,On Time
1648,2023-01-28,22:58:00,B2,412.03,On Time
1649,2023-01-02,23:12:00,E5,347.47,Cancelled
1650,2023-01-01,23:32:00,B2,684.86,Delayed
1651,2023-01-24,23:51:00,D4,651.11,On Time
1652,2023-01-28,00:09:00,D4,655.02,Delayed
1653,2023-01-27,00:04:00,D4,475.46,Delayed
1654,2023-01-16,00:01:00,C3,226.7,Cancelled
1655,2023-01-29,01:12:00,C3,484.84,On Time
1656,2023-01-23,00:59:00,B2,560.48,On Time
1657,2023-01-18,01:24:00,E5,169.37,On Time
1658,2023-02-02,01:12:00,B2,133.44,On Time
1659,2023-01-29,01:48:00,A1,503.14,On Time
1660,2023-01-26,02:27:00,D4,203.39,On Time
1661,2023-01-12,01:54:00,D4,269.24,On Time
1662,2023-01-30,02:35:00,B2,138.36,On Time
1663,2023-01-07,03:11:00,D4,455.18,On Time
1664,2023-01-31,03:09:00,D4,524.22,On Time
1665,2023-01-01,02:50:00,E5,600.08,On Time
1666,2023-01-04,03:13:00,E5,550.43,On Time
1667,2023-02-11,03:26:00,C3,384.24,On Time
1668,2023-02-07,03:55:00,E5,511.51,On Time
1669,2023-01-07,04:28:00,E5,384.79,On Time
1670,2023-02-01,04:53:00,E5,408.38,Delayed
1671,2023-01-22,04:48:00,C3,525.18,On Time
1672,2023-01-25,05:20:00,E5,339.0,On Time
1673,2023-02-09,05:13:00,B2,399.23,On Time
1674,2023-02-11,05:46:00,E5,683.57,On Time
1675,2023-01-03,05:41:00,A1,346.77,On Time
1676,2023-01-14,05:45:00,A1,400.21,On Time
1677,2023-01-19,05:47:00,C3,356.26,Delayed
1678,2023-01-31,06:45:00,E5,201.57,On Time
1679,2023-01-06,06:41:00,C3,438.57,Cancelled
1680,2023-01-12,07:17:00,B2,533.97,Delayed
1681,2023-01-22,06:51:00,E5,116.98,On Time
1682,2023-01-10,07:21:00,A1,251.19,On Time
1683,2023-01-31,07:24:00,D4,225.28,On Time
1684,2023-02-02,07:46:00,D4,571.72,On Time
1685,2023-01-13,08:22:00,C3,566.49,On Time
1686,2023-01-02,08:53:00,C3,484.22,Delayed
1687,2023-01-21,08:38:00,A1,85.64,On Time
1688,2023-01-18,09:15:00,C3,636.99,On Time
1689,2023-01-19,09:11:00,D4,245.23,On Time
1690,2023-01-22,09:06:00,B2,415.08,On Time
1691,2023-01-18,09:17:00,D4,247.69,On Time
1692,2023-02-06,09:59:00,C3,472.22,On Time
1693,2023-02-05,10:22:00,D4,137.55,On Time
1694,2023-02-07,10:39:00,D4,148.14,On Time
1695,2023-01-18,10:40:00,C3,224.32,Delayed
1696,2023-01-23,11:13:00,D4,608.38,Delayed
1697,2023-02-11,11:33:00,A1,404.85,On Time
1698,2023-01-01,11:18:00,D4,396.49,On Time
1699,2023-01-21,12:13:00,E5,355.3,On Time
1700,2023-01-19,11:46:00,D4,564.11,On Time
1701,2023-02-01,12:35:00,A1,592.81,On Time
1702,2023-01-05,12:46:00,A1,224.34,On Time
1703,2023-01-19,12:32:00,A1,332.64,On Time
1704,2023-01-23,13:15:00,C3,657.76,On Time
1705,2023-01-23,13:44:00,E5,92.51,On Time
1706,2023-01-14,13:16:00,C3,110.23,On Time
1707,2023-01-23,13:39:00,C3,577.39,On Time
1708,2023-02-01,14:14:00,D4,436.66,On Time
1709,2023-01-08,13:57:00,E5,437.46,Delayed
1710,2023-01-01,14:41:00,E5,170.14,On Time
1711,2023-02-11,14:35:00,E5,302.25,On Time
1712,2023-01-13,15:28:00,E5,614.4,Delayed
1713,2023-02-04,15:12:00,C3,183.04,Delayed
1714,2023-02-06,15:16:00,A1,232.75,On Time
1715,2023-01-12,15:51:00,A1,604.85,On Time
1716,2023-01-03,16:01:00,C3,595.52,Delayed
1717,2023-01-26,15:57:00,B2,197.0,On Time
1718,2023-01-25,16:05:00,C3,89.6,On Time
1719,2023-01-11,16:28:00,D4,107.93,On Time
1720,2023-01-27,17:15:00,B2,352.09,On Time
1721,2023-01-19,17:26:00,E5,299.03,On Time
1722,2023-01-29,17:50:00,E5,249.17,On Time
1723,2023-01-10,17:49:00,A1,156.08,Delayed
1724,2023-02-05,17:45:00,D4,450.52,On Time
1725,2023-01-24,18:34:00,B2,371.26,Delayed
1726,2023-01-08,18:37:00,B2,438.52,On Time
1727,2023-02-02,18:50:00,E5,412.27,Delayed
1728,2023-01-18,19:02:00,B2,356.84,Delayed
1729,2023-01-18,19:25:00,C3,691.64,On Time
1730,2023-01-09,19:09:00,E5,173.48,On Time
1731,2023-02-03,20:02:00,D4,354.59,On Time
1732,2023-02-07,20:10:00,A1,311.93,Delayed
1733,2023-01-16,19:59:00,B2,594.15,On Time
1734,2023-01-11,20:03:00,D4,671.99,On Time
1735,2023-02-10,20:32:00,A1,482.67,On Time
1736,2023-02-06,21:13:00,D4,623.12,On Time
1737,2023-01-10,20:51:00,A1,353.47,On Time
1738,2023-01-29,21:23:00,D4,410.07,On Time
1739,2023-01-11,21:41:00,E5,248.85,On Time
1740,2023-01-19,22:14:00,C3,193.41,On Time
1741,2023-01-23,22:13:00,B2,480.39,Delayed
1742,2023-01-14,22:37:00,C3,409.66,Delayed
1743,2023-01-10,22:25:00,A1,592.5,Delayed
1744,2023-01-12,23:20:00,A1,501.87,On Time
1745,2023-01-03,23:03:00,E5,186.86,On Time
1746,2023-02-11,23:44:00,E5,255.27,Delayed
1747,2023-02-07,23:34:00,E5,593.91,On Time
1748,2023-01-28,23:59:00,A1,135.11,On Time
1749,2023-02-05,23:48:00,B2,480.2,Delayed
1750,2023-01-19,00:04:00,E5,281.74,On Time
1751,2023-01-03,01:02:00,E5,447.51,On Time
1752,2023-02-06,01:16:00,A1,506.31,On Time
1753,2023-01-24,01:00:00,C3,681.8,Delayed
1754,2023-01-18,01:16:00,E5,545.27,On Time
1755,2023-01-06,01:26:00,E5,404.01,Delayed
1756,2023-01-25,02:15:00,B2,637.76,Delayed
1757,2023-01-16,02:28:00,E5,271.57,On Time
1758,2023-02-10,02:11:00,D4,106.97,On Time
1759,2023-02-08,02:43:00,D4,350.43,Delayed
1760,2023-01-27,02:32:00,E5,362.5,On Time
1761,2023-01-01,03:22:00,D4,611.67,Delayed
1762,2023-01-22,03:07:00,A1,254.14,On Time
1763,2023-01-30,03:21:00,E5,606.65,On Time
1764,2023-02-06,04:14:00,D4,359.18,Delayed
1765,2023-01-22,04:00:00,E5,627.05,On Time
1766,2023-01-28,04:27:00,A1,138.54,On Time
1767,2023-01-18,04:44:00,B2,264.05,On Time
1768,2023-01-28,05:05:00,B2,395.45,On Time
1769,2023-01-13,04:50:00,A1,364.69,On Time
1770,2023-01-21,05:04:00,C3,535.37,On Time
1771,2023-01-25,05:59:00,A1,143.92,Delayed
1772,2023-01-18,06:08:00,C3,642.42,On Time
1773,2023-01-15,06:03:00,B2,609.16,On Time
1774,2023-01-21,06:57:00,A1,95.99,On Time
1775,2023-01-07,06:44:00,B2,100.95,On Time
1776,2023-02-01,06:44:00,E5,678.04,On Time
1777,2023-01-02,07:25:00,C3,326.98,On Time
1778,2023-01-02,07:26:00,D4,358.45,On Time
1779,2023-01-16,07:54:00,D4,157.22,Cancelled
1780,2023-01-20,08:04:00,E5,147.23,Delayed
1781,2023-01-23,08:09:00,E5,582.14,On Time
1782,2023-02-01,08:11:00,B2,162.85,On Time
1783,2023-01-10,08:53:00,D4,668.04,On Time
1784,2023-01-04,09:22:00,B2,195.15,Delayed
1785,2023-01-13,09:10:00,A1,84.96,On Time
1786,2023-01-29,09:52:00,B2,276.6,On Time
1787,2023-01-24,10:01:00,C3,363.14,Delayed
1788,2023-01-06,10:26:00,B2,388.25,Delayed
1789,2023-02-03,10:26:00,A1,282.44,Delayed
1790,2023-02-03,10:46:00,D4,693.93,Delayed
1791,2023-01-05,11:13:00,C3,295.08,On Time
1792,2023-01-06,10:52:00,C3,99.62,On Time
1793,2023-02-01,11:25:00,A1,88.24,On Time
1794,2023-01-20,11:19:00,C3,585.12,On Time
1795,2023-02-10,12:12:00,B2,403.41,On Time
1796,2023-01-29,11:45:00,D4,696.69,On Time
1797,2023-01-31,11:51:00,C3,351.17,Delayed
1798,2023-01-08,12:00:00,E5,168.22,On Time
1799,2023-01-19,13:13:00,D4,446.79,Delayed
1800,2023-01-19,13:09:00,E5,339.54,On Time
1801,2023-01-16,13:18:00,E5,208.6,On Time
1802,2023-01-18,13:12:00,C3,465.85,On Time
1803,2023-01-09,13:48:00,E5,474.19,Delayed
1804,2023-01-25,13:57:00,D4,293.51,On Time
1805,2023-01-07,14:13:00,B2,148.84,Delayed
1806,2023-01-17,14:06:00,B2,654.39,On Time
1807,2023-01-12,15:01:00,D4,449.17,Delayed
1808,2023-01-08,14:42:00,C3,185.21,On Time
1809,2023-01-09,15:40:00,B2,264.57,On Time
1810,2023-01-18,15:32:00,B2,677.51,On Time
1811,2023-01-22,16:04:00,D4,430.04,On Time
1812,2023-01-19,15:31:00,E5,430.38,On Time
1813,2023-01-18,16:23:00,D4,397.73,On Time
1814,2023-01-26,16:59:00,C3,597.37,Delayed
1815,2023-01-28,16:32:00,D4,681.92,On Time
1816,2023-02-02,16:51:00,B2,491.83,Cancelled
1817,2023-01-27,17:35:00,D4,569.88,On Time
1818,2023-02-04,17:15:00,E5,642.8,On Time
1819,2023-01-30,18:09:00,A1,268.84,On Time
1820,2023-01-05,18:06:00,D4,558.18,Delayed
1821,2023-01-07,18:36:00,A1,531.99,Delayed
1822,2023-01-07,18:27:00,E5,185.86,Delayed
1823,2023-02-10,18:36:00,E5,685.97,Delayed
1824,2023-02-10,19:22:00,B2,118.99,Delayed
1825,2023-01-05,19:30:00,B2,439.24,On Time
1826,2023-01-09,19:38:00,A1,424.88,On Time
1827,2023-01-30,19:49:00,B2,412.23,Delayed
1828,2023-01-04,20:08:00,B2,338.7,On Time
1829,2023-01-14,20:06:00,C3,644.73,Delayed
1830,2023-01-19,20:47:00,D4,461.76,On Time
1831,2023-02-05,21:14:00,C3,113.81,Delayed
1832,2023-01-03,20:37:00,B2,695.28,Delayed
1833,2023-01-09,21:23:00,D4,374.75,On Time
1834,2023-01-01,21:47:00,C3,127.83,Delayed
1835,2023-01-02,21:37:00,D4,600.91,On Time
1836,2023-01-04,21:42:00,C3,155.63,On Time
1837,2023-02-01,22:01:00,E5,571.17,On Time
1838,2023-01-30,22:09:00,D4,685.46,Delayed
1839,2023-01-25,22:57:00,E5,413.4,Delayed
1840,2023-02-11,22:55:00,B2,382.27,Delayed
1841,2023-02-05,23:14:00,B2,465.71,Delayed
1842,2023-01-13,23:24:00,D4,348.48,On Time
1843,2023-01-12,23:46:00,D4,310.88,On Time
1844,2023-01-16,23:34:00,D4,541.19,On Time
1845,2023-01-18,23:53:00,B2,113.66,Delayed
1846,2023-01-05,00:57:00,D4,388.51,On Time
1847,2023-01-25,01:05:00,C3,396.21,On Time
1848,2023-01-23,01:02:00,B2,626.32,On Time
1849,2023-01-29,00:57:00,B2,654.9,On Time
1850,2023-01-01,01:24:00,B2,169.97,Delayed
1851,2023-01-15,01:42:00,A1,629.85,On Time
1852,2023-01-30,01:49:00,B2,262.7,On Time
1853,2023-01-02,02:22:00,E5,339.37,On Time
1854,2023-02-05,02:09:00,B2,391.15,Cancelled
1855,2023-01-29,02:17:00,D4,608.21,Cancelled
1856,2023-01-28,03:13:00,E5,349.2,On Time
1857,2023-01-15,03:30:00,C3,635.04,On Time
1858,2023-01-16,03:14:00,D4,610.85,Delayed
1859,2023-01-09,03:54:00,E5,656.66,On Time
1860,2023-01-16,03:57:00,A1,280.13,On Time
1861,2023-01-23,04:13:00,C3,161.25,On Time
1862,2023-01-13,04:14:00,E5,453.94,On Time
1863,2023-02-01,05:04:00,A1,699.64,Delayed
1864,2023-01-11,05:10:00,D4,474.77,On Time
1865,2023-01-24,05:01:00,D4,653.33,Delayed
1866,2023-01-21,05:44:00,E5,284.54,On Time
1867,2023-01-23,05:47:00,D4,397.84,On Time
1868,2023-01-30,06:17:00,B2,338.05,On Time
1869,2023-01-27,05:52:00,E5,288.17,On Time
1870,2023-01-12,06:39:00,A1,419.1,On Time
1871,2023-01-23,07:01:00,B2,690.31,On Time
1872,2023-01-18,06:35:00,B2,245.72,On Time
1873,2023-01-17,07:16:00,E5,249.1,On Time
1874,2023-01-27,07:17:00,D4,396.18,Delayed
1875,2023-02-04,08:07:00,A1,647.66,On Time
1876,2023-02-05,08:17:00,E5,628.3,On Time
1877,2023-01-09,07:46:00,C3,547.22,On Time
1878,2023-02-08,08:38:00,E5,414.44,On Time
1879,2023-02-07,08:25:00,C3,436.99,On Time
1880,2023-01-13,08:57:00,C3,654.93,On Time
1881,2023-02-10,09:19:00,B2,608.6,Delayed
1882,2023-01-29,09:33:00,D4,166.43,On Time
1883,2023-01-07,09:17:00,E5,603.68,On Time
1884,2023-01-09,10:25:00,E5,655.59,Cancelled
1885,2023-01-23,10:15:00,C3,660.85,On Time
1886,2023-01-10,10:49:00,A1,80.69,On Time
1887,2023-02-09,11:02:00,E5,213.33,Delayed
1888,2023-01-22,10:40:00,C3,177.58,On Time
1889,2023-01-07,10:51:00,E5,413.34,On Time
1890,2023-02-04,11:00:00,E5,419.93,On Time
1891,2023-01-14,11:26:00,B2,636.34,Delayed
1892,2023-02-08,11:30:00,E5,631.86,On Time
1893,2023-02-02,12:40:00,C3,445.84,On Time
1894,2023-02-10,12:09:00,C3,259.35,Delayed
1895,2023-01-18,12:33:00,D4,301.64,On Time
1896,2023-01-03,13:21:00,A1,466.23,On Time
1897,2023-02-10,12:57:00,D4,143.51,On Time
1898,2023-01-12,13:50:00,B2,519.31,On Time
1899,2023-01-09,14:05:00,D4,544.4,Delayed
1900,2023-01-20,13:44:00,D4,648.39,On Time
1901,2023-02-09,14:26:00,D4,126.78,Delayed
1902,2023-01-08,14:12:00,D4,305.68,On Time
1903,2023-01-12,14:48:00,A1,571.89,On Time
1904,2023-01-28,15:02:00,A1,455.14,Delayed
1905,2023-02-01,15:10:00,A1,606.31,On Time
1906,2023-01-14,15:29:00,C3,313.73,On Time
1907,2023-01-22,15:38:00,E5,538.16,On Time
1908,2023-01-09,15:53:00,E5,573.45,On Time
1909,2023-02-08,16:29:00,C3,632.85,On Time
1910,2023-02-05,16:26:00,A1,500.45,Delayed
1911,2023-01-24,16:58:00,A1,122.79,Delayed
1912,2023-02-03,17:07:00,B2,614.02,Delayed
1913,2023-01-12,17:06:00,E5,123.83,Cancelled
1914,2023-01-01,17:51:00,D4,97.6,Delayed
1915,2023-02-09,18:08:00,C3,261.47,Cancelled
1916,2023-01-29,18:05:00,E5,444.19,On Time
1917,2023-01-16,18:31:00,A1,660.42,On Time
1918,2023-01-18,18:13:00,C3,403.08,On Time
1919,2023-02-10,18:58:00,C3,638.2,On Time
1920,2023-01-12,18:44:00,C3,576.16,Cancelled
1921,2023-01-19,19:06:00,A1,376.39,On Time
1922,2023-02-11,19:36:00,D4,238.2,Delayed
1923,2023-02-09,20:02:00,B2,404.32,On Time
1924,2023-01-10,20:17:00,E5,397.8,On Time
1925,2023-02-08,20:06:00,B2,501.69,On Time
1926,2023-01-10,20:41:00,E5,496.68,On Time
1927,2023-01-04,20:58:00,A1,366.7,Delayed
1928,2023-02-10,21:17:00,B2,89.34,On Time
1929,2023-01-24,20:47:00,E5,268.64,On Time
1930,2023-01-21,21:03:00,C3,146.6,On Time
1931,2023-01-06,21:19:00,D4,396.02,On Time
1932,2023-01-27,22:07:00,B2,543.85,On Time
1933,2023-01-22,22:18:00,B2,255.76,Delayed
1934,2023-02-02,22:29:00,B2,510.35,On Time
1935,2023-01-13,23:01:00,C3,318.28,Delayed
1936,2023-01-05,23:13:00,C3,496.56,On Time
1937,2023-02-07,23:05:00,A1,533.89,On Time
1938,2023-01-24,23:38:00,C3,141.71,On Time
1939,2023-01-01,23:55:00,B2,234.11,On Time
1940,2023-01-17,23:42:00,A1,447.65,On Time
1941,2023-01-28,23:48:00,E5,260.06,Delayed
1942,2023-01-19,00:19:00,C3,126.07,Delayed
1943,2023-01-01,01:11:00,B2,427.75,Delayed
1944,2023-01-31,00:53:00,A1,696.76,Delayed
1945,2023-02-01,01:08:00,A1,211.99,On Time
1946,2023-01-24,01:28:00,B2,83.98,On Time
1947,2023-02-10,01:17:00,E5,221.74,On Time
1948,2023-01-30,01:37:00,B2,183.97,On Time
1949,2023-01-30,02:14:00,D4,413.9,Delayed
1950,2023-01-20,02:08:00,C3,279.63,On Time
1951,2023-01-26,02:51:00,E5,243.79,Delayed
1952,2023-02-05,03:20:00,D4,660.09,Delayed
1953,2023-01-20,03:17:00,B2,215.88,Delayed
1954,2023-01-10,03:23:00,D4,125.19,Cancelled
1955,2023-01-09,03:25:00,C3,261.15,On Time
1956,2023-01-09,03:50:00,C3,372.42,On Time
1957,2023-01-16,04:30:00,A1,188.52,On Time
1958,2023-01-25,04:19:00,E5,320.68,Delayed
1959,2023-02-09,04:23:00,D4,293.52,Delayed
1960,2023-01-14,04:45:00,A1,670.72,On Time
1961,2023-01-22,05:26:00,C3,500.17,Delayed
1962,2023-01-08,05:54:00,E5,318.33,Delayed
1963,2023-01-12,05:55:00,E5,390.99,On Time
1964,2023-01-11,06:13:00,E5,394.63,On Time
1965,2023-02-02,06:22:00,E5,402.96,Delayed
1966,2023-01-06,06:00:00,C3,407.96,On Time
1967,2023-02-02,06:34:00,C3,506.59,Cancelled
1968,2023-01-30,06:53:00,B2,361.12,On Time
1969,2023-02-11,06:51:00,C3,537.37,On Time
1970,2023-01-17,07:20:00,C3,328.18,On Time
1971,2023-02-09,07:21:00,B2,539.57,On Time
1972,2023-01-05,08:06:00,C3,287.01,Delayed
1973,2023-01-15,08:32:00,A1,443.99,Delayed
1974,2023-01-26,08:02:00,B2,571.28,On Time
1975,2023-01-02,08:33:00,E5,458.36,On Time
1976,2023-01-17,08:53:00,B2,593.98,On Time
1977,2023-01-23,09:16:00,A1,510.58,On Time
1978,2023-01-18,09:12:00,A1,383.39,On Time
1979,2023-02-08,10:06:00,B2,94.77,On Time
1980,2023-01-23,10:24:00,A1,419.88,Delayed
1981,2023-01-08,10:10:00,B2,555.23,On Time
1982,2023-01-10,10:25:00,B2,221.93,Delayed
1983,2023-01-06,11:13:00,B2,473.37,Delayed
1984,2023-01-27,10:34:00,D4,196.74,On Time
1985,2023-02-03,11:31:00,C3,365.85,Delayed
1986,2023-01-03,11:22:00,B2,502.43,On Time
1987,2023-01-05,12:09:00,C3,414.57,On Time
1988,2023-01-05,12:19:00,B2,126.64,On Time
1989,2023-02-01,12:19:00,D4,657.24,On Time
1990,2023-01-17,12:25:00,D4,283.96,On Time
1991,2023-01-04,12:54:00,B2,454.17,On Time
1992,2023-02-03,13:12:00,C3,570.3,Delayed
1993,2023-01-02,13:19:00,C3,127.41,Delayed
1994,2023-01-15,13:56:00,B2,198.11,On Time
1995,2023-01-29,13:37:00,D4,114.41,Delayed
1996,2023-01-20,13:35:00,A1,169.52,On Time
1997,2023-02-04,13:47:00,C3,137.39,Delayed
1998,2023-01-10,14:43:00,C3,359.12,On Time
1999,2023-01-19,15:05:00,E5,97.1,Delayed
