flight_id,airline,aircraft_type,route,passengers,fuel_cost,revenue,delay_minutes
FL0001,Southwest,Airbus A320,Domestic,260,15894.156630321526,58908.18293876588,5.260193903406175
FL0002,JetBlue,Airbus A330,International,249,18005.782646865584,46453.41598004646,3.591703621938453
FL0003,American,Airbus A330,Domestic,270,11285.511675583299,39180.39555001235,23.840230072835773
FL0004,JetBlue,Boeing 737,Domestic,234,15074.557014733933,54305.34564915711,8.000846851758968
FL0005,JetBlue,Airbus A320,Domestic,267,12953.896850402056,16387.719895724542,1.1135574512497723
FL0006,United,Boeing 737,Domestic,86,11476.530352520585,27706.408561720767,6.569511816554046
FL0007,American,Boeing 777,International,212,10390.644778529313,39091.787854325274,12.139679068337026
FL0008,American,Boeing 777,Domestic,314,11428.054283463898,28885.147220764702,9.861439445906077
FL0009,American,Boeing 737,Domestic,124,15180.087017256037,38030.66653795234,1.5107991620261843
FL0010,JetBlue,Airbus A330,Regional,328,10167.46663331476,55244.556548193934,28.725314974503178
FL0011,Southwest,Airbus A330,International,110,13347.818927734088,46585.64065603177,4.765458528187758
FL0012,American,Boeing 737,Domestic,102,17439.583220558692,60967.40442611507,1.3855468033169014
FL0013,JetBlue,Boeing 737,Domestic,239,16347.032890256807,47344.50341222093,1.5895175341568033
FL0014,United,Boeing 777,Domestic,237,13408.47713118553,56909.52997793432,0.8272105308229878
FL0015,Southwest,Airbus A330,Domestic,118,20069.07124007617,44231.15639845803,13.017480054436042
FL0016,United,Boeing 737,Domestic,161,20679.109241734983,37916.694199682606,1.0411473401922797
FL0017,Southwest,Boeing 777,Domestic,337,15078.367294619176,62766.81666650266,1.0693964311259765
FL0018,JetBlue,Airbus A330,Domestic,285,7594.371252347076,36487.796544767196,15.202152290828204
FL0019,Delta,Airbus A320,Domestic,156,17659.34459104878,49126.137877491594,3.380126197830769
FL0020,Southwest,Boeing 777,Regional,91,8118.070979899244,54226.76835869368,0.25075229009007893
FL0021,United,Airbus A330,Domestic,303,19428.4383321602,55097.91245365028,0.4263227142365965
FL0022,JetBlue,Airbus A330,Domestic,92,18250.754702226895,31014.687957359765,1.2267988404872345
FL0023,Southwest,Boeing 777,Domestic,125,20322.63751241406,57623.404869939186,1.920215698723289
FL0024,Delta,Airbus A320,Regional,234,15780.79667510318,33252.53704671276,8.752489944953853
FL0025,Delta,Boeing 777,Domestic,192,13915.842698454486,54728.44386419992,1.3694035373402729
FL0026,American,Airbus A330,Domestic,312,13649.696598929328,51422.081652589186,1.0124407034194434
FL0027,American,Boeing 737,Regional,96,13361.219486907308,54823.56794135878,11.575802686386437
FL0028,United,Boeing 737,Regional,302,17943.20596102411,30539.95774681167,8.894924627078206
FL0029,Southwest,Boeing 777,International,267,17136.814468517634,52055.1569128127,4.572028446642978
FL0030,Southwest,Airbus A330,Domestic,242,15360.676900302638,58027.12411689806,6.3758002415624055
FL0031,American,Boeing 737,Domestic,153,12833.456076219083,47320.74939794089,2.9915457203902274
FL0032,Southwest,Airbus A330,International,312,22887.637893900817,35176.59984474508,5.2699725271355895
FL0033,Southwest,Boeing 777,Regional,303,17737.12384188861,56036.971371935884,5.652658618255895
FL0034,Delta,Boeing 737,Domestic,139,10206.864240679774,46367.03553720924,3.918219868148122
FL0035,American,Airbus A330,Domestic,301,13451.231952188618,24906.66883406765,18.96453158179252
FL0036,JetBlue,Boeing 737,Domestic,116,17795.328292226117,34245.72645220008,0.12953803857599314
FL0037,American,Boeing 777,International,275,12601.383236301948,38684.465625276316,12.192369083656047
FL0038,JetBlue,Airbus A330,Domestic,321,16054.643876477667,63069.81945167588,1.0626104442612623
FL0039,Delta,Boeing 737,Domestic,298,17852.388901008446,60962.19703567457,12.777994391884752
FL0040,United,Boeing 777,Domestic,271,4834.715752030821,60923.62237268011,7.655066931527015
FL0041,Southwest,Boeing 737,Domestic,96,14675.88690063225,47788.3233322064,14.826258592436533
FL0042,Delta,Boeing 737,Domestic,91,14793.627460695365,55963.137501350386,0.8208196974991678
FL0043,Southwest,Airbus A320,Domestic,272,13763.78263294863,31310.647095769313,6.549331927148086
FL0044,United,Airbus A320,International,101,15905.085404838122,45081.63718071325,5.562602491921469
FL0045,United,Boeing 777,Domestic,199,16972.558822487623,50419.59241979515,9.798662500221937
FL0046,Delta,Airbus A320,Domestic,289,15426.152832973828,32101.211312290558,6.113546729859243
FL0047,United,Boeing 777,Domestic,349,13878.517817851704,47518.94507570244,6.225015607607448
FL0048,JetBlue,Airbus A320,Domestic,271,16897.863899352807,65239.67022965213,4.491282386917393
FL0049,United,Boeing 737,Domestic,254,15147.160227823071,51705.23741472752,2.9550069278710036
FL0050,Southwest,Boeing 777,Domestic,283,14307.898760413565,56010.542479969445,5.2663241352256005
FL0051,Southwest,Boeing 777,Domestic,243,11063.161843983242,15571.116918812852,1.008972869918477
FL0052,Southwest,Boeing 737,Domestic,330,10312.035644201766,63695.62618983509,26.0595485185208
FL0053,Southwest,Boeing 777,Domestic,306,11006.310621857789,42766.531826973966,10.025605895960886
FL0054,JetBlue,Boeing 777,Regional,86,15834.987183660645,35775.76423115949,24.370668217609005
FL0055,American,Airbus A320,Domestic,108,14762.763757180945,42904.34577828084,2.056988941645311
FL0056,Delta,Boeing 777,International,112,10559.14770537761,27179.734100629226,16.91829648779203
FL0057,Southwest,Airbus A330,Domestic,213,16937.753477381433,57575.30474102571,13.235063181974905
FL0058,United,Boeing 737,International,158,19122.928539537286,40975.25132671448,9.044599458535448
FL0059,Southwest,Airbus A320,International,137,13204.519149850992,36136.43025568717,7.847256684809218
FL0060,United,Airbus A320,Domestic,105,9777.054427894878,42983.33921173962,3.044810308922531
FL0061,United,Airbus A330,Domestic,305,12872.620845294263,58416.18785491369,13.560436353285644
FL0062,Southwest,Boeing 737,Domestic,83,17563.381880384084,46577.500809374644,5.5694616485499235
FL0063,JetBlue,Boeing 737,Domestic,178,16645.58957560432,28083.674765598396,0.5882386913607025
FL0064,United,Airbus A320,Regional,118,12232.701941965563,50579.76995689299,3.0017745838177894
FL0065,United,Boeing 777,International,236,19563.516413294226,33852.2405481285,21.90359386992691
FL0066,Southwest,Airbus A320,Regional,154,19044.840197779195,19126.7876235022,15.213322961718749
FL0067,United,Boeing 737,Domestic,209,12800.981810170077,62952.08655260614,32.097265609057715
FL0068,United,Airbus A330,International,254,12770.1299911051,50486.75849793227,7.910749089348372
FL0069,Southwest,Airbus A320,Regional,163,13221.51618786153,44060.75203435902,2.2749413494544664
FL0070,Southwest,Boeing 737,Domestic,101,13478.001673834362,40852.685823639615,1.4216821181961796
FL0071,Delta,Airbus A320,Domestic,106,17851.614023785332,61764.95400879979,1.655351486940714
FL0072,JetBlue,Boeing 777,International,274,16275.987181429782,82045.86180238087,0.1599537373003647
FL0073,JetBlue,Airbus A320,Domestic,315,17631.236308051764,50385.3662227982,3.9633212977150802
FL0074,United,Airbus A320,International,171,17020.6954295601,32644.383812065484,1.6998812398811145
FL0075,JetBlue,Boeing 737,Domestic,100,20143.581204581198,43146.41377358429,4.243540408654986
FL0076,United,Boeing 737,International,163,11821.84336857258,50166.87206512859,21.86625878989167
FL0077,Delta,Boeing 737,Domestic,341,16141.075591151748,16805.660316097612,4.504536828134113
FL0078,Southwest,Airbus A320,Domestic,226,8478.536231295908,49013.99042133741,16.8288573474183
FL0079,Southwest,Boeing 777,Domestic,336,11049.133277709425,50237.101553916946,7.441185771565578
FL0080,Southwest,Airbus A330,International,137,14775.43984219546,60916.10637584665,2.2709181906480254
FL0081,JetBlue,Airbus A330,International,94,16254.619838263608,59665.47962847665,3.5186483936403565
FL0082,Delta,Boeing 737,Domestic,241,14694.552773911291,46334.06592347444,0.7012086014101632
FL0083,JetBlue,Boeing 737,Domestic,242,13298.422743561965,63175.642878964296,3.2452721384108205
FL0084,JetBlue,Airbus A320,Regional,91,13831.746367520887,69428.13982846508,9.054232908867396
FL0085,Delta,Airbus A330,Domestic,287,19108.32292927231,45335.41746293352,0.5987461245636633
FL0086,Delta,Boeing 737,International,106,13847.903466359578,50018.24494161299,1.8393456653243352
FL0087,Delta,Boeing 777,Domestic,151,20247.724866130586,23792.431762673084,3.842902132582367
FL0088,Delta,Boeing 777,Domestic,139,17382.0512206234,27588.320850706943,32.16111497118315
FL0089,Southwest,Boeing 737,Domestic,224,16372.612038444691,34941.64423188577,12.291798187001215
FL0090,American,Boeing 737,Domestic,172,11419.209269037014,39676.58034579536,10.578650439006989
FL0091,American,Airbus A330,International,87,17805.71448419888,31846.52370314318,0.9881140307837697
FL0092,Delta,Airbus A330,Domestic,158,13518.688266754501,44568.05505627309,12.149318389799594
FL0093,American,Airbus A320,Domestic,106,11416.6807259829,40035.48998790458,12.306946553882138
FL0094,American,Airbus A330,Regional,253,16538.530839238134,57850.742776075385,7.352410221903614
FL0095,Delta,Boeing 777,Domestic,129,10836.161818300381,39302.716254195504,37.13615233640235
FL0096,American,Boeing 777,Domestic,278,12713.275613611253,17559.384621414065,3.147350526397055
FL0097,JetBlue,Boeing 737,Regional,260,14969.652265593266,46509.014070425044,22.678770373675626
FL0098,United,Airbus A330,International,103,21655.264272344182,44829.62370706393,19.695565295317916
FL0099,United,Airbus A320,Domestic,125,12939.252732622537,34655.401423146075,0.09237657049482975
FL0100,Delta,Boeing 777,Regional,94,13625.350442098274,46139.99860196444,4.78439111616238
FL0101,Southwest,Boeing 777,International,232,17197.035163264936,32096.82494128398,30.21442587937908
FL0102,Delta,Airbus A320,Domestic,301,11285.112934871862,48958.079443480114,0.870677793526026
FL0103,Southwest,Airbus A320,Domestic,285,16328.419143062747,76595.09324315822,6.34877498163048
FL0104,United,Boeing 777,International,315,18617.780422849763,23332.734325118803,30.8896912919366
FL0105,Delta,Boeing 777,International,307,14078.715345866696,38805.094955890076,6.486359436849282
FL0106,JetBlue,Airbus A320,Domestic,88,18078.462844190595,36881.93854261037,1.6839442902917199
FL0107,American,Boeing 777,Regional,245,15874.349769635419,39800.881398149475,6.981698336515306
FL0108,Southwest,Boeing 737,International,293,12807.954108588658,57239.09495516369,1.8296778498262583
FL0109,American,Boeing 737,Domestic,196,14406.585942310481,51513.91871182829,5.866825966669954
FL0110,American,Airbus A320,Domestic,151,13860.727980059273,55185.19803127708,0.6154130965863257
FL0111,Delta,Airbus A330,Domestic,143,14737.085226550567,45365.94605704318,7.440737669165569
FL0112,American,Airbus A320,International,284,15458.153697659485,29134.80816066171,5.818430489900486
FL0113,JetBlue,Airbus A320,Domestic,288,16764.59980491557,31623.775664880246,10.781555917852248
FL0114,American,Airbus A330,Domestic,151,16526.004748761407,53955.11648959911,7.969177863522086
FL0115,Delta,Airbus A330,International,174,7704.859286213556,47049.982780959566,6.381064959604563
FL0116,JetBlue,Airbus A330,Regional,245,14708.07543368392,60122.488872946065,9.363758770576839
FL0117,United,Boeing 737,Domestic,111,10471.734259779712,48519.145238961566,1.2433363773302195
FL0118,American,Boeing 777,International,90,14172.818242598023,30803.8200800145,7.238053271345577
FL0119,Delta,Boeing 737,Domestic,296,14628.63123656724,38737.17822980214,1.5110056944610426
FL0120,United,Boeing 777,International,181,17928.445074254127,51777.769796195156,20.778034320051376
FL0121,United,Boeing 737,Domestic,346,14909.6535986997,53523.98995486351,0.5662480812834287
FL0122,Southwest,Boeing 777,Domestic,293,15777.65405502978,55261.30358585626,4.502212719761043
FL0123,JetBlue,Boeing 737,International,258,17379.16914197229,32417.710641537684,9.520492859682962
FL0124,American,Airbus A330,Domestic,167,18683.2567794579,30587.6380070769,4.900242074559833
FL0125,Delta,Airbus A320,Domestic,120,14630.958229929269,42722.369763030954,0.7729264826017757
FL0126,Southwest,Boeing 737,International,155,15282.538325041227,62280.88219840145,6.4483596387701105
FL0127,JetBlue,Boeing 777,International,125,15030.069906726761,36673.58015030378,8.209557065369676
FL0128,Southwest,Airbus A330,International,239,13372.203106706771,50459.662687211676,9.733555349133622
FL0129,JetBlue,Boeing 737,International,159,12692.65432967283,50460.73366726758,3.737785610885858
FL0130,JetBlue,Boeing 737,Domestic,165,8184.342250722194,54129.27299604736,6.634667652977957
FL0131,American,Airbus A330,Domestic,171,11770.017196427012,64973.28304737852,4.792687332631868
FL0132,JetBlue,Boeing 737,Domestic,227,9664.107500370588,63742.87709719327,8.919300280391386
FL0133,Southwest,Airbus A320,Domestic,240,18765.595453359758,37864.72999392594,7.0080448241604
FL0134,JetBlue,Boeing 737,Regional,281,15565.248024892286,19825.254704295912,5.968270278150758
FL0135,American,Airbus A320,Domestic,321,14622.1830811595,36857.647975623084,2.296384767267066
FL0136,American,Airbus A320,Domestic,81,12847.544441756756,45908.067528566826,0.0161644616061312
FL0137,Southwest,Airbus A330,Domestic,304,15089.337789703872,40660.25666777211,1.5300751269797725
FL0138,United,Boeing 737,Regional,312,12456.060367033999,68614.78731513763,0.9960389862007748
FL0139,United,Airbus A330,Domestic,156,15522.055669861811,45225.363651797394,4.769394270845751
FL0140,JetBlue,Boeing 737,Domestic,195,15737.201948764061,52844.54256307433,7.579323982470589
FL0141,Delta,Boeing 737,Domestic,233,12415.84889292977,47606.57171576812,1.9170804201345708
FL0142,JetBlue,Boeing 777,International,182,12358.614105532783,40840.401798110135,22.382542820735516
FL0143,Southwest,Boeing 737,Domestic,273,17886.598063785354,21902.259864448002,0.05363643683780924
FL0144,Southwest,Airbus A330,Regional,245,14841.420137126099,44056.58833750217,11.8378461141456
FL0145,Southwest,Airbus A320,Regional,169,12656.938712205329,84055.76751784951,7.851003633869105
FL0146,Southwest,Boeing 737,Domestic,253,13888.481094931443,30066.499201945997,3.741551841727963
FL0147,Southwest,Boeing 777,International,201,11968.217739880178,23221.523467509305,0.4144648416700372
FL0148,American,Airbus A330,Regional,222,14798.449258014249,68236.67163082692,7.899857543288043
FL0149,United,Boeing 737,International,185,17494.884922993406,53904.99563843202,3.8970487278957577
FL0150,Southwest,Airbus A330,Domestic,202,14916.987997217217,47249.03856628124,22.02443987705509
FL0151,Delta,Boeing 777,Domestic,88,22090.900331026154,61352.08634840469,6.246915396451139
FL0152,Delta,Boeing 777,International,341,16264.078704147005,35021.97668452684,22.460954991184867
FL0153,Delta,Airbus A330,Domestic,152,15689.863343526637,43720.862869024175,1.9926533719192094
FL0154,Delta,Boeing 737,International,302,12275.093607102583,56461.84940280988,10.349018763596312
FL0155,American,Airbus A320,Regional,120,14284.399659472,70324.25241384475,7.68296548997624
FL0156,Delta,Boeing 777,Regional,283,12662.958470898924,30977.468224120697,10.758401560878028
FL0157,Southwest,Boeing 737,Domestic,343,8503.064314787629,60368.81350272473,1.9331883797036646
FL0158,JetBlue,Boeing 737,Domestic,257,17922.786666386422,49582.06873009181,8.748867022812536
FL0159,Delta,Airbus A320,Regional,163,13465.648333349307,46956.73280915299,5.513885014276328
FL0160,American,Boeing 777,International,190,12718.799777000082,44907.249332943145,10.863987155125576
FL0161,American,Boeing 777,Domestic,330,15631.710101875395,28384.24055166476,3.1686103005850543
FL0162,Delta,Boeing 737,Regional,86,16537.49865666455,56557.067978556384,17.66234768746275
FL0163,JetBlue,Boeing 737,Regional,163,14037.675501281165,35612.77175608407,0.7045433160391765
FL0164,Delta,Airbus A320,Domestic,287,14992.194997172945,32043.711569971834,13.168371983036781
FL0165,American,Airbus A320,Domestic,101,17238.562221943208,55625.50750680405,15.804667679836252
FL0166,United,Boeing 777,Domestic,82,13919.419216170158,54469.60830176014,13.597190625042368
FL0167,Southwest,Airbus A330,Domestic,206,15907.001225290001,45948.00100333275,5.751435959170424
FL0168,American,Boeing 777,Domestic,267,10022.266144832549,57954.523449739696,4.615509453349641
FL0169,Delta,Boeing 737,International,93,11276.043004716754,62111.23897774938,44.71424979845307
FL0170,Southwest,Boeing 777,Domestic,91,16816.61933424121,60698.68893390649,2.0823196313307974
FL0171,Delta,Airbus A330,Domestic,166,11119.324082498104,38660.65231917624,6.332715079711855
FL0172,Delta,Airbus A320,Domestic,91,15702.412641339888,57169.25917535654,8.885694153586789
FL0173,United,Airbus A330,Domestic,104,14559.003653408781,47539.69173010378,9.654952912982855
FL0174,Southwest,Airbus A330,Regional,322,13906.598212439314,65710.8932442285,1.8254966458130528
FL0175,Southwest,Airbus A330,Domestic,201,12514.611693096816,43515.25996479392,8.490395439262004
FL0176,United,Airbus A320,Domestic,226,17728.020054316126,40722.34035158003,13.646249931205015
FL0177,American,Airbus A330,International,134,20189.673463559506,37634.43747788548,0.4105027930182591
FL0178,Delta,Airbus A330,Domestic,317,15900.576487800583,47271.45473082666,19.399946867709108
FL0179,JetBlue,Airbus A330,Domestic,252,15967.472147018452,50600.705611105244,0.2395844383204077
FL0180,Delta,Boeing 737,Domestic,300,12953.008110427518,50831.54739512725,3.520092586250379
FL0181,Delta,Airbus A330,Domestic,198,11411.708304526861,49190.07048374228,0.12751646976627562
FL0182,American,Airbus A320,Domestic,262,14880.783285581476,53052.444152157674,0.6422666869871472
FL0183,Delta,Airbus A330,Domestic,161,12078.751056125773,42329.49796902722,19.368092350988054
FL0184,United,Airbus A330,Domestic,290,9682.169615052535,34529.81621289754,3.506313753404156
FL0185,United,Airbus A320,Regional,229,17410.337437096747,33482.06403703622,4.4239038296925495
FL0186,Southwest,Airbus A330,Domestic,116,17556.5003647555,56700.61314364162,1.9400828788474829
FL0187,JetBlue,Airbus A320,Domestic,138,12423.483681140717,50643.86772633948,7.272451107362284
FL0188,Delta,Airbus A330,International,210,15731.892963837732,22729.94674859611,7.227059521578375
FL0189,Delta,Airbus A320,Domestic,281,18005.8568033753,58161.041121599286,3.7242740695900216
FL0190,American,Airbus A330,International,322,15615.080061185638,67565.22175683186,3.240140128004448
FL0191,United,Airbus A330,Domestic,114,11420.536061703799,36408.99779089761,17.300102680997263
FL0192,JetBlue,Boeing 737,Regional,172,14301.319760288705,49033.92055531249,3.86677633084536
FL0193,Southwest,Boeing 737,Domestic,286,18980.428260125973,39318.50287641169,5.441863313113312
FL0194,United,Airbus A330,Domestic,292,15741.079930815338,52539.683105654,2.6648366475149095
FL0195,Southwest,Airbus A330,Domestic,238,16617.396309548414,31007.8933310973,12.363052436040508
FL0196,American,Boeing 777,Regional,103,16024.887658107344,44142.652114814635,4.05265256542892
FL0197,American,Airbus A320,Domestic,83,12433.46592606524,56775.769535985375,5.765973275288881
FL0198,Delta,Boeing 777,Domestic,299,13137.464342152072,59828.540871586076,2.3373467799823637
FL0199,JetBlue,Boeing 737,Domestic,99,16016.595471155228,50117.94982703627,35.15900980396477
FL0200,Southwest,Boeing 737,International,231,17450.615340061224,40931.45636148313,2.7567936677627958
FL0201,United,Boeing 737,Domestic,129,18299.71485275365,25888.786987876698,11.783276702493103
FL0202,American,Boeing 737,Regional,256,12425.683365695419,35909.40346512862,4.4618795676199134
FL0203,Delta,Airbus A330,Domestic,175,16299.361604031581,39368.71914294263,1.8475653212594514
FL0204,Delta,Boeing 737,Domestic,184,18561.13233515693,36627.19460038063,12.864261760031141
FL0205,Southwest,Airbus A330,Domestic,329,12038.754689135932,45714.63561976339,3.247003006400084
FL0206,American,Airbus A330,Domestic,196,19460.24140739932,40897.34716594458,16.031309840587177
FL0207,JetBlue,Boeing 737,Domestic,307,19916.82248203257,47065.45646802532,19.745074512854718
FL0208,American,Boeing 737,Domestic,145,22875.25901886498,59431.52761257196,15.71884263006785
FL0209,Southwest,Airbus A320,International,341,15692.800322489984,40122.45334524766,0.28508303639299304
FL0210,Southwest,Boeing 777,Domestic,322,15709.274028787346,28405.596272949304,12.385739557309945
FL0211,American,Boeing 737,Domestic,265,17480.98316735195,36579.5088225015,4.239244842256675
FL0212,Southwest,Airbus A320,Domestic,325,17393.40801914825,52003.06163967926,16.554213921767957
FL0213,American,Airbus A320,Domestic,204,18379.100582986815,53135.325419432076,8.127877831700935
FL0214,United,Boeing 777,Domestic,347,17352.09954139531,49873.02236419481,14.348960030507001
FL0215,American,Airbus A330,Domestic,210,14681.814272885884,60608.84767065619,5.5360909246059125
FL0216,American,Boeing 737,Domestic,316,18665.991362920508,42763.643161476175,6.126181787991006
FL0217,Southwest,Boeing 777,Regional,97,11786.237550921822,69625.99377611189,1.2475027734529558
FL0218,Southwest,Boeing 737,Regional,119,15017.55701017613,54818.24563327088,12.259346787393211
FL0219,Delta,Airbus A320,Domestic,100,19691.2068481494,14718.15035750547,4.3494026811363975
FL0220,Delta,Airbus A320,Domestic,304,11249.260505639042,66607.9035595628,5.546459439538856
FL0221,United,Airbus A330,International,87,12967.57302900851,35796.160678371336,12.3005747066383
FL0222,Delta,Airbus A320,Domestic,179,17015.241873231873,32590.78572651683,7.307267120111693
FL0223,American,Airbus A320,Domestic,319,16181.735919708457,51285.25331799473,1.7961432368681942
FL0224,Southwest,Boeing 777,Domestic,166,12374.923777031265,24141.834331961476,7.1373259335563874
FL0225,Delta,Boeing 737,International,93,13751.417991809578,36654.36922414064,4.189029311950859
FL0226,Delta,Boeing 737,International,81,11457.653812048982,63685.182487490485,5.071867753607945
FL0227,United,Boeing 777,Domestic,120,17941.454998561716,51674.61094797003,0.2297581357188374
FL0228,United,Airbus A330,Domestic,190,14232.355926988404,54746.87737127064,1.8860758839810274
FL0229,American,Boeing 737,Domestic,93,20376.467732281897,37117.07279403031,2.6395750962588704
FL0230,Southwest,Airbus A320,International,310,15243.300732120064,26539.56001238276,9.98506981992391
FL0231,United,Boeing 737,Domestic,163,14340.77908979137,53481.80915176481,0.09247217707608636
FL0232,Delta,Airbus A320,Domestic,209,14049.534716124606,56163.073874903406,4.204499584208852
FL0233,Southwest,Airbus A330,International,310,14267.400494422714,55619.92063297331,20.619004475564648
FL0234,Southwest,Boeing 777,Domestic,224,15332.463285401409,47508.830761414385,0.9491928336261265
FL0235,Delta,Boeing 737,International,107,22537.222729734956,33395.181078335154,5.812380736581912
FL0236,United,Boeing 777,Domestic,145,13983.420989701921,74253.23505671676,12.35378629890726
FL0237,Delta,Boeing 737,Domestic,242,14080.939617686072,50757.44931581011,22.852119664574907
FL0238,Southwest,Airbus A320,Domestic,308,15196.781537049535,42913.360300929984,10.987866656340872
FL0239,JetBlue,Boeing 777,International,340,18270.82351903278,42966.60915019959,10.19990027984371
FL0240,JetBlue,Boeing 737,Regional,243,10737.046316781663,46795.16973688264,14.01207230037052
FL0241,American,Airbus A320,International,89,16365.278210728935,57835.29914589577,4.727630983793763
FL0242,Delta,Boeing 777,Domestic,274,12547.724471936514,47275.53747966543,13.112768500738607
FL0243,Delta,Boeing 777,International,197,16659.818066852848,55302.15784136997,0.06397032022372603
FL0244,American,Boeing 737,Domestic,349,13518.72017291863,46816.77225471849,20.67545304298476
FL0245,American,Boeing 737,Domestic,159,8087.69298072814,43651.75330235543,4.685923815234285
FL0246,American,Boeing 737,Regional,172,16108.732808062456,52695.00471994067,6.448380627315112
FL0247,Southwest,Airbus A320,Domestic,345,16083.434311040606,52239.43240408556,2.3537041435533395
FL0248,Delta,Boeing 737,Domestic,336,13262.75907456171,42964.39057085814,10.85484244187006
FL0249,Southwest,Boeing 777,Domestic,212,13084.968419570992,36009.51650742889,0.6378523714992131
FL0250,American,Boeing 777,Domestic,343,11065.881824737042,49100.74697688522,16.485636800314786
FL0251,Delta,Boeing 737,Domestic,250,17319.299824616613,45940.18402755113,14.087522170916591
FL0252,Southwest,Boeing 737,Domestic,80,17646.647347400423,38341.53944675091,1.9473835236426855
FL0253,Southwest,Airbus A330,Domestic,143,12362.847344472331,34891.19420955844,13.257453721825698
FL0254,American,Boeing 777,Regional,200,13380.196621383448,49925.71012673347,12.347618500367208
FL0255,Delta,Airbus A320,International,186,14810.13263658311,51601.140684332335,8.002088759584286
FL0256,American,Airbus A330,Domestic,254,21812.59584310664,40679.61462414167,3.7411096872827243
FL0257,Delta,Boeing 737,Domestic,283,16635.365242766795,38040.75556904489,2.534127545873805
FL0258,JetBlue,Boeing 737,Domestic,244,12169.753454974862,35036.93773155371,2.1094704164045095
FL0259,United,Boeing 777,Domestic,199,15911.340928471516,49587.059269739024,3.068951418366832
FL0260,United,Boeing 737,Domestic,123,10869.925378085754,35352.27511631116,18.710544684249385
FL0261,United,Airbus A320,International,235,17153.970929748513,71893.61482824877,0.6465641392823768
FL0262,American,Boeing 777,Domestic,286,20026.642180633455,40076.62276834804,14.122713881748076
FL0263,JetBlue,Boeing 737,Domestic,187,20039.375055251876,15897.42866552879,3.432614363884373
FL0264,Delta,Boeing 777,Domestic,330,17204.680510423015,44637.940000450384,5.898454510627585
FL0265,Southwest,Boeing 737,Domestic,209,13249.762932395612,44123.59824217437,12.657914705890391
FL0266,Delta,Boeing 737,Regional,99,11097.294730457623,58340.62281029026,17.25933170317749
FL0267,Southwest,Boeing 737,International,80,10799.384869892672,48457.51484073245,3.3822911136229408
FL0268,Delta,Airbus A320,Domestic,198,6581.348671504371,34993.97779872237,4.956846673067755
FL0269,JetBlue,Airbus A320,Regional,114,17081.567289023766,41563.29751803868,4.282532272759876
FL0270,Southwest,Boeing 777,Domestic,277,14691.493439326801,48929.037259811856,0.10671689457157903
FL0271,American,Boeing 737,Regional,324,17727.648499359384,19023.428996275074,2.807166418673066
FL0272,Delta,Boeing 737,International,138,19284.094455704362,61063.460812685415,4.917486771301145
FL0273,Delta,Airbus A320,Domestic,240,15299.71663170723,35025.96137034403,4.2359042916058565
FL0274,Southwest,Boeing 737,Domestic,258,15437.88482913945,62004.52585137141,10.239036963272552
FL0275,American,Airbus A320,Domestic,285,13607.0389665076,49709.58169351906,3.886509924449647
FL0276,American,Boeing 737,Domestic,91,13961.746748482776,52555.129636727695,5.376981208106843
FL0277,JetBlue,Boeing 777,International,260,17185.409737418802,58793.08123201527,4.4914597867292985
FL0278,American,Boeing 737,Domestic,321,14476.874908904068,51877.58463230998,10.79587853983405
FL0279,American,Boeing 737,Domestic,295,14042.976999741528,53074.63459580942,15.900583249578913
FL0280,American,Airbus A330,International,330,14945.049421671447,43027.00271446342,6.072400003835013
FL0281,United,Airbus A320,Regional,205,17658.99058818477,49466.024177665146,12.463580479127533
FL0282,JetBlue,Boeing 737,Domestic,296,12922.015326509692,37950.02622033908,2.8167599494668822
FL0283,Delta,Boeing 737,Domestic,264,14800.414447343903,40879.06680494439,6.236085153580302
FL0284,Southwest,Airbus A330,Domestic,118,15735.833513335288,68576.3405756269,3.387769434345584
FL0285,Delta,Airbus A330,Domestic,302,18480.66571075572,35301.676979394935,4.278227396824952
FL0286,JetBlue,Airbus A320,Regional,263,14282.109669601743,46851.80551963537,10.546510110214966
FL0287,Southwest,Airbus A330,Domestic,257,12846.529841844833,46361.628440585715,17.07371534585101
FL0288,JetBlue,Boeing 777,Domestic,230,13546.917167182934,41270.94633863041,1.0362730002068052
FL0289,American,Airbus A330,Domestic,205,18159.17229904614,51172.81123884526,8.054960600749805
FL0290,Southwest,Boeing 777,Domestic,313,21099.915895810394,52076.6651128966,6.980943543353912
FL0291,American,Airbus A320,International,87,11058.726558941902,33890.16980222905,1.0082711974828658
FL0292,Delta,Airbus A320,International,208,11714.09515479043,46216.28053855862,1.9049847975071252
FL0293,Delta,Airbus A320,Domestic,343,14493.609639893564,32011.591934731718,2.9801410302174562
FL0294,Southwest,Airbus A320,Domestic,236,15332.86828820413,54462.58341980761,1.461111136963884
FL0295,Southwest,Airbus A320,Domestic,84,17360.908696664985,47117.8477243515,2.2348491156703005
FL0296,JetBlue,Boeing 777,Regional,165,12326.60097419554,45987.958640605044,2.491436455419769
FL0297,JetBlue,Boeing 777,Regional,254,11810.672890051606,52908.376186468835,3.2718562784785967
FL0298,American,Airbus A320,Domestic,272,15414.26145940089,41693.87651437919,11.070873119073275
FL0299,Southwest,Airbus A330,International,198,14224.797839378494,55968.26351061845,6.7874157859734465
FL0300,Delta,Boeing 737,International,297,17780.162993314574,33618.66152692637,34.2917955540673
FL0301,JetBlue,Airbus A320,Domestic,193,16462.07940957115,61942.51822673433,4.285535646779858
FL0302,JetBlue,Airbus A330,Regional,224,16666.138042899656,38389.06580934176,11.215003304579474
FL0303,Delta,Boeing 737,Domestic,105,14686.5559608694,24645.85118765295,16.412645254363426
FL0304,JetBlue,Airbus A320,Domestic,215,22066.740775704617,41057.58109844722,9.08997726572019
FL0305,American,Airbus A320,Domestic,311,12486.75605521872,39696.381632949495,4.2463865938682845
FL0306,Southwest,Boeing 777,Domestic,155,16832.429501264327,40967.112166199564,11.206218054044916
FL0307,Delta,Boeing 737,Domestic,80,11190.930038780678,47779.776185807794,1.8219040953488594
FL0308,Southwest,Boeing 737,International,226,11779.596966781643,58174.10833065927,3.174645916446925
FL0309,JetBlue,Airbus A330,Domestic,221,13177.963203703635,42699.52903323436,6.329348749250574
FL0310,JetBlue,Boeing 777,International,132,19887.970009854078,36700.589162173186,6.853038707980241
FL0311,Delta,Boeing 777,Domestic,148,15791.683291362056,31481.438252594435,0.179122218870109
FL0312,American,Boeing 777,Domestic,169,13228.565794366874,39381.80650429147,23.220003289248325
FL0313,United,Boeing 777,Domestic,299,16123.30897786372,22346.101928995766,9.542344811719097
FL0314,Delta,Boeing 737,Domestic,271,15105.443644273526,36298.402877803666,5.4767310914952505
FL0315,United,Boeing 737,International,142,13524.07989258264,59928.64675034623,21.63970788829738
FL0316,United,Airbus A320,Domestic,152,10810.113432635317,35119.68954505892,4.625637888088069
FL0317,American,Airbus A320,Domestic,240,19315.627453536872,52544.59032960366,31.47233736976602
FL0318,United,Boeing 777,Domestic,248,15629.454386130126,30282.214922298124,5.7441884990719405
FL0319,United,Boeing 777,International,168,21521.215120404715,66253.15079172666,0.9708873592417117
FL0320,American,Boeing 777,Regional,255,17820.96486162264,67051.28079677653,11.578585580575867
FL0321,United,Airbus A320,International,348,16653.959174283125,52092.258678718514,9.08796474507153
FL0322,United,Airbus A330,Domestic,152,13694.387014149099,68895.03121972227,11.861974134083404
FL0323,United,Airbus A330,Domestic,324,11713.96330842925,49269.515699131945,24.19997528652261
FL0324,Delta,Airbus A320,Domestic,156,14346.80704653466,54222.20536979467,11.986368025719395
FL0325,Delta,Airbus A320,Domestic,238,11627.122217382508,60143.20652077842,7.5603328902490405
FL0326,Delta,Airbus A320,Domestic,177,16950.571142192264,47156.62143718139,15.576585132759451
FL0327,American,Airbus A320,Domestic,181,19897.95749309139,26371.470460979264,8.948392235055666
FL0328,JetBlue,Airbus A320,Domestic,211,14217.26320164861,54467.560262812774,4.195598190612862
FL0329,United,Airbus A320,Domestic,181,17833.47291717359,39337.68486679844,17.34581583450467
FL0330,United,Boeing 777,International,98,12932.312789349431,40229.64214853448,2.0072065644091377
FL0331,American,Boeing 777,Domestic,161,14092.599485377947,48574.73899774428,10.032065645295916
FL0332,United,Boeing 777,Domestic,208,12555.10804630367,51795.370556608446,17.067023572497835
FL0333,Delta,Boeing 777,International,168,8600.60089478847,46801.615608074615,10.513769962818055
FL0334,JetBlue,Airbus A320,Domestic,292,14890.399950244167,52628.754433887705,9.55945488492038
FL0335,Southwest,Airbus A330,International,222,15385.355212793258,36517.714391277645,11.17522893653393
FL0336,United,Boeing 737,Domestic,144,18197.582996284913,44487.5544633206,5.004734442162351
FL0337,Delta,Airbus A320,Domestic,155,17386.314758007862,55189.02540541045,16.582631285216028
FL0338,Southwest,Boeing 737,International,278,17426.858697116986,66273.4941172406,1.8195871824339935
FL0339,JetBlue,Airbus A330,International,222,12077.89133064637,70517.2270676785,1.0900996091516675
FL0340,Southwest,Boeing 777,International,172,16378.491918212076,50195.72019273278,2.6894765613367304
FL0341,Delta,Airbus A330,Domestic,303,19747.781896444776,55080.11792094729,6.067075137425541
FL0342,Southwest,Airbus A320,Domestic,181,16139.603552127244,68778.9499777823,5.7159765350343745
FL0343,American,Boeing 777,Domestic,346,20485.78083919499,36949.96755919806,13.74504323601396
FL0344,Southwest,Airbus A320,Domestic,189,21056.89833335959,52556.398232551,4.147753510909402
FL0345,United,Boeing 777,Regional,344,14194.595189125064,54220.11539383375,5.298529833488688
FL0346,United,Boeing 737,Domestic,82,12909.180764758285,62374.33723292094,0.10766268041934689
FL0347,American,Boeing 737,Regional,164,12715.61350374315,31354.303433565332,4.217526940741389
FL0348,Delta,Boeing 737,Domestic,196,10451.59253969034,33727.1305943938,8.347863402550674
FL0349,United,Airbus A330,Domestic,300,13444.791301753434,45256.58653325647,0.12503874178404756
FL0350,JetBlue,Airbus A320,Domestic,233,18622.99634926874,49532.731947859626,2.6378381558888986
FL0351,United,Airbus A330,Regional,232,8387.88727424628,58474.36744480569,1.8651102942274367
FL0352,United,Boeing 737,International,91,11887.639797858761,51210.52530974725,0.34313832976369485
FL0353,Delta,Airbus A320,International,212,14618.605675044008,43183.0412386766,5.220036598118379
FL0354,Southwest,Boeing 737,International,307,12368.4443981349,49997.53733707369,1.6044378179468857
FL0355,United,Airbus A330,International,122,13418.142167279339,48612.53371529342,10.87197215407598
FL0356,American,Airbus A330,International,100,13463.010976733089,65940.19715985346,15.067203373806608
FL0357,Southwest,Airbus A330,Domestic,186,14227.379339814754,46987.907322822386,6.309958428353825
FL0358,JetBlue,Boeing 737,Domestic,196,12811.635911670784,40402.999037369234,32.01004424250236
FL0359,Delta,Airbus A320,Domestic,203,12566.360358433356,50395.308360861956,4.789660075879697
FL0360,JetBlue,Airbus A320,Regional,282,17802.929237763696,47381.823832062386,5.761980162893034
FL0361,Southwest,Boeing 737,Regional,130,18148.962533581034,26148.079731903937,36.23883505992282
FL0362,Southwest,Airbus A320,Domestic,220,10858.369964257772,44812.17526053397,2.1070219569568787
FL0363,Southwest,Boeing 737,International,131,6721.207802181349,43791.14105512793,22.854156811303223
FL0364,JetBlue,Airbus A320,Regional,106,18190.124548712793,38473.53761064821,0.3502572645349412
FL0365,Southwest,Boeing 777,Domestic,236,11313.598744343588,57426.99945147567,4.73031355260886
FL0366,JetBlue,Boeing 777,Domestic,318,15638.23451537922,35571.84484065605,0.580595754633071
FL0367,Southwest,Airbus A330,Regional,235,10302.984380915348,50467.42343429446,10.452024347940466
FL0368,American,Boeing 777,Domestic,215,18893.264955779017,43225.71600187523,7.500297499864125
FL0369,Southwest,Boeing 777,International,223,22631.003685904583,46292.34006776139,9.810681606619818
FL0370,JetBlue,Boeing 777,Domestic,185,15548.42072761601,49941.4354925504,3.753380916663322
FL0371,United,Boeing 737,Regional,237,14717.69205462145,29309.107393307986,3.689707764702328
FL0372,Southwest,Boeing 777,Regional,225,14033.58127442981,47299.93070081739,0.3710265433538807
FL0373,United,Boeing 777,Regional,81,17345.397933938737,72467.36987655848,3.445585690112566
FL0374,American,Airbus A330,Domestic,156,16703.060252803756,26318.839849455308,21.193165423823405
FL0375,Delta,Boeing 777,Regional,211,18010.495360658595,44308.70443541394,3.814312462189228
FL0376,American,Boeing 777,International,169,13116.250432205752,58478.87189788584,14.240277687688154
FL0377,Southwest,Airbus A320,Domestic,342,16020.353119213934,48619.43097544317,14.777780221137105
FL0378,United,Airbus A330,International,187,13372.595799881412,53255.6034253924,3.7375474540708313
FL0379,United,Airbus A330,Domestic,153,11826.853055789838,16492.00786688861,7.997132651946514
FL0380,JetBlue,Airbus A330,Domestic,118,14876.95373698961,52178.9924955594,0.8018482388172425
FL0381,United,Airbus A330,Domestic,238,12232.461808868753,35859.74152519682,0.8756496278018915
FL0382,JetBlue,Airbus A330,Domestic,150,18521.180993227765,48718.52741499776,0.39905044874497286
FL0383,Delta,Airbus A330,Domestic,320,12414.238865952531,44646.78322908611,6.959363056670269
FL0384,Southwest,Boeing 737,International,115,16090.637822062079,72339.9963499396,4.441996357674178
FL0385,JetBlue,Boeing 777,Domestic,163,13189.733103720833,51560.34388519051,6.353157498021018
FL0386,Delta,Airbus A330,International,342,15831.188251312537,43648.51404884657,5.88965993441795
FL0387,United,Boeing 777,Domestic,251,13428.01027963393,26883.686888957345,3.4487620708169175
FL0388,United,Boeing 777,Domestic,252,11228.366175427387,46453.76282219876,9.052557691903692
FL0389,Delta,Boeing 737,Domestic,126,16451.318222855534,54878.74654016187,11.36714875514806
FL0390,United,Airbus A330,International,220,14293.753134260334,44033.377298169326,0.11789045482947492
FL0391,Delta,Airbus A320,Domestic,197,15857.954822167378,38932.12368075071,1.85790121836022
FL0392,JetBlue,Boeing 737,International,293,13713.471193108688,38128.960033844174,9.992761929038307
FL0393,JetBlue,Airbus A320,Regional,299,11016.190458694644,51421.697225463846,3.9101673154559395
FL0394,Delta,Boeing 777,International,105,18249.535791168768,54112.65527170988,8.689137641466047
FL0395,JetBlue,Boeing 777,Domestic,88,17210.273266323264,61334.521383853426,3.4089677495859267
FL0396,JetBlue,Boeing 737,Domestic,89,13299.117073340269,33060.00128147571,3.9642803468189003
FL0397,JetBlue,Boeing 737,Regional,200,15209.337640496393,51311.7307010114,1.3822548258742449
FL0398,American,Airbus A320,Domestic,204,18126.05844948881,43539.55254698559,2.3897394524188234
FL0399,Southwest,Airbus A330,Regional,249,13628.88499241281,43893.18954440064,7.439299854821641
FL0400,United,Airbus A320,Domestic,151,14094.346484428344,49821.91024840802,4.541469527342053
FL0401,American,Boeing 737,Regional,231,15730.897500022122,49891.87504349937,11.908483859560418
FL0402,JetBlue,Airbus A320,International,287,13622.726809336242,51345.217269498884,15.31602587854315
FL0403,Delta,Boeing 737,Regional,128,17571.27599096107,32310.34569365028,6.240915040714025
FL0404,JetBlue,Airbus A320,Domestic,233,14493.297659077687,36002.2631140025,11.359381407019113
FL0405,Southwest,Boeing 737,International,147,12647.892375018078,62830.41930621221,2.9327000134883994
FL0406,JetBlue,Boeing 737,Domestic,129,16825.916489621985,42353.13039022992,4.28875382813175
FL0407,Delta,Boeing 737,Domestic,231,11573.60805170596,48672.17277621476,9.97998972623026
FL0408,Southwest,Airbus A330,International,98,21044.635683372642,57655.99574451823,3.90484540501644
FL0409,JetBlue,Airbus A320,Regional,179,19747.489090740608,50561.31686832983,7.103666016263148
FL0410,Southwest,Airbus A320,Regional,139,16540.486430763045,51558.271571664474,1.6401973442139224
FL0411,United,Airbus A320,International,246,16287.993065459706,55734.93215092508,7.325753461326168
FL0412,United,Boeing 737,Domestic,281,16147.324253457895,19600.034869236,15.815871419198073
FL0413,JetBlue,Airbus A320,Domestic,225,13532.715642243278,39120.59813807358,16.238487131018267
FL0414,Southwest,Airbus A320,International,243,15891.928937042527,50623.2695579951,10.30882433197552
FL0415,Delta,Boeing 737,Domestic,321,12230.602168626454,61651.731684691884,10.955604276080235
FL0416,JetBlue,Boeing 777,Domestic,148,16511.455255320543,45793.146715869276,6.530250073064171
FL0417,United,Boeing 737,Domestic,254,17603.540829093887,34863.40245892685,7.029418365394167
FL0418,United,Airbus A320,Domestic,128,13865.741697049996,35182.967404673975,1.1477357290320591
FL0419,JetBlue,Boeing 737,Domestic,187,13214.694617535843,55606.33444143689,4.693870068487503
FL0420,Southwest,Boeing 777,Domestic,305,11362.56892605627,42386.71701129736,4.793995384019253
FL0421,United,Boeing 737,Domestic,240,19373.86570069707,44913.59945051596,25.45607760416647
FL0422,Southwest,Airbus A320,Domestic,198,13453.007898473366,52380.36232526783,4.512220119185547
FL0423,United,Boeing 777,Regional,228,14403.78289195013,10181.71580767705,6.376383784218149
FL0424,United,Airbus A330,Domestic,229,15900.466754987177,69004.41013809698,6.095715955877405
FL0425,American,Airbus A320,Domestic,222,15846.622928669804,36227.113979387264,8.101569865568305
FL0426,United,Boeing 777,International,239,17239.680287043207,47903.23643368286,11.034004419339345
FL0427,Delta,Boeing 777,Domestic,90,13862.010240485013,24543.635838044745,2.039570278860272
FL0428,JetBlue,Airbus A330,Regional,217,11583.99618458726,39929.50667513955,6.018498068903576
FL0429,JetBlue,Boeing 737,International,157,11059.004073083051,59936.25655638116,13.985817160895516
FL0430,Southwest,Boeing 737,Domestic,156,13262.23430147146,22005.993844009456,4.975766616819039
FL0431,United,Airbus A320,Domestic,333,12144.448575976128,58514.40104626969,2.6109124937135517
FL0432,Delta,Airbus A330,Regional,337,14089.149884076725,41715.64684521139,8.506943659662308
FL0433,Southwest,Boeing 737,Regional,342,18922.736432279948,50845.9732826423,13.887604333842992
FL0434,American,Airbus A330,Domestic,164,13868.165382348932,52890.292961821324,0.5217738687728921
FL0435,Southwest,Boeing 737,International,225,13867.04741599633,50297.0579938911,11.997155298556162
FL0436,Southwest,Boeing 777,Domestic,121,14950.803671232634,34620.59218043008,13.791966219671858
FL0437,United,Boeing 737,Regional,204,13783.125026363801,40625.41024157972,4.952082880466601
FL0438,American,Airbus A330,Domestic,246,14797.826292845419,27461.32587299021,32.741482788693624
FL0439,Southwest,Boeing 777,Regional,320,16622.60766744404,50901.55597905695,12.36075805955811
FL0440,Delta,Boeing 777,International,267,17654.25316428994,65424.66184819111,11.88582654044962
FL0441,Delta,Boeing 777,International,98,18009.639599217073,23106.70935988245,11.021486550585422
FL0442,JetBlue,Airbus A330,Domestic,147,21170.55666219306,35860.24912634357,1.3058768086440864
FL0443,American,Airbus A320,Domestic,297,16708.078338517313,42818.6966894048,1.9593400049363068
FL0444,American,Airbus A320,Domestic,181,21703.436704047926,47080.09708456265,4.988821653070843
FL0445,JetBlue,Airbus A320,Domestic,121,12670.554575821072,55550.115617213116,2.4522485643339196
FL0446,Southwest,Airbus A330,Domestic,246,21273.854707273757,43173.600235708,4.29244348105397
FL0447,American,Boeing 777,International,188,13858.87183734123,41208.49528265219,17.54727084620936
FL0448,Delta,Airbus A320,Domestic,115,14153.943207710894,58237.568472836894,13.913042809297608
FL0449,Delta,Airbus A330,Domestic,311,14640.38235773138,52943.94680475966,7.954880470625129
FL0450,United,Airbus A320,Regional,308,14344.137866523806,51467.73570841318,15.622211422760405
FL0451,American,Boeing 737,Regional,243,15257.52119017951,46350.18853905737,12.251389372462434
FL0452,Southwest,Airbus A320,Regional,152,13259.915992534683,56797.82653103831,4.482717444832543
FL0453,JetBlue,Airbus A320,Regional,215,17489.886519214117,37124.2873052368,1.79580702824408
FL0454,JetBlue,Boeing 777,Domestic,149,13341.49489613646,35487.66861376706,5.775683225874108
FL0455,Southwest,Airbus A330,Domestic,275,16966.831194758674,53953.21184243189,10.661388249236218
FL0456,United,Boeing 777,International,348,19583.17085857129,25499.5683690371,4.587562189962752
FL0457,JetBlue,Boeing 777,International,128,13928.69289057678,46106.154115637844,8.791424542982455
FL0458,American,Boeing 777,Domestic,209,17383.150253937532,41201.29977284985,0.7926194874501453
FL0459,United,Boeing 777,International,84,16677.477866709552,28130.94323216453,11.026759894175688
FL0460,American,Boeing 777,Domestic,106,21758.66064665925,33824.789043404824,13.40093111336449
FL0461,Delta,Airbus A320,Domestic,239,13485.50830546515,43692.286892455806,9.816235438321339
FL0462,United,Boeing 777,Domestic,228,17385.214850417353,57407.55907798827,27.354138314329983
FL0463,JetBlue,Boeing 777,Domestic,343,10121.96672467034,37164.50410490627,14.019635805964318
FL0464,United,Airbus A330,Domestic,309,13512.424767789562,59560.57679885992,18.67208827507094
FL0465,United,Boeing 737,Domestic,279,16060.178512790724,45758.15073067819,21.69298261761902
FL0466,United,Airbus A320,Regional,129,19179.479907269342,60724.616426039654,12.929605503254576
FL0467,United,Airbus A320,Domestic,146,11322.199905047391,37746.10069463942,8.973217655043934
FL0468,American,Airbus A320,Domestic,137,17358.27192222333,44414.284942735576,0.04587996041955883
FL0469,Delta,Boeing 777,Regional,338,14810.329630551123,49421.80324004395,5.016265507377395
FL0470,Southwest,Boeing 777,Regional,209,10435.417039823064,42845.87444710186,6.773414000813179
FL0471,United,Boeing 777,Regional,294,15544.76053784637,56436.28976574283,2.899592915921592
FL0472,JetBlue,Airbus A330,International,251,20127.483698934637,18509.235296516807,3.063030246554601
FL0473,United,Boeing 737,International,337,11638.73202026515,74068.86646547928,25.986316737316596
FL0474,JetBlue,Boeing 777,Domestic,181,14670.186853889449,55293.295283941945,17.7836036404522
FL0475,American,Boeing 737,Domestic,288,12040.083046081301,42917.618051579804,15.133292898300953
FL0476,JetBlue,Airbus A330,Domestic,195,13594.251204269953,38372.139917071865,4.167166624071782
FL0477,Southwest,Airbus A320,Domestic,343,19296.5104305739,34602.95266261735,0.11034593037546399
FL0478,Delta,Boeing 777,Domestic,229,14185.426573525852,52747.38569003684,0.668985682854361
FL0479,JetBlue,Boeing 737,International,115,19204.69721254598,56939.78002550825,2.9940152056756903
FL0480,JetBlue,Boeing 737,Domestic,287,18327.162143794758,43049.686462441205,0.12694519018735984
FL0481,Delta,Boeing 777,Domestic,185,13911.786259546656,58283.88495574203,0.13838834150507948
FL0482,Southwest,Airbus A320,Domestic,237,13492.201618181303,34112.879438866534,19.873172467516515
FL0483,United,Airbus A320,International,200,12312.003579556495,31994.26980015797,9.797718239010884
FL0484,JetBlue,Airbus A320,Domestic,134,12207.356417419787,66760.09446294658,2.9564141362985907
FL0485,Delta,Airbus A330,Regional,91,16059.62218352353,52093.30336246252,1.138451528873514
FL0486,American,Boeing 737,Domestic,224,14940.644054355103,61762.178421759934,5.733549375065595
FL0487,Delta,Boeing 737,Domestic,215,13129.18369521238,34752.72349934769,0.04288402168846425
FL0488,American,Boeing 737,Domestic,82,10353.711233630163,33917.69529877524,22.29853238333347
FL0489,Southwest,Airbus A330,International,223,15318.536303466635,40696.68816650949,4.286619571570613
FL0490,United,Boeing 737,Domestic,109,13591.343462816001,35111.293901531855,4.117798462204081
FL0491,Delta,Airbus A330,International,316,14414.106913253718,53464.38252274141,3.9621593823495003
FL0492,JetBlue,Airbus A320,Domestic,194,15913.985486094245,35986.48731688265,0.5747898249966925
FL0493,Southwest,Boeing 777,Domestic,183,7494.59141583641,30939.961703192515,8.136013030075606
FL0494,Delta,Boeing 737,Regional,197,10400.176188872625,46704.184947062786,10.564161418674235
FL0495,JetBlue,Boeing 737,International,84,21889.329230415566,29520.16589009744,9.019190941588636
FL0496,Delta,Airbus A320,International,327,13480.168479901147,23406.43282229533,1.192042789283848
FL0497,American,Boeing 777,Regional,200,7447.700692807412,46599.086806335334,6.9179429518115985
FL0498,Delta,Airbus A330,Regional,228,10650.179461451244,24009.35948387748,6.742175314816848
FL0499,Delta,Boeing 777,International,163,22453.402105924302,54303.35275554507,16.224561909516314
FL0500,Delta,Airbus A320,International,310,12891.00761919048,28255.99528496645,3.8130382977902393
