FlightID,Date,Time,Marketing Airline,FlightNumber,Origin Airport,Destination Airport,Price
1000,2023-01-01,00:00:00,BA,863,ORD,ORD,410.34
1001,2023-01-01,00:15:00,AA,404,JFK,DFW,219.84
1002,2023-01-01,00:30:00,SW,483,LAX,LAX,351.61
1003,2023-01-01,00:45:00,SW,750,ATL,SFO,262.25
1004,2023-01-01,01:00:00,SW,424,SFO,DEN,366.05
1005,2023-01-01,01:15:00,DL,373,LAX,DEN,375.95
1006,2023-01-01,01:30:00,SW,871,DEN,LAX,136.21
1007,2023-01-01,01:45:00,UA,713,SFO,SFO,347.98
1008,2023-01-01,02:00:00,BA,706,JFK,LAX,433.1
1009,2023-01-01,02:15:00,AA,571,JFK,SFO,156.01
1010,2023-01-01,02:30:00,AA,385,ATL,JFK,391.18
1011,2023-01-01,02:45:00,BA,714,LAX,SFO,335.22
1012,2023-01-01,03:00:00,UA,735,DEN,JFK,479.81
1013,2023-01-01,03:15:00,DL,258,ORD,DEN,167.11
1014,2023-01-01,03:30:00,AA,303,JFK,SFO,119.42
1015,2023-01-01,03:45:00,DL,550,SFO,ORD,190.45
1016,2023-01-01,04:00:00,DL,577,LAX,JFK,166.08
1017,2023-01-01,04:15:00,AA,416,ATL,SFO,390.57
1018,2023-01-01,04:30:00,DL,747,ORD,JFK,379.9
1019,2023-01-01,04:45:00,BA,791,ORD,ATL,351.36
1020,2023-01-01,05:00:00,SW,344,ORD,DFW,147.37
1021,2023-01-01,05:15:00,AA,685,ATL,SFO,437.81
1022,2023-01-01,05:30:00,SW,571,SFO,DFW,480.46
1023,2023-01-01,05:45:00,AA,501,DFW,JFK,289.22
1024,2023-01-02,06:00:00,UA,780,ATL,ORD,342.22
1025,2023-01-02,06:15:00,SW,343,ORD,ATL,275.31
1026,2023-01-02,06:30:00,AA,633,ATL,DEN,177.6
1027,2023-01-02,06:45:00,DL,706,ORD,LAX,178.77
1028,2023-01-02,07:00:00,SW,243,SFO,SFO,191.04
1029,2023-01-02,07:15:00,SW,852,LAX,JFK,135.88
1030,2023-01-02,07:30:00,SW,885,DEN,ORD,455.87
1031,2023-01-02,07:45:00,AA,366,ATL,ATL,436.28
1032,2023-01-02,08:00:00,DL,757,ATL,ORD,257.74
1033,2023-01-02,08:15:00,DL,231,DFW,ORD,215.26
1034,2023-01-02,08:30:00,DL,685,LAX,JFK,472.59
1035,2023-01-02,08:45:00,AA,897,SFO,ATL,150.07
1036,2023-01-02,09:00:00,UA,295,LAX,JFK,299.09
1037,2023-01-02,09:15:00,BA,555,ORD,SFO,74.52
1038,2023-01-02,09:30:00,SW,564,DFW,SFO,136.04
1039,2023-01-02,09:45:00,SW,326,DEN,ORD,321.81
1040,2023-01-02,10:00:00,UA,744,DEN,ORD,347.98
1041,2023-01-02,10:15:00,BA,545,LAX,ATL,311.45
1042,2023-01-02,10:30:00,UA,958,DFW,SFO,441.32
1043,2023-01-02,10:45:00,AA,200,LAX,JFK,497.03
1044,2023-01-02,11:00:00,AA,234,SFO,DEN,393.74
1045,2023-01-02,11:15:00,BA,132,LAX,JFK,259.29
1046,2023-01-02,11:30:00,AA,181,DEN,DFW,425.27
1047,2023-01-02,11:45:00,BA,731,DEN,ORD,104.17
1048,2023-01-03,12:00:00,DL,474,LAX,DEN,357.47
1049,2023-01-03,12:15:00,BA,857,DEN,ATL,283.25
1050,2023-01-03,12:30:00,DL,393,SFO,LAX,130.13
1051,2023-01-03,12:45:00,UA,731,DEN,JFK,487.82
1052,2023-01-03,13:00:00,UA,383,ORD,ORD,202.3
1053,2023-01-03,13:15:00,AA,151,ORD,JFK,326.94
1054,2023-01-03,13:30:00,DL,690,JFK,LAX,445.37
1055,2023-01-03,13:45:00,DL,698,SFO,JFK,278.01
1056,2023-01-03,14:00:00,DL,707,JFK,DEN,101.81
1057,2023-01-03,14:15:00,DL,108,LAX,LAX,418.43
1058,2023-01-03,14:30:00,SW,412,LAX,DFW,208.95
1059,2023-01-03,14:45:00,SW,897,LAX,ATL,492.38
1060,2023-01-03,15:00:00,UA,768,LAX,DFW,447.72
1061,2023-01-03,15:15:00,SW,518,DEN,ATL,434.05
1062,2023-01-03,15:30:00,AA,286,JFK,ORD,210.31
1063,2023-01-03,15:45:00,SW,995,ATL,DFW,390.71
1064,2023-01-03,16:00:00,BA,994,LAX,JFK,493.85
1065,2023-01-03,16:15:00,DL,576,ORD,DEN,286.84
1066,2023-01-03,16:30:00,UA,211,DEN,DFW,261.83
1067,2023-01-03,16:45:00,BA,756,JFK,ORD,56.6
1068,2023-01-03,17:00:00,SW,671,SFO,ATL,365.09
1069,2023-01-03,17:15:00,BA,347,DEN,JFK,436.31
1070,2023-01-03,17:30:00,BA,107,DFW,ORD,161.36
1071,2023-01-03,17:45:00,BA,388,LAX,ORD,191.76
1072,2023-01-04,18:00:00,SW,824,ORD,DEN,275.3
1073,2023-01-04,18:15:00,BA,847,SFO,SFO,82.44
1074,2023-01-04,18:30:00,BA,175,JFK,DEN,90.34
1075,2023-01-04,18:45:00,BA,321,DEN,ORD,239.5
1076,2023-01-04,19:00:00,AA,140,JFK,ORD,167.55
1077,2023-01-04,19:15:00,BA,100,DFW,DFW,232.72
1078,2023-01-04,19:30:00,SW,312,ORD,DFW,254.47
1079,2023-01-04,19:45:00,UA,209,SFO,LAX,489.32
1080,2023-01-04,20:00:00,AA,704,ATL,SFO,474.92
1081,2023-01-04,20:15:00,DL,305,DEN,DEN,112.88
1082,2023-01-04,20:30:00,DL,265,SFO,SFO,447.16
1083,2023-01-04,20:45:00,SW,531,DFW,DFW,86.09
1084,2023-01-04,21:00:00,AA,673,ORD,ATL,278.44
1085,2023-01-04,21:15:00,AA,203,LAX,ORD,123.76
1086,2023-01-04,21:30:00,DL,680,JFK,DFW,214.65
1087,2023-01-04,21:45:00,UA,594,ATL,ATL,384.5
1088,2023-01-04,22:00:00,BA,797,DFW,ATL,241.03
1089,2023-01-04,22:15:00,UA,987,SFO,LAX,413.13
1090,2023-01-04,22:30:00,AA,232,SFO,DFW,373.47
1091,2023-01-04,22:45:00,SW,717,JFK,ATL,474.28
1092,2023-01-04,23:00:00,UA,648,JFK,ORD,290.37
1093,2023-01-04,23:15:00,UA,436,DFW,ATL,410.97
1094,2023-01-04,23:30:00,AA,566,DFW,DFW,195.31
1095,2023-01-04,23:45:00,DL,265,DEN,DFW,205.59
1096,2023-01-05,00:00:00,AA,834,ORD,DEN,230.23
1097,2023-01-05,00:15:00,UA,473,ATL,DEN,234.91
1098,2023-01-05,00:30:00,UA,594,SFO,ATL,96.46
1099,2023-01-05,00:45:00,SW,391,LAX,LAX,283.59
1100,2023-01-05,01:00:00,UA,740,ORD,LAX,93.56
1101,2023-01-05,01:15:00,SW,661,SFO,DFW,450.39
1102,2023-01-05,01:30:00,UA,285,ATL,DEN,77.83
1103,2023-01-05,01:45:00,DL,365,SFO,DEN,252.36
1104,2023-01-05,02:00:00,UA,150,ATL,DFW,178.11
1105,2023-01-05,02:15:00,SW,837,LAX,SFO,119.69
1106,2023-01-05,02:30:00,SW,276,LAX,DEN,402.73
1107,2023-01-05,02:45:00,SW,624,ATL,JFK,371.72
1108,2023-01-05,03:00:00,UA,810,DEN,ORD,115.68
1109,2023-01-05,03:15:00,SW,736,ATL,SFO,334.74
1110,2023-01-05,03:30:00,BA,599,ORD,ATL,406.65
1111,2023-01-05,03:45:00,DL,199,DFW,JFK,398.0
1112,2023-01-05,04:00:00,UA,458,JFK,JFK,91.53
1113,2023-01-05,04:15:00,SW,136,SFO,JFK,358.48
1114,2023-01-05,04:30:00,DL,386,DEN,DEN,372.21
1115,2023-01-05,04:45:00,UA,726,DEN,DFW,437.97
1116,2023-01-05,05:00:00,DL,247,DEN,SFO,278.62
1117,2023-01-05,05:15:00,BA,522,DFW,SFO,257.49
1118,2023-01-05,05:30:00,UA,528,SFO,SFO,484.3
1119,2023-01-05,05:45:00,SW,135,ATL,LAX,408.43
1120,2023-01-06,06:00:00,AA,882,JFK,ATL,301.43
1121,2023-01-06,06:15:00,SW,129,LAX,ORD,198.78
1122,2023-01-06,06:30:00,UA,160,SFO,ORD,430.36
1123,2023-01-06,06:45:00,SW,437,DFW,JFK,254.95
1124,2023-01-06,07:00:00,AA,935,ORD,LAX,91.71
1125,2023-01-06,07:15:00,AA,897,ORD,DFW,254.71
1126,2023-01-06,07:30:00,AA,255,DFW,LAX,442.39
1127,2023-01-06,07:45:00,SW,231,DEN,LAX,251.73
1128,2023-01-06,08:00:00,UA,133,DFW,ORD,56.46
1129,2023-01-06,08:15:00,SW,857,SFO,DEN,325.17
1130,2023-01-06,08:30:00,AA,535,ATL,JFK,498.12
1131,2023-01-06,08:45:00,BA,986,JFK,DEN,417.76
1132,2023-01-06,09:00:00,AA,511,SFO,ATL,327.76
1133,2023-01-06,09:15:00,AA,328,LAX,SFO,461.48
1134,2023-01-06,09:30:00,UA,156,ATL,ORD,416.11
1135,2023-01-06,09:45:00,SW,377,LAX,LAX,274.39
1136,2023-01-06,10:00:00,UA,779,LAX,JFK,316.05
1137,2023-01-06,10:15:00,SW,846,ATL,DFW,379.08
1138,2023-01-06,10:30:00,AA,430,SFO,DFW,430.89
1139,2023-01-06,10:45:00,AA,641,LAX,LAX,76.18
1140,2023-01-06,11:00:00,AA,341,DEN,DEN,398.66
1141,2023-01-06,11:15:00,SW,670,SFO,DEN,251.38
1142,2023-01-06,11:30:00,AA,892,ATL,JFK,347.36
1143,2023-01-06,11:45:00,UA,214,SFO,SFO,394.08
1144,2023-01-07,12:00:00,UA,372,ORD,ORD,292.78
1145,2023-01-07,12:15:00,AA,548,ORD,DEN,121.33
1146,2023-01-07,12:30:00,BA,968,DFW,DFW,234.29
1147,2023-01-07,12:45:00,SW,735,LAX,DFW,84.59
1148,2023-01-07,13:00:00,BA,113,ORD,DFW,360.19
1149,2023-01-07,13:15:00,AA,869,JFK,SFO,479.17
1150,2023-01-07,13:30:00,BA,863,ATL,DEN,407.86
1151,2023-01-07,13:45:00,SW,358,DFW,LAX,225.4
1152,2023-01-07,14:00:00,SW,934,DEN,ATL,312.93
1153,2023-01-07,14:15:00,BA,247,ORD,DEN,186.89
1154,2023-01-07,14:30:00,DL,600,LAX,DEN,293.47
1155,2023-01-07,14:45:00,SW,862,ATL,JFK,185.33
1156,2023-01-07,15:00:00,AA,560,ATL,ORD,382.25
1157,2023-01-07,15:15:00,AA,770,ATL,SFO,166.7
1158,2023-01-07,15:30:00,AA,651,DEN,DEN,483.81
1159,2023-01-07,15:45:00,DL,569,JFK,DEN,347.88
1160,2023-01-07,16:00:00,AA,689,JFK,ORD,80.95
1161,2023-01-07,16:15:00,BA,382,JFK,DFW,54.85
1162,2023-01-07,16:30:00,DL,471,DEN,SFO,498.67
1163,2023-01-07,16:45:00,SW,240,SFO,ORD,149.23
1164,2023-01-07,17:00:00,DL,341,ORD,ATL,190.65
1165,2023-01-07,17:15:00,AA,357,ORD,DEN,143.79
1166,2023-01-07,17:30:00,AA,520,SFO,LAX,467.65
1167,2023-01-07,17:45:00,BA,878,SFO,JFK,343.41
1168,2023-01-08,18:00:00,SW,974,LAX,JFK,276.97
1169,2023-01-08,18:15:00,SW,388,SFO,ORD,300.94
1170,2023-01-08,18:30:00,DL,610,DEN,ORD,193.04
1171,2023-01-08,18:45:00,AA,384,ORD,DFW,326.38
1172,2023-01-08,19:00:00,AA,798,SFO,JFK,238.82
1173,2023-01-08,19:15:00,DL,806,DFW,ORD,139.65
1174,2023-01-08,19:30:00,UA,832,LAX,ATL,345.47
1175,2023-01-08,19:45:00,AA,165,ORD,SFO,218.23
1176,2023-01-08,20:00:00,SW,305,DFW,DEN,403.28
1177,2023-01-08,20:15:00,DL,439,LAX,DEN,236.93
1178,2023-01-08,20:30:00,DL,659,JFK,LAX,278.72
1179,2023-01-08,20:45:00,BA,693,JFK,ATL,404.36
1180,2023-01-08,21:00:00,AA,520,DFW,SFO,251.55
1181,2023-01-08,21:15:00,AA,299,JFK,LAX,484.8
1182,2023-01-08,21:30:00,SW,409,DFW,SFO,406.86
1183,2023-01-08,21:45:00,UA,810,LAX,ORD,421.89
1184,2023-01-08,22:00:00,SW,749,ORD,DFW,479.26
1185,2023-01-08,22:15:00,UA,627,LAX,DFW,224.98
1186,2023-01-08,22:30:00,BA,886,DFW,DFW,311.04
1187,2023-01-08,22:45:00,SW,257,ATL,SFO,362.12
1188,2023-01-08,23:00:00,SW,793,DEN,DFW,353.06
1189,2023-01-08,23:15:00,AA,654,DEN,JFK,478.82
1190,2023-01-08,23:30:00,SW,566,ATL,ATL,179.76
1191,2023-01-08,23:45:00,AA,742,SFO,SFO,181.11
1192,2023-01-09,00:00:00,BA,897,SFO,SFO,463.1
1193,2023-01-09,00:15:00,UA,501,SFO,DFW,409.69
1194,2023-01-09,00:30:00,SW,135,DFW,LAX,141.51
1195,2023-01-09,00:45:00,BA,988,JFK,SFO,306.52
1196,2023-01-09,01:00:00,AA,375,DFW,LAX,385.59
1197,2023-01-09,01:15:00,UA,635,SFO,SFO,208.87
1198,2023-01-09,01:30:00,SW,752,ORD,JFK,245.47
1199,2023-01-09,01:45:00,SW,455,LAX,ORD,308.93
1200,2023-01-09,02:00:00,DL,977,DFW,DEN,260.2
1201,2023-01-09,02:15:00,SW,796,SFO,LAX,388.87
1202,2023-01-09,02:30:00,BA,806,ATL,LAX,52.67
1203,2023-01-09,02:45:00,SW,888,ORD,SFO,245.58
1204,2023-01-09,03:00:00,SW,231,DEN,JFK,201.91
1205,2023-01-09,03:15:00,DL,181,DFW,LAX,324.12
1206,2023-01-09,03:30:00,DL,138,JFK,DEN,399.18
1207,2023-01-09,03:45:00,DL,142,SFO,ATL,84.27
1208,2023-01-09,04:00:00,SW,649,DFW,JFK,121.13
1209,2023-01-09,04:15:00,UA,462,SFO,DFW,349.29
1210,2023-01-09,04:30:00,UA,652,DEN,DFW,382.28
1211,2023-01-09,04:45:00,BA,979,SFO,DFW,314.69
1212,2023-01-09,05:00:00,SW,895,SFO,DEN,492.26
1213,2023-01-09,05:15:00,DL,744,ORD,ORD,274.76
1214,2023-01-09,05:30:00,UA,535,DFW,LAX,111.33
1215,2023-01-09,05:45:00,SW,506,DFW,DEN,358.83
1216,2023-01-10,06:00:00,DL,777,SFO,ORD,320.93
1217,2023-01-10,06:15:00,BA,903,ATL,JFK,315.69
1218,2023-01-10,06:30:00,UA,642,JFK,DEN,295.63
1219,2023-01-10,06:45:00,UA,875,DFW,ATL,472.59
1220,2023-01-10,07:00:00,AA,700,LAX,JFK,108.12
1221,2023-01-10,07:15:00,DL,339,ATL,ORD,82.94
1222,2023-01-10,07:30:00,AA,494,ATL,DEN,119.35
1223,2023-01-10,07:45:00,BA,247,DFW,LAX,160.25
1224,2023-01-10,08:00:00,AA,945,ORD,ORD,316.83
1225,2023-01-10,08:15:00,SW,924,ATL,LAX,325.59
1226,2023-01-10,08:30:00,UA,555,LAX,JFK,154.67
1227,2023-01-10,08:45:00,AA,160,JFK,LAX,270.15
1228,2023-01-10,09:00:00,AA,124,ORD,ATL,266.93
1229,2023-01-10,09:15:00,DL,260,JFK,DEN,253.9
1230,2023-01-10,09:30:00,DL,464,ATL,ATL,411.6
1231,2023-01-10,09:45:00,AA,395,ATL,DEN,262.26
1232,2023-01-10,10:00:00,SW,984,ATL,DFW,391.26
1233,2023-01-10,10:15:00,AA,204,DFW,SFO,124.92
1234,2023-01-10,10:30:00,SW,482,DFW,LAX,289.39
1235,2023-01-10,10:45:00,AA,467,DFW,DFW,420.85
1236,2023-01-10,11:00:00,BA,216,DEN,ATL,129.97
1237,2023-01-10,11:15:00,BA,116,DEN,ORD,259.21
1238,2023-01-10,11:30:00,AA,318,DEN,JFK,324.09
1239,2023-01-10,11:45:00,DL,308,LAX,ORD,133.15
1240,2023-01-11,12:00:00,SW,914,DEN,ATL,390.54
1241,2023-01-11,12:15:00,BA,324,SFO,SFO,85.55
1242,2023-01-11,12:30:00,SW,706,SFO,ATL,475.89
1243,2023-01-11,12:45:00,UA,952,DFW,ATL,260.7
1244,2023-01-11,13:00:00,DL,891,DFW,JFK,201.26
1245,2023-01-11,13:15:00,DL,755,JFK,SFO,102.56
1246,2023-01-11,13:30:00,UA,272,ORD,LAX,244.67
1247,2023-01-11,13:45:00,DL,695,ORD,DEN,346.91
1248,2023-01-11,14:00:00,BA,219,LAX,LAX,92.52
1249,2023-01-11,14:15:00,UA,667,ORD,JFK,187.82
1250,2023-01-11,14:30:00,BA,454,ATL,DFW,426.21
1251,2023-01-11,14:45:00,BA,511,LAX,JFK,340.78
1252,2023-01-11,15:00:00,UA,401,JFK,DFW,142.87
1253,2023-01-11,15:15:00,SW,437,DFW,ORD,122.41
1254,2023-01-11,15:30:00,SW,827,DFW,ATL,457.02
1255,2023-01-11,15:45:00,DL,511,LAX,DEN,179.16
1256,2023-01-11,16:00:00,UA,689,DEN,ORD,130.78
1257,2023-01-11,16:15:00,BA,532,JFK,ATL,499.98
1258,2023-01-11,16:30:00,SW,962,SFO,LAX,189.14
1259,2023-01-11,16:45:00,SW,489,DFW,SFO,106.13
1260,2023-01-11,17:00:00,DL,477,DFW,DFW,257.79
1261,2023-01-11,17:15:00,DL,331,ATL,DFW,245.46
1262,2023-01-11,17:30:00,DL,837,JFK,ORD,467.06
1263,2023-01-11,17:45:00,DL,981,SFO,DEN,110.39
1264,2023-01-12,18:00:00,UA,896,SFO,DEN,91.01
1265,2023-01-12,18:15:00,AA,344,LAX,ORD,91.84
1266,2023-01-12,18:30:00,SW,165,DEN,ATL,456.93
1267,2023-01-12,18:45:00,DL,168,ATL,DEN,252.22
1268,2023-01-12,19:00:00,BA,825,ATL,LAX,117.77
1269,2023-01-12,19:15:00,SW,556,LAX,SFO,317.22
1270,2023-01-12,19:30:00,DL,864,JFK,JFK,291.93
1271,2023-01-12,19:45:00,DL,470,ORD,DFW,139.28
1272,2023-01-12,20:00:00,UA,474,LAX,ATL,321.37
1273,2023-01-12,20:15:00,AA,583,ORD,SFO,203.1
1274,2023-01-12,20:30:00,AA,660,ATL,DFW,157.27
1275,2023-01-12,20:45:00,UA,199,JFK,DFW,279.68
1276,2023-01-12,21:00:00,BA,681,SFO,JFK,181.24
1277,2023-01-12,21:15:00,AA,711,ORD,ATL,149.96
1278,2023-01-12,21:30:00,BA,171,DFW,ATL,445.88
1279,2023-01-12,21:45:00,SW,613,ORD,LAX,120.09
1280,2023-01-12,22:00:00,SW,229,DEN,ORD,176.27
1281,2023-01-12,22:15:00,AA,299,DEN,DEN,223.76
1282,2023-01-12,22:30:00,AA,765,ATL,DEN,173.14
1283,2023-01-12,22:45:00,SW,200,JFK,JFK,144.82
1284,2023-01-12,23:00:00,SW,689,DEN,DFW,397.02
1285,2023-01-12,23:15:00,AA,720,SFO,DEN,198.06
1286,2023-01-12,23:30:00,SW,278,SFO,ORD,100.63
1287,2023-01-12,23:45:00,AA,511,ATL,DEN,293.4
1288,2023-01-13,00:00:00,UA,196,ORD,DFW,106.47
1289,2023-01-13,00:15:00,DL,655,ATL,SFO,210.88
1290,2023-01-13,00:30:00,AA,887,DFW,ATL,446.82
1291,2023-01-13,00:45:00,BA,454,JFK,ORD,216.12
1292,2023-01-13,01:00:00,AA,401,LAX,DFW,334.63
1293,2023-01-13,01:15:00,SW,200,DFW,DFW,281.58
1294,2023-01-13,01:30:00,BA,436,ATL,ATL,111.98
1295,2023-01-13,01:45:00,BA,212,LAX,JFK,342.08
1296,2023-01-13,02:00:00,DL,334,JFK,DFW,435.22
1297,2023-01-13,02:15:00,AA,989,LAX,ORD,91.95
1298,2023-01-13,02:30:00,UA,551,DFW,JFK,389.16
1299,2023-01-13,02:45:00,BA,620,DEN,JFK,360.6
1300,2023-01-13,03:00:00,BA,311,ATL,ATL,440.0
1301,2023-01-13,03:15:00,UA,676,JFK,ORD,96.84
1302,2023-01-13,03:30:00,BA,472,DEN,JFK,187.56
1303,2023-01-13,03:45:00,SW,196,DEN,ORD,362.43
1304,2023-01-13,04:00:00,UA,582,DEN,ATL,59.91
1305,2023-01-13,04:15:00,SW,975,DFW,DEN,380.33
1306,2023-01-13,04:30:00,AA,489,ATL,JFK,436.09
1307,2023-01-13,04:45:00,AA,441,SFO,ATL,253.99
1308,2023-01-13,05:00:00,AA,380,ATL,DEN,245.45
1309,2023-01-13,05:15:00,SW,102,ORD,JFK,175.31
1310,2023-01-13,05:30:00,BA,609,DEN,DFW,52.27
1311,2023-01-13,05:45:00,BA,555,ORD,SFO,133.84
1312,2023-01-14,06:00:00,UA,208,JFK,ATL,490.94
1313,2023-01-14,06:15:00,UA,303,LAX,ORD,440.28
1314,2023-01-14,06:30:00,BA,343,DEN,DFW,169.93
1315,2023-01-14,06:45:00,DL,896,SFO,ATL,483.69
1316,2023-01-14,07:00:00,SW,474,ORD,ATL,215.47
1317,2023-01-14,07:15:00,SW,963,JFK,ATL,183.91
1318,2023-01-14,07:30:00,SW,165,DFW,DEN,118.76
1319,2023-01-14,07:45:00,DL,564,SFO,ORD,455.72
1320,2023-01-14,08:00:00,UA,470,ATL,ORD,494.15
1321,2023-01-14,08:15:00,UA,310,SFO,SFO,197.34
1322,2023-01-14,08:30:00,SW,498,JFK,DEN,366.54
1323,2023-01-14,08:45:00,UA,633,DFW,ORD,200.89
1324,2023-01-14,09:00:00,SW,211,LAX,ATL,97.25
1325,2023-01-14,09:15:00,BA,979,LAX,ORD,226.71
1326,2023-01-14,09:30:00,BA,297,SFO,ATL,298.21
1327,2023-01-14,09:45:00,UA,901,ORD,JFK,105.36
1328,2023-01-14,10:00:00,DL,718,DFW,LAX,418.22
1329,2023-01-14,10:15:00,UA,230,DFW,DFW,273.81
1330,2023-01-14,10:30:00,AA,639,SFO,LAX,155.47
1331,2023-01-14,10:45:00,SW,844,LAX,ORD,316.74
1332,2023-01-14,11:00:00,AA,475,SFO,SFO,406.97
1333,2023-01-14,11:15:00,UA,247,SFO,SFO,197.43
1334,2023-01-14,11:30:00,BA,939,JFK,LAX,365.66
1335,2023-01-14,11:45:00,SW,897,JFK,SFO,242.54
1336,2023-01-15,12:00:00,UA,519,ORD,SFO,483.82
1337,2023-01-15,12:15:00,DL,837,LAX,JFK,396.92
1338,2023-01-15,12:30:00,UA,404,ATL,DEN,210.36
1339,2023-01-15,12:45:00,DL,948,LAX,DEN,57.99
1340,2023-01-15,13:00:00,BA,284,DEN,LAX,345.88
1341,2023-01-15,13:15:00,DL,419,SFO,JFK,139.04
1342,2023-01-15,13:30:00,AA,572,ORD,SFO,104.85
1343,2023-01-15,13:45:00,AA,542,LAX,SFO,469.3
1344,2023-01-15,14:00:00,AA,919,DEN,DEN,499.98
1345,2023-01-15,14:15:00,AA,350,DFW,ATL,171.45
1346,2023-01-15,14:30:00,AA,673,ATL,LAX,185.8
1347,2023-01-15,14:45:00,DL,206,SFO,LAX,124.25
1348,2023-01-15,15:00:00,AA,567,DEN,DFW,255.96
1349,2023-01-15,15:15:00,SW,373,LAX,JFK,439.63
1350,2023-01-15,15:30:00,DL,145,JFK,DFW,365.68
1351,2023-01-15,15:45:00,BA,674,ORD,LAX,430.85
1352,2023-01-15,16:00:00,DL,122,DFW,DFW,152.82
1353,2023-01-15,16:15:00,UA,325,ATL,SFO,378.71
1354,2023-01-15,16:30:00,BA,714,SFO,DFW,463.34
1355,2023-01-15,16:45:00,AA,749,JFK,LAX,176.64
1356,2023-01-15,17:00:00,AA,873,ORD,DEN,360.79
1357,2023-01-15,17:15:00,UA,432,DFW,ORD,230.3
1358,2023-01-15,17:30:00,AA,673,DFW,ATL,180.6
1359,2023-01-15,17:45:00,BA,270,SFO,DEN,486.33
1360,2023-01-16,18:00:00,BA,859,SFO,SFO,206.88
1361,2023-01-16,18:15:00,BA,500,LAX,ATL,98.53
1362,2023-01-16,18:30:00,DL,415,DEN,JFK,224.87
1363,2023-01-16,18:45:00,DL,373,SFO,DEN,251.46
1364,2023-01-16,19:00:00,BA,296,JFK,SFO,388.49
1365,2023-01-16,19:15:00,DL,416,SFO,LAX,477.46
1366,2023-01-16,19:30:00,DL,765,DEN,DFW,417.68
1367,2023-01-16,19:45:00,SW,242,LAX,JFK,468.92
1368,2023-01-16,20:00:00,DL,977,LAX,JFK,263.78
1369,2023-01-16,20:15:00,SW,929,JFK,JFK,373.69
1370,2023-01-16,20:30:00,SW,281,ATL,DFW,189.07
1371,2023-01-16,20:45:00,DL,181,DFW,ATL,81.31
1372,2023-01-16,21:00:00,DL,641,ORD,SFO,214.46
1373,2023-01-16,21:15:00,DL,298,ATL,DEN,364.06
1374,2023-01-16,21:30:00,AA,128,DFW,DFW,173.58
1375,2023-01-16,21:45:00,SW,814,DEN,SFO,437.63
1376,2023-01-16,22:00:00,AA,745,ATL,ORD,405.85
1377,2023-01-16,22:15:00,BA,584,SFO,JFK,137.32
1378,2023-01-16,22:30:00,DL,584,JFK,LAX,198.88
1379,2023-01-16,22:45:00,BA,440,ATL,DFW,421.39
1380,2023-01-16,23:00:00,AA,598,LAX,ATL,159.77
1381,2023-01-16,23:15:00,SW,278,SFO,JFK,199.22
1382,2023-01-16,23:30:00,UA,698,DFW,DFW,204.38
1383,2023-01-16,23:45:00,DL,281,JFK,SFO,410.47
1384,2023-01-17,00:00:00,BA,878,ORD,DFW,66.66
1385,2023-01-17,00:15:00,BA,655,SFO,DEN,83.2
1386,2023-01-17,00:30:00,BA,514,ATL,DFW,310.3
1387,2023-01-17,00:45:00,AA,927,LAX,SFO,228.7
1388,2023-01-17,01:00:00,AA,242,DFW,LAX,334.8
1389,2023-01-17,01:15:00,UA,532,LAX,ORD,169.91
1390,2023-01-17,01:30:00,AA,732,DEN,ORD,459.31
1391,2023-01-17,01:45:00,SW,481,ORD,DFW,392.42
1392,2023-01-17,02:00:00,SW,156,SFO,DFW,80.49
1393,2023-01-17,02:15:00,BA,549,ORD,ATL,402.76
1394,2023-01-17,02:30:00,DL,972,ORD,ATL,486.31
1395,2023-01-17,02:45:00,BA,243,ATL,DFW,474.1
1396,2023-01-17,03:00:00,SW,731,DEN,ORD,380.97
1397,2023-01-17,03:15:00,SW,408,DFW,SFO,105.62
1398,2023-01-17,03:30:00,SW,388,SFO,ATL,309.23
1399,2023-01-17,03:45:00,BA,187,DFW,SFO,177.9
1400,2023-01-17,04:00:00,UA,641,ATL,DFW,486.6
1401,2023-01-17,04:15:00,DL,151,DFW,SFO,372.87
1402,2023-01-17,04:30:00,UA,573,DFW,DEN,324.84
1403,2023-01-17,04:45:00,UA,537,DFW,DFW,362.79
1404,2023-01-17,05:00:00,DL,872,JFK,LAX,247.09
1405,2023-01-17,05:15:00,SW,292,ATL,LAX,217.73
1406,2023-01-17,05:30:00,SW,991,DEN,ORD,471.11
1407,2023-01-17,05:45:00,BA,254,ORD,LAX,199.37
1408,2023-01-18,06:00:00,BA,568,DFW,ORD,68.65
1409,2023-01-18,06:15:00,UA,489,DFW,SFO,230.38
1410,2023-01-18,06:30:00,DL,478,ORD,LAX,405.65
1411,2023-01-18,06:45:00,DL,956,ORD,ORD,341.81
1412,2023-01-18,07:00:00,AA,373,JFK,JFK,482.98
1413,2023-01-18,07:15:00,AA,412,DEN,LAX,97.79
1414,2023-01-18,07:30:00,UA,260,LAX,SFO,460.2
1415,2023-01-18,07:45:00,BA,341,SFO,DFW,215.98
1416,2023-01-18,08:00:00,SW,437,JFK,ORD,263.3
1417,2023-01-18,08:15:00,SW,684,LAX,ORD,242.82
1418,2023-01-18,08:30:00,UA,173,JFK,DEN,102.4
1419,2023-01-18,08:45:00,DL,840,DEN,JFK,161.51
1420,2023-01-18,09:00:00,AA,515,DEN,JFK,384.02
1421,2023-01-18,09:15:00,BA,450,LAX,SFO,60.35
1422,2023-01-18,09:30:00,DL,429,ATL,SFO,110.25
1423,2023-01-18,09:45:00,BA,464,DFW,ATL,61.34
1424,2023-01-18,10:00:00,BA,276,SFO,DFW,435.82
1425,2023-01-18,10:15:00,UA,839,DFW,ORD,327.8
1426,2023-01-18,10:30:00,AA,516,DFW,ATL,126.47
1427,2023-01-18,10:45:00,AA,370,ATL,JFK,395.95
1428,2023-01-18,11:00:00,SW,673,LAX,JFK,485.06
1429,2023-01-18,11:15:00,DL,443,DFW,DEN,470.55
1430,2023-01-18,11:30:00,DL,516,ORD,SFO,464.7
1431,2023-01-18,11:45:00,AA,412,ORD,DFW,53.51
1432,2023-01-19,12:00:00,BA,512,DEN,SFO,315.06
1433,2023-01-19,12:15:00,SW,271,LAX,DFW,165.48
1434,2023-01-19,12:30:00,SW,197,DFW,ATL,304.09
1435,2023-01-19,12:45:00,BA,278,ORD,JFK,193.11
1436,2023-01-19,13:00:00,SW,914,DFW,LAX,119.15
1437,2023-01-19,13:15:00,BA,208,SFO,DEN,250.02
1438,2023-01-19,13:30:00,SW,940,JFK,LAX,272.79
1439,2023-01-19,13:45:00,AA,521,DFW,DEN,495.39
1440,2023-01-19,14:00:00,SW,732,DEN,LAX,69.07
1441,2023-01-19,14:15:00,SW,102,ATL,DFW,185.52
1442,2023-01-19,14:30:00,DL,885,JFK,SFO,433.35
1443,2023-01-19,14:45:00,SW,243,LAX,SFO,346.86
1444,2023-01-19,15:00:00,BA,807,DFW,SFO,422.01
1445,2023-01-19,15:15:00,AA,441,DFW,ORD,347.13
1446,2023-01-19,15:30:00,SW,596,JFK,DFW,391.79
1447,2023-01-19,15:45:00,AA,854,DEN,JFK,271.81
1448,2023-01-19,16:00:00,AA,193,DEN,LAX,142.19
1449,2023-01-19,16:15:00,SW,969,DEN,SFO,414.5
1450,2023-01-19,16:30:00,DL,220,SFO,JFK,305.52
1451,2023-01-19,16:45:00,UA,762,LAX,DFW,112.78
1452,2023-01-19,17:00:00,SW,310,ATL,SFO,412.2
1453,2023-01-19,17:15:00,UA,619,JFK,LAX,481.36
1454,2023-01-19,17:30:00,SW,923,ATL,DEN,205.77
1455,2023-01-19,17:45:00,AA,277,ORD,ATL,182.08
1456,2023-01-20,18:00:00,SW,126,LAX,ORD,86.8
1457,2023-01-20,18:15:00,UA,860,DEN,SFO,349.02
1458,2023-01-20,18:30:00,AA,744,DEN,DFW,481.53
1459,2023-01-20,18:45:00,SW,209,DFW,DFW,111.2
1460,2023-01-20,19:00:00,DL,189,SFO,ORD,268.32
1461,2023-01-20,19:15:00,BA,126,SFO,DFW,94.21
1462,2023-01-20,19:30:00,SW,800,LAX,ATL,65.35
1463,2023-01-20,19:45:00,DL,343,JFK,LAX,349.03
1464,2023-01-20,20:00:00,UA,723,ATL,LAX,440.46
1465,2023-01-20,20:15:00,DL,695,ATL,DFW,201.91
1466,2023-01-20,20:30:00,BA,690,DEN,ATL,444.09
1467,2023-01-20,20:45:00,DL,758,ORD,LAX,102.67
1468,2023-01-20,21:00:00,SW,221,DFW,DFW,157.08
1469,2023-01-20,21:15:00,DL,708,JFK,SFO,455.72
1470,2023-01-20,21:30:00,SW,447,JFK,DFW,278.83
1471,2023-01-20,21:45:00,UA,904,SFO,ATL,323.69
1472,2023-01-20,22:00:00,BA,458,JFK,DEN,67.11
1473,2023-01-20,22:15:00,DL,504,SFO,ATL,107.78
1474,2023-01-20,22:30:00,BA,483,SFO,ATL,75.11
1475,2023-01-20,22:45:00,DL,592,ATL,ORD,457.25
1476,2023-01-20,23:00:00,BA,487,SFO,LAX,110.66
1477,2023-01-20,23:15:00,DL,758,DFW,ORD,432.35
1478,2023-01-20,23:30:00,UA,305,ORD,SFO,207.97
1479,2023-01-20,23:45:00,UA,151,DEN,DEN,410.27
1480,2023-01-21,00:00:00,SW,661,DFW,ATL,214.27
1481,2023-01-21,00:15:00,DL,643,DFW,JFK,170.46
1482,2023-01-21,00:30:00,UA,581,ORD,DFW,92.15
1483,2023-01-21,00:45:00,UA,758,ATL,ATL,176.32
1484,2023-01-21,01:00:00,BA,368,ATL,LAX,262.17
1485,2023-01-21,01:15:00,UA,723,JFK,JFK,417.88
1486,2023-01-21,01:30:00,UA,331,DEN,ATL,253.63
1487,2023-01-21,01:45:00,SW,966,LAX,JFK,487.15
1488,2023-01-21,02:00:00,AA,939,JFK,LAX,293.73
1489,2023-01-21,02:15:00,BA,706,SFO,SFO,61.23
1490,2023-01-21,02:30:00,UA,913,JFK,ATL,236.92
1491,2023-01-21,02:45:00,AA,820,ORD,ATL,360.0
1492,2023-01-21,03:00:00,AA,165,LAX,JFK,155.43
1493,2023-01-21,03:15:00,UA,188,DEN,SFO,364.38
1494,2023-01-21,03:30:00,SW,372,DEN,SFO,276.66
1495,2023-01-21,03:45:00,DL,401,DEN,ATL,61.58
1496,2023-01-21,04:00:00,SW,483,ORD,DFW,398.46
1497,2023-01-21,04:15:00,UA,319,SFO,SFO,302.17
1498,2023-01-21,04:30:00,BA,265,LAX,SFO,87.12
1499,2023-01-21,04:45:00,DL,534,LAX,DFW,263.85
1500,2023-01-21,05:00:00,DL,508,JFK,SFO,179.28
1501,2023-01-21,05:15:00,UA,304,SFO,DFW,445.86
1502,2023-01-21,05:30:00,UA,104,DFW,DEN,178.22
1503,2023-01-21,05:45:00,BA,274,LAX,JFK,473.76
1504,2023-01-22,06:00:00,SW,140,DEN,DFW,295.76
1505,2023-01-22,06:15:00,BA,341,DEN,DEN,195.63
1506,2023-01-22,06:30:00,UA,494,DFW,DFW,416.1
1507,2023-01-22,06:45:00,BA,511,DFW,DFW,363.83
1508,2023-01-22,07:00:00,UA,434,JFK,LAX,236.28
1509,2023-01-22,07:15:00,DL,970,JFK,DFW,333.33
1510,2023-01-22,07:30:00,BA,497,ATL,DFW,400.36
1511,2023-01-22,07:45:00,AA,616,ORD,DFW,433.2
1512,2023-01-22,08:00:00,DL,826,SFO,DFW,417.39
1513,2023-01-22,08:15:00,AA,371,ATL,DFW,124.73
1514,2023-01-22,08:30:00,UA,129,DEN,ATL,422.78
1515,2023-01-22,08:45:00,AA,270,ORD,ORD,76.38
1516,2023-01-22,09:00:00,SW,765,DEN,ORD,140.08
1517,2023-01-22,09:15:00,UA,303,ORD,DEN,330.32
1518,2023-01-22,09:30:00,AA,579,JFK,SFO,101.61
1519,2023-01-22,09:45:00,UA,319,LAX,DEN,321.51
1520,2023-01-22,10:00:00,SW,634,SFO,DEN,188.58
1521,2023-01-22,10:15:00,AA,210,ATL,ORD,243.26
1522,2023-01-22,10:30:00,AA,911,DFW,ATL,191.82
1523,2023-01-22,10:45:00,DL,568,DEN,SFO,81.58
1524,2023-01-22,11:00:00,AA,795,SFO,DEN,275.34
1525,2023-01-22,11:15:00,AA,865,JFK,LAX,483.62
1526,2023-01-22,11:30:00,UA,230,ATL,JFK,325.3
1527,2023-01-22,11:45:00,SW,765,JFK,LAX,185.01
1528,2023-01-23,12:00:00,BA,737,JFK,JFK,480.27
1529,2023-01-23,12:15:00,SW,220,ORD,SFO,225.16
1530,2023-01-23,12:30:00,SW,740,SFO,JFK,363.88
1531,2023-01-23,12:45:00,AA,451,DFW,DFW,335.35
1532,2023-01-23,13:00:00,BA,284,ATL,DEN,478.81
1533,2023-01-23,13:15:00,BA,210,JFK,ATL,461.57
1534,2023-01-23,13:30:00,SW,810,ORD,JFK,116.6
1535,2023-01-23,13:45:00,UA,698,ATL,ATL,88.56
1536,2023-01-23,14:00:00,BA,290,JFK,DFW,414.34
1537,2023-01-23,14:15:00,BA,867,ORD,LAX,457.22
1538,2023-01-23,14:30:00,SW,658,SFO,DFW,271.84
1539,2023-01-23,14:45:00,DL,863,LAX,ATL,360.84
1540,2023-01-23,15:00:00,BA,189,ORD,JFK,81.4
1541,2023-01-23,15:15:00,SW,817,DEN,ATL,148.91
1542,2023-01-23,15:30:00,DL,752,DFW,DFW,117.22
1543,2023-01-23,15:45:00,SW,418,ORD,DFW,320.52
1544,2023-01-23,16:00:00,SW,393,DFW,ATL,138.89
1545,2023-01-23,16:15:00,UA,259,ORD,LAX,76.93
1546,2023-01-23,16:30:00,AA,987,DFW,ATL,185.99
1547,2023-01-23,16:45:00,DL,415,SFO,LAX,354.75
1548,2023-01-23,17:00:00,AA,604,LAX,SFO,310.04
1549,2023-01-23,17:15:00,DL,439,DEN,ATL,198.83
1550,2023-01-23,17:30:00,DL,908,DEN,JFK,425.07
1551,2023-01-23,17:45:00,BA,460,DEN,SFO,174.32
1552,2023-01-24,18:00:00,UA,477,ATL,ATL,167.25
1553,2023-01-24,18:15:00,UA,701,ATL,SFO,301.98
1554,2023-01-24,18:30:00,SW,897,ORD,ATL,265.2
1555,2023-01-24,18:45:00,AA,896,ATL,DFW,250.69
1556,2023-01-24,19:00:00,SW,152,DEN,ORD,120.1
1557,2023-01-24,19:15:00,UA,398,JFK,DFW,277.09
1558,2023-01-24,19:30:00,SW,750,JFK,JFK,166.56
1559,2023-01-24,19:45:00,UA,824,ATL,ORD,226.48
1560,2023-01-24,20:00:00,UA,373,ATL,SFO,380.11
1561,2023-01-24,20:15:00,DL,740,DEN,DFW,471.59
1562,2023-01-24,20:30:00,SW,779,SFO,LAX,398.24
1563,2023-01-24,20:45:00,DL,138,DEN,JFK,232.54
1564,2023-01-24,21:00:00,SW,582,ORD,DFW,316.86
1565,2023-01-24,21:15:00,UA,293,ATL,LAX,385.92
1566,2023-01-24,21:30:00,UA,660,DEN,JFK,236.4
1567,2023-01-24,21:45:00,BA,314,DFW,ATL,212.11
1568,2023-01-24,22:00:00,DL,145,SFO,ORD,110.86
1569,2023-01-24,22:15:00,AA,222,LAX,ORD,381.32
1570,2023-01-24,22:30:00,SW,789,ORD,JFK,427.33
1571,2023-01-24,22:45:00,AA,634,ORD,SFO,192.46
1572,2023-01-24,23:00:00,BA,331,ATL,LAX,402.58
1573,2023-01-24,23:15:00,UA,610,JFK,ORD,324.6
1574,2023-01-24,23:30:00,DL,448,ORD,SFO,402.84
1575,2023-01-24,23:45:00,AA,421,ORD,JFK,235.1
1576,2023-01-25,00:00:00,DL,441,ATL,DFW,386.41
1577,2023-01-25,00:15:00,UA,934,LAX,JFK,233.83
1578,2023-01-25,00:30:00,DL,644,SFO,JFK,89.94
1579,2023-01-25,00:45:00,DL,534,DFW,JFK,297.76
1580,2023-01-25,01:00:00,SW,426,ATL,LAX,254.45
1581,2023-01-25,01:15:00,AA,714,LAX,DEN,163.8
1582,2023-01-25,01:30:00,BA,584,SFO,SFO,451.45
1583,2023-01-25,01:45:00,DL,251,SFO,ATL,222.28
1584,2023-01-25,02:00:00,DL,222,SFO,DFW,67.61
1585,2023-01-25,02:15:00,BA,182,DFW,LAX,221.96
1586,2023-01-25,02:30:00,AA,202,JFK,JFK,241.03
1587,2023-01-25,02:45:00,UA,189,SFO,DFW,437.74
1588,2023-01-25,03:00:00,SW,850,LAX,LAX,409.63
1589,2023-01-25,03:15:00,BA,179,LAX,ORD,139.98
1590,2023-01-25,03:30:00,DL,213,LAX,ATL,427.56
1591,2023-01-25,03:45:00,UA,255,DEN,DFW,161.57
1592,2023-01-25,04:00:00,SW,953,DEN,ATL,203.87
1593,2023-01-25,04:15:00,BA,613,ATL,SFO,84.57
1594,2023-01-25,04:30:00,DL,365,SFO,DEN,74.91
1595,2023-01-25,04:45:00,AA,215,LAX,DEN,356.39
1596,2023-01-25,05:00:00,BA,949,ORD,DFW,465.5
1597,2023-01-25,05:15:00,DL,495,JFK,DFW,271.86
1598,2023-01-25,05:30:00,UA,164,ORD,SFO,429.84
1599,2023-01-25,05:45:00,BA,347,JFK,JFK,407.19
1600,2023-01-26,06:00:00,SW,935,ATL,JFK,349.11
1601,2023-01-26,06:15:00,AA,605,ATL,SFO,490.2
1602,2023-01-26,06:30:00,BA,289,SFO,ATL,410.98
1603,2023-01-26,06:45:00,BA,154,ATL,JFK,173.68
1604,2023-01-26,07:00:00,AA,392,JFK,DFW,405.06
1605,2023-01-26,07:15:00,UA,568,DEN,ATL,361.7
1606,2023-01-26,07:30:00,SW,226,ATL,DEN,229.78
1607,2023-01-26,07:45:00,DL,119,JFK,ATL,84.56
1608,2023-01-26,08:00:00,UA,809,ATL,ORD,146.46
1609,2023-01-26,08:15:00,DL,824,LAX,DEN,408.76
1610,2023-01-26,08:30:00,SW,737,LAX,JFK,161.82
1611,2023-01-26,08:45:00,UA,802,SFO,LAX,499.04
1612,2023-01-26,09:00:00,BA,296,SFO,DEN,362.29
1613,2023-01-26,09:15:00,UA,269,ATL,JFK,264.75
1614,2023-01-26,09:30:00,DL,308,JFK,SFO,306.7
1615,2023-01-26,09:45:00,BA,756,ATL,ATL,324.89
1616,2023-01-26,10:00:00,AA,285,DEN,DFW,486.03
1617,2023-01-26,10:15:00,UA,745,ORD,SFO,122.78
1618,2023-01-26,10:30:00,UA,196,DEN,ORD,172.58
1619,2023-01-26,10:45:00,BA,378,DEN,LAX,369.32
1620,2023-01-26,11:00:00,UA,231,ORD,DEN,157.94
1621,2023-01-26,11:15:00,BA,492,LAX,JFK,442.08
1622,2023-01-26,11:30:00,AA,930,ATL,ATL,205.94
1623,2023-01-26,11:45:00,UA,960,SFO,DEN,131.38
1624,2023-01-27,12:00:00,DL,269,ATL,ORD,71.43
1625,2023-01-27,12:15:00,UA,942,DFW,LAX,318.02
1626,2023-01-27,12:30:00,BA,202,DEN,DEN,421.38
1627,2023-01-27,12:45:00,BA,704,LAX,ORD,173.21
1628,2023-01-27,13:00:00,DL,195,JFK,LAX,462.89
1629,2023-01-27,13:15:00,DL,208,DEN,DEN,390.98
1630,2023-01-27,13:30:00,BA,191,DEN,JFK,77.59
1631,2023-01-27,13:45:00,BA,917,ATL,ORD,307.68
1632,2023-01-27,14:00:00,UA,683,JFK,JFK,305.35
1633,2023-01-27,14:15:00,BA,523,DFW,ORD,141.07
1634,2023-01-27,14:30:00,DL,970,DFW,JFK,200.54
1635,2023-01-27,14:45:00,UA,987,ORD,SFO,256.23
1636,2023-01-27,15:00:00,BA,158,SFO,JFK,71.64
1637,2023-01-27,15:15:00,AA,105,JFK,ATL,117.4
1638,2023-01-27,15:30:00,DL,173,LAX,ATL,123.8
1639,2023-01-27,15:45:00,AA,956,LAX,ATL,220.66
1640,2023-01-27,16:00:00,UA,240,DFW,SFO,386.31
1641,2023-01-27,16:15:00,DL,844,ORD,DEN,424.09
1642,2023-01-27,16:30:00,UA,325,SFO,DEN,123.28
1643,2023-01-27,16:45:00,SW,927,ORD,JFK,388.36
1644,2023-01-27,17:00:00,DL,818,ATL,ATL,351.82
1645,2023-01-27,17:15:00,UA,627,LAX,ORD,450.81
1646,2023-01-27,17:30:00,AA,104,SFO,DEN,485.96
1647,2023-01-27,17:45:00,UA,792,SFO,ATL,106.01
1648,2023-01-28,18:00:00,BA,166,ATL,DEN,86.3
1649,2023-01-28,18:15:00,BA,939,ORD,JFK,409.88
1650,2023-01-28,18:30:00,AA,465,SFO,ORD,122.98
1651,2023-01-28,18:45:00,UA,428,DFW,JFK,137.56
1652,2023-01-28,19:00:00,DL,361,DFW,DFW,446.92
1653,2023-01-28,19:15:00,AA,651,ORD,ATL,472.53
1654,2023-01-28,19:30:00,UA,435,DFW,JFK,193.31
1655,2023-01-28,19:45:00,SW,947,SFO,ATL,428.98
1656,2023-01-28,20:00:00,BA,909,ATL,ORD,436.49
1657,2023-01-28,20:15:00,AA,762,DFW,ATL,322.43
1658,2023-01-28,20:30:00,UA,573,ORD,DEN,304.74
1659,2023-01-28,20:45:00,SW,317,DFW,DEN,309.13
1660,2023-01-28,21:00:00,BA,930,JFK,LAX,185.58
1661,2023-01-28,21:15:00,SW,897,DFW,JFK,328.49
1662,2023-01-28,21:30:00,AA,877,DEN,DEN,159.61
1663,2023-01-28,21:45:00,UA,495,LAX,DFW,129.93
1664,2023-01-28,22:00:00,SW,993,JFK,DEN,235.83
1665,2023-01-28,22:15:00,SW,199,ORD,SFO,367.6
1666,2023-01-28,22:30:00,SW,638,LAX,SFO,329.64
1667,2023-01-28,22:45:00,DL,971,DEN,DFW,484.2
1668,2023-01-28,23:00:00,SW,355,LAX,DEN,340.91
1669,2023-01-28,23:15:00,UA,822,DFW,DEN,113.59
1670,2023-01-28,23:30:00,UA,684,LAX,ORD,122.55
1671,2023-01-28,23:45:00,UA,355,ORD,DEN,91.88
1672,2023-01-29,00:00:00,BA,741,DFW,DFW,136.03
1673,2023-01-29,00:15:00,SW,967,DFW,ORD,319.08
1674,2023-01-29,00:30:00,AA,726,DEN,DEN,427.23
1675,2023-01-29,00:45:00,BA,341,ATL,ORD,452.24
1676,2023-01-29,01:00:00,DL,786,SFO,SFO,230.02
1677,2023-01-29,01:15:00,UA,411,LAX,SFO,301.36
1678,2023-01-29,01:30:00,DL,622,SFO,DEN,414.14
1679,2023-01-29,01:45:00,BA,814,DEN,LAX,190.43
1680,2023-01-29,02:00:00,DL,380,ATL,SFO,318.05
1681,2023-01-29,02:15:00,BA,611,DFW,ORD,128.34
1682,2023-01-29,02:30:00,DL,451,DFW,DFW,264.44
1683,2023-01-29,02:45:00,UA,143,ATL,LAX,127.88
1684,2023-01-29,03:00:00,SW,753,DEN,DEN,258.09
1685,2023-01-29,03:15:00,UA,155,ATL,DEN,228.57
1686,2023-01-29,03:30:00,UA,105,DFW,LAX,244.97
1687,2023-01-29,03:45:00,UA,507,ATL,JFK,159.67
1688,2023-01-29,04:00:00,SW,142,SFO,LAX,111.22
1689,2023-01-29,04:15:00,UA,715,SFO,DFW,174.05
1690,2023-01-29,04:30:00,BA,149,LAX,DEN,157.81
1691,2023-01-29,04:45:00,DL,457,JFK,ORD,380.43
1692,2023-01-29,05:00:00,SW,970,SFO,SFO,372.64
1693,2023-01-29,05:15:00,AA,687,ATL,JFK,313.02
1694,2023-01-29,05:30:00,BA,985,DEN,ORD,91.1
1695,2023-01-29,05:45:00,SW,527,ORD,LAX,304.82
1696,2023-01-30,06:00:00,DL,252,JFK,DEN,85.66
1697,2023-01-30,06:15:00,SW,437,ORD,DFW,58.18
1698,2023-01-30,06:30:00,BA,633,DFW,LAX,208.67
1699,2023-01-30,06:45:00,BA,246,JFK,ATL,158.25
1700,2023-01-30,07:00:00,AA,163,DFW,LAX,317.59
1701,2023-01-30,07:15:00,UA,445,DFW,ORD,467.89
1702,2023-01-30,07:30:00,DL,641,ATL,ORD,373.93
1703,2023-01-30,07:45:00,BA,393,SFO,DEN,395.31
1704,2023-01-30,08:00:00,BA,268,DEN,ATL,477.9
1705,2023-01-30,08:15:00,DL,597,ATL,ORD,335.34
1706,2023-01-30,08:30:00,BA,462,ATL,JFK,309.98
1707,2023-01-30,08:45:00,AA,323,ORD,ATL,320.84
1708,2023-01-30,09:00:00,AA,203,ATL,DEN,439.61
1709,2023-01-30,09:15:00,UA,367,SFO,DFW,224.64
1710,2023-01-30,09:30:00,SW,412,LAX,JFK,407.9
1711,2023-01-30,09:45:00,DL,547,DEN,ATL,343.52
1712,2023-01-30,10:00:00,AA,242,DEN,LAX,187.06
1713,2023-01-30,10:15:00,AA,388,ORD,ATL,56.16
1714,2023-01-30,10:30:00,AA,293,DEN,SFO,144.46
1715,2023-01-30,10:45:00,AA,221,ORD,ORD,364.99
1716,2023-01-30,11:00:00,UA,473,DEN,DFW,310.86
1717,2023-01-30,11:15:00,BA,933,JFK,DEN,173.57
1718,2023-01-30,11:30:00,AA,136,ORD,ORD,245.44
1719,2023-01-30,11:45:00,UA,862,LAX,JFK,347.52
1720,2023-01-31,12:00:00,SW,125,ATL,LAX,107.19
1721,2023-01-31,12:15:00,BA,172,SFO,ATL,244.53
1722,2023-01-31,12:30:00,SW,150,DEN,LAX,237.48
1723,2023-01-31,12:45:00,BA,624,SFO,ORD,294.17
1724,2023-01-31,13:00:00,BA,247,ATL,DEN,284.86
1725,2023-01-31,13:15:00,BA,807,JFK,DEN,215.48
1726,2023-01-31,13:30:00,UA,494,SFO,ORD,393.23
1727,2023-01-31,13:45:00,DL,619,LAX,SFO,80.25
1728,2023-01-31,14:00:00,SW,192,ATL,ATL,65.99
1729,2023-01-31,14:15:00,BA,626,DEN,ORD,239.12
1730,2023-01-31,14:30:00,BA,556,DEN,ORD,453.51
1731,2023-01-31,14:45:00,AA,146,SFO,SFO,174.91
1732,2023-01-31,15:00:00,AA,327,SFO,DFW,127.54
1733,2023-01-31,15:15:00,UA,135,SFO,ORD,467.69
1734,2023-01-31,15:30:00,BA,309,DFW,DFW,125.7
1735,2023-01-31,15:45:00,SW,251,DEN,JFK,218.68
1736,2023-01-31,16:00:00,SW,161,LAX,ORD,378.06
1737,2023-01-31,16:15:00,AA,729,LAX,ORD,167.42
1738,2023-01-31,16:30:00,AA,281,JFK,DEN,153.43
1739,2023-01-31,16:45:00,DL,624,DFW,ORD,228.95
1740,2023-01-31,17:00:00,BA,529,JFK,SFO,404.31
1741,2023-01-31,17:15:00,BA,619,ATL,DFW,459.94
1742,2023-01-31,17:30:00,AA,606,JFK,ATL,64.08
1743,2023-01-31,17:45:00,AA,531,DEN,SFO,124.3
1744,2023-02-01,18:00:00,AA,210,ATL,DFW,481.37
1745,2023-02-01,18:15:00,DL,779,JFK,ORD,316.76
1746,2023-02-01,18:30:00,DL,962,ORD,DFW,298.13
1747,2023-02-01,18:45:00,DL,759,DFW,ATL,416.09
1748,2023-02-01,19:00:00,BA,334,DEN,ORD,67.9
1749,2023-02-01,19:15:00,DL,977,ORD,SFO,56.23
1750,2023-02-01,19:30:00,BA,677,LAX,JFK,485.37
1751,2023-02-01,19:45:00,AA,694,DFW,DFW,422.86
1752,2023-02-01,20:00:00,BA,562,LAX,DFW,386.32
1753,2023-02-01,20:15:00,SW,189,SFO,DFW,120.07
1754,2023-02-01,20:30:00,UA,201,ATL,DFW,264.47
1755,2023-02-01,20:45:00,AA,476,LAX,ORD,471.78
1756,2023-02-01,21:00:00,SW,284,DEN,ORD,470.12
1757,2023-02-01,21:15:00,UA,684,ORD,ATL,54.16
1758,2023-02-01,21:30:00,SW,790,DFW,JFK,388.62
1759,2023-02-01,21:45:00,UA,134,DEN,ORD,52.81
1760,2023-02-01,22:00:00,UA,623,JFK,SFO,492.94
1761,2023-02-01,22:15:00,DL,720,DFW,DFW,237.64
1762,2023-02-01,22:30:00,SW,239,DEN,JFK,488.08
1763,2023-02-01,22:45:00,SW,460,DFW,LAX,215.49
1764,2023-02-01,23:00:00,AA,520,DFW,SFO,181.93
1765,2023-02-01,23:15:00,BA,994,ATL,DEN,192.33
1766,2023-02-01,23:30:00,SW,277,DEN,JFK,378.81
1767,2023-02-01,23:45:00,SW,323,LAX,ATL,139.85
1768,2023-02-02,00:00:00,AA,916,ATL,DEN,438.83
1769,2023-02-02,00:15:00,AA,686,LAX,DFW,315.76
1770,2023-02-02,00:30:00,DL,239,ATL,LAX,486.46
1771,2023-02-02,00:45:00,BA,705,DEN,ATL,494.19
1772,2023-02-02,01:00:00,BA,646,DFW,DEN,133.33
1773,2023-02-02,01:15:00,DL,814,LAX,SFO,480.1
1774,2023-02-02,01:30:00,AA,560,ORD,JFK,70.94
1775,2023-02-02,01:45:00,AA,853,JFK,ORD,62.54
1776,2023-02-02,02:00:00,AA,395,JFK,SFO,474.74
1777,2023-02-02,02:15:00,SW,468,ORD,DEN,483.08
1778,2023-02-02,02:30:00,BA,622,ATL,ORD,116.26
1779,2023-02-02,02:45:00,BA,870,ORD,DEN,249.09
1780,2023-02-02,03:00:00,UA,477,ORD,DFW,272.34
1781,2023-02-02,03:15:00,UA,175,DFW,ORD,437.13
1782,2023-02-02,03:30:00,SW,151,LAX,LAX,332.56
1783,2023-02-02,03:45:00,SW,600,ORD,SFO,398.55
1784,2023-02-02,04:00:00,BA,191,DEN,JFK,268.29
1785,2023-02-02,04:15:00,UA,743,SFO,LAX,341.79
1786,2023-02-02,04:30:00,DL,372,JFK,DEN,380.93
1787,2023-02-02,04:45:00,AA,419,JFK,DEN,382.05
1788,2023-02-02,05:00:00,BA,932,ORD,LAX,50.78
1789,2023-02-02,05:15:00,DL,881,LAX,DEN,94.96
1790,2023-02-02,05:30:00,SW,906,ORD,DFW,213.65
1791,2023-02-02,05:45:00,AA,360,DEN,JFK,77.54
1792,2023-02-03,06:00:00,SW,615,ORD,SFO,222.35
1793,2023-02-03,06:15:00,UA,693,DFW,DFW,225.31
1794,2023-02-03,06:30:00,DL,244,ATL,ORD,464.11
1795,2023-02-03,06:45:00,AA,482,ATL,JFK,305.18
1796,2023-02-03,07:00:00,AA,939,ATL,JFK,367.86
1797,2023-02-03,07:15:00,SW,764,ATL,DEN,449.24
1798,2023-02-03,07:30:00,BA,367,ORD,SFO,248.96
1799,2023-02-03,07:45:00,DL,250,DFW,ORD,50.88
1800,2023-02-03,08:00:00,AA,672,LAX,SFO,178.4
1801,2023-02-03,08:15:00,AA,319,ATL,LAX,416.37
1802,2023-02-03,08:30:00,UA,742,SFO,SFO,455.83
1803,2023-02-03,08:45:00,DL,172,ATL,ORD,208.18
1804,2023-02-03,09:00:00,DL,829,LAX,LAX,182.3
1805,2023-02-03,09:15:00,AA,394,DEN,SFO,466.03
1806,2023-02-03,09:30:00,DL,664,LAX,SFO,207.98
1807,2023-02-03,09:45:00,DL,837,DFW,ORD,343.51
1808,2023-02-03,10:00:00,AA,444,LAX,ATL,176.14
1809,2023-02-03,10:15:00,AA,419,DFW,ORD,94.06
1810,2023-02-03,10:30:00,SW,616,DEN,ATL,275.56
1811,2023-02-03,10:45:00,SW,515,DFW,LAX,465.45
1812,2023-02-03,11:00:00,SW,855,ORD,ATL,328.39
1813,2023-02-03,11:15:00,SW,303,ATL,DFW,143.97
1814,2023-02-03,11:30:00,DL,777,LAX,DEN,357.09
1815,2023-02-03,11:45:00,UA,875,ATL,SFO,395.76
1816,2023-02-04,12:00:00,AA,762,ATL,DEN,194.34
1817,2023-02-04,12:15:00,AA,736,JFK,ATL,301.64
1818,2023-02-04,12:30:00,BA,398,ATL,DEN,356.88
1819,2023-02-04,12:45:00,UA,287,ORD,LAX,122.16
1820,2023-02-04,13:00:00,UA,835,SFO,SFO,483.85
1821,2023-02-04,13:15:00,AA,410,ATL,SFO,253.06
1822,2023-02-04,13:30:00,UA,983,ATL,DEN,490.85
1823,2023-02-04,13:45:00,BA,535,DFW,SFO,135.31
1824,2023-02-04,14:00:00,DL,694,SFO,SFO,267.7
1825,2023-02-04,14:15:00,SW,891,SFO,JFK,124.63
1826,2023-02-04,14:30:00,BA,183,SFO,ORD,54.58
1827,2023-02-04,14:45:00,SW,893,ORD,LAX,157.04
1828,2023-02-04,15:00:00,AA,925,ORD,ATL,231.43
1829,2023-02-04,15:15:00,DL,297,ORD,ATL,244.01
1830,2023-02-04,15:30:00,BA,445,ATL,LAX,448.93
1831,2023-02-04,15:45:00,UA,401,ATL,JFK,336.05
1832,2023-02-04,16:00:00,DL,467,ORD,ORD,245.5
1833,2023-02-04,16:15:00,BA,700,DFW,DEN,494.6
1834,2023-02-04,16:30:00,DL,415,LAX,LAX,326.4
1835,2023-02-04,16:45:00,AA,254,LAX,LAX,195.2
1836,2023-02-04,17:00:00,UA,732,ORD,LAX,361.09
1837,2023-02-04,17:15:00,SW,729,JFK,LAX,273.06
1838,2023-02-04,17:30:00,SW,733,LAX,LAX,446.53
1839,2023-02-04,17:45:00,SW,516,DFW,LAX,453.43
1840,2023-02-05,18:00:00,BA,898,ATL,JFK,215.31
1841,2023-02-05,18:15:00,DL,754,DFW,LAX,303.05
1842,2023-02-05,18:30:00,UA,427,LAX,DFW,169.6
1843,2023-02-05,18:45:00,UA,196,DFW,ORD,331.99
1844,2023-02-05,19:00:00,BA,801,DFW,ORD,496.56
1845,2023-02-05,19:15:00,UA,613,DEN,SFO,424.66
1846,2023-02-05,19:30:00,UA,602,DFW,DEN,214.88
1847,2023-02-05,19:45:00,DL,531,LAX,SFO,92.92
1848,2023-02-05,20:00:00,DL,480,LAX,LAX,485.01
1849,2023-02-05,20:15:00,DL,465,SFO,SFO,225.31
1850,2023-02-05,20:30:00,BA,218,SFO,LAX,182.02
1851,2023-02-05,20:45:00,BA,271,ATL,JFK,192.35
1852,2023-02-05,21:00:00,BA,574,JFK,DFW,270.47
1853,2023-02-05,21:15:00,UA,115,ORD,ATL,480.54
1854,2023-02-05,21:30:00,SW,936,LAX,ORD,493.98
1855,2023-02-05,21:45:00,UA,302,DFW,ATL,183.26
1856,2023-02-05,22:00:00,DL,185,SFO,ATL,208.16
1857,2023-02-05,22:15:00,SW,779,SFO,ORD,280.31
1858,2023-02-05,22:30:00,AA,206,JFK,ATL,53.68
1859,2023-02-05,22:45:00,SW,591,DEN,DEN,128.68
1860,2023-02-05,23:00:00,DL,706,ATL,LAX,471.23
1861,2023-02-05,23:15:00,DL,570,SFO,JFK,63.25
1862,2023-02-05,23:30:00,DL,356,JFK,DEN,95.44
1863,2023-02-05,23:45:00,DL,693,DFW,DEN,239.29
1864,2023-02-06,00:00:00,AA,286,LAX,DEN,379.15
1865,2023-02-06,00:15:00,SW,112,ATL,JFK,171.0
1866,2023-02-06,00:30:00,AA,319,ATL,JFK,187.68
1867,2023-02-06,00:45:00,UA,911,JFK,LAX,187.46
1868,2023-02-06,01:00:00,SW,481,ATL,JFK,442.67
1869,2023-02-06,01:15:00,UA,531,DFW,DEN,151.74
1870,2023-02-06,01:30:00,UA,890,DEN,ATL,303.08
1871,2023-02-06,01:45:00,UA,899,SFO,ATL,499.97
1872,2023-02-06,02:00:00,DL,472,JFK,LAX,377.81
1873,2023-02-06,02:15:00,SW,134,DFW,DEN,201.36
1874,2023-02-06,02:30:00,BA,910,ORD,ATL,394.46
1875,2023-02-06,02:45:00,SW,424,LAX,DEN,479.26
1876,2023-02-06,03:00:00,DL,990,DFW,ORD,218.09
1877,2023-02-06,03:15:00,SW,930,ORD,ATL,368.61
1878,2023-02-06,03:30:00,DL,904,LAX,ATL,84.11
1879,2023-02-06,03:45:00,SW,951,SFO,ATL,452.88
1880,2023-02-06,04:00:00,SW,272,LAX,JFK,93.32
1881,2023-02-06,04:15:00,UA,821,LAX,SFO,217.82
1882,2023-02-06,04:30:00,AA,340,ORD,ORD,294.13
1883,2023-02-06,04:45:00,SW,467,JFK,ORD,168.61
1884,2023-02-06,05:00:00,BA,298,SFO,SFO,342.17
1885,2023-02-06,05:15:00,AA,362,ORD,DEN,299.49
1886,2023-02-06,05:30:00,BA,532,ATL,ATL,372.73
1887,2023-02-06,05:45:00,SW,493,ORD,SFO,209.36
1888,2023-02-07,06:00:00,DL,640,DFW,JFK,295.71
1889,2023-02-07,06:15:00,SW,177,DFW,DEN,415.48
1890,2023-02-07,06:30:00,UA,796,DEN,DFW,414.81
1891,2023-02-07,06:45:00,DL,493,ORD,DEN,371.41
1892,2023-02-07,07:00:00,BA,569,ORD,DEN,293.87
1893,2023-02-07,07:15:00,SW,934,DEN,JFK,352.97
1894,2023-02-07,07:30:00,SW,621,ORD,ATL,89.1
1895,2023-02-07,07:45:00,DL,210,ORD,ATL,262.09
1896,2023-02-07,08:00:00,SW,264,DEN,DEN,437.06
1897,2023-02-07,08:15:00,AA,384,DEN,SFO,323.31
1898,2023-02-07,08:30:00,BA,600,DEN,DEN,473.76
1899,2023-02-07,08:45:00,SW,164,LAX,ORD,167.98
1900,2023-02-07,09:00:00,SW,992,DFW,SFO,93.34
1901,2023-02-07,09:15:00,DL,241,DEN,ATL,331.98
1902,2023-02-07,09:30:00,UA,335,LAX,ATL,90.92
1903,2023-02-07,09:45:00,BA,614,SFO,SFO,401.96
1904,2023-02-07,10:00:00,AA,521,DFW,DEN,165.53
1905,2023-02-07,10:15:00,AA,187,DEN,JFK,292.44
1906,2023-02-07,10:30:00,DL,834,SFO,ORD,415.12
1907,2023-02-07,10:45:00,AA,615,ORD,SFO,404.62
1908,2023-02-07,11:00:00,UA,211,ORD,LAX,273.19
1909,2023-02-07,11:15:00,SW,948,DFW,ATL,489.13
1910,2023-02-07,11:30:00,BA,855,JFK,SFO,273.93
1911,2023-02-07,11:45:00,SW,694,DFW,ATL,175.46
1912,2023-02-08,12:00:00,DL,918,LAX,LAX,186.09
1913,2023-02-08,12:15:00,SW,590,ORD,DEN,384.64
1914,2023-02-08,12:30:00,UA,128,SFO,ORD,246.7
1915,2023-02-08,12:45:00,AA,903,SFO,DFW,238.45
1916,2023-02-08,13:00:00,BA,409,ORD,SFO,59.22
1917,2023-02-08,13:15:00,UA,894,DEN,LAX,187.38
1918,2023-02-08,13:30:00,DL,469,LAX,SFO,437.17
1919,2023-02-08,13:45:00,BA,459,ATL,ORD,411.58
1920,2023-02-08,14:00:00,SW,654,JFK,SFO,385.93
1921,2023-02-08,14:15:00,DL,914,LAX,LAX,60.41
1922,2023-02-08,14:30:00,SW,297,LAX,SFO,62.15
1923,2023-02-08,14:45:00,UA,640,LAX,ORD,190.16
1924,2023-02-08,15:00:00,UA,227,LAX,ATL,263.5
1925,2023-02-08,15:15:00,DL,271,JFK,DEN,459.38
1926,2023-02-08,15:30:00,AA,183,LAX,ATL,223.08
1927,2023-02-08,15:45:00,DL,162,ATL,ORD,179.84
1928,2023-02-08,16:00:00,AA,942,ATL,ORD,307.02
1929,2023-02-08,16:15:00,DL,302,ATL,JFK,461.61
1930,2023-02-08,16:30:00,DL,749,JFK,DEN,382.39
1931,2023-02-08,16:45:00,BA,319,ATL,SFO,435.5
1932,2023-02-08,17:00:00,AA,839,DFW,DFW,131.99
1933,2023-02-08,17:15:00,AA,943,SFO,ATL,106.55
1934,2023-02-08,17:30:00,UA,964,LAX,SFO,294.83
1935,2023-02-08,17:45:00,SW,266,ATL,SFO,363.82
1936,2023-02-09,18:00:00,UA,131,DEN,LAX,479.74
1937,2023-02-09,18:15:00,AA,855,JFK,ORD,217.19
1938,2023-02-09,18:30:00,BA,482,SFO,ORD,205.95
1939,2023-02-09,18:45:00,AA,959,SFO,DEN,282.13
1940,2023-02-09,19:00:00,SW,925,ATL,JFK,358.22
1941,2023-02-09,19:15:00,SW,121,JFK,SFO,304.71
1942,2023-02-09,19:30:00,DL,837,ATL,LAX,375.36
1943,2023-02-09,19:45:00,BA,929,SFO,DFW,221.14
1944,2023-02-09,20:00:00,UA,592,LAX,ORD,437.99
1945,2023-02-09,20:15:00,BA,909,ATL,JFK,132.34
1946,2023-02-09,20:30:00,DL,471,DEN,LAX,192.16
1947,2023-02-09,20:45:00,AA,975,SFO,LAX,398.15
1948,2023-02-09,21:00:00,SW,455,SFO,DFW,201.05
1949,2023-02-09,21:15:00,AA,269,DEN,DEN,350.67
1950,2023-02-09,21:30:00,AA,350,LAX,ATL,179.51
1951,2023-02-09,21:45:00,DL,763,DEN,SFO,134.2
1952,2023-02-09,22:00:00,UA,353,JFK,ATL,185.33
1953,2023-02-09,22:15:00,AA,844,SFO,LAX,449.15
1954,2023-02-09,22:30:00,SW,920,ATL,ATL,257.4
1955,2023-02-09,22:45:00,SW,379,LAX,LAX,151.44
1956,2023-02-09,23:00:00,UA,222,LAX,SFO,194.65
1957,2023-02-09,23:15:00,UA,940,LAX,DFW,51.25
1958,2023-02-09,23:30:00,DL,653,DFW,SFO,390.11
1959,2023-02-09,23:45:00,BA,337,LAX,ORD,151.55
1960,2023-02-10,00:00:00,SW,928,ORD,DEN,319.06
1961,2023-02-10,00:15:00,AA,915,ATL,ATL,61.3
1962,2023-02-10,00:30:00,DL,755,ORD,DFW,425.52
1963,2023-02-10,00:45:00,UA,136,JFK,ORD,134.35
1964,2023-02-10,01:00:00,AA,706,DFW,DFW,52.15
1965,2023-02-10,01:15:00,BA,910,ATL,ATL,185.53
1966,2023-02-10,01:30:00,UA,866,DFW,SFO,464.22
1967,2023-02-10,01:45:00,BA,612,DEN,SFO,168.18
1968,2023-02-10,02:00:00,BA,833,LAX,DFW,276.57
1969,2023-02-10,02:15:00,SW,167,ORD,ATL,233.25
1970,2023-02-10,02:30:00,SW,387,DFW,ATL,182.41
1971,2023-02-10,02:45:00,BA,897,ORD,SFO,467.31
1972,2023-02-10,03:00:00,SW,116,ATL,DFW,405.05
1973,2023-02-10,03:15:00,UA,382,ATL,JFK,392.86
1974,2023-02-10,03:30:00,BA,362,ORD,SFO,286.75
1975,2023-02-10,03:45:00,BA,333,LAX,DFW,421.19
1976,2023-02-10,04:00:00,DL,585,ORD,SFO,256.29
1977,2023-02-10,04:15:00,DL,367,JFK,ORD,259.34
1978,2023-02-10,04:30:00,DL,437,JFK,ORD,272.2
1979,2023-02-10,04:45:00,DL,923,DFW,LAX,156.61
1980,2023-02-10,05:00:00,AA,993,ATL,ATL,465.64
1981,2023-02-10,05:15:00,DL,399,DFW,SFO,166.44
1982,2023-02-10,05:30:00,UA,423,DEN,JFK,139.17
1983,2023-02-10,05:45:00,AA,632,ORD,ORD,159.69
1984,2023-02-11,06:00:00,UA,575,DFW,JFK,417.81
1985,2023-02-11,06:15:00,DL,611,LAX,LAX,395.85
1986,2023-02-11,06:30:00,BA,731,DFW,JFK,242.2
1987,2023-02-11,06:45:00,AA,576,JFK,ORD,56.2
1988,2023-02-11,07:00:00,BA,370,ORD,DEN,489.08
1989,2023-02-11,07:15:00,UA,370,JFK,ATL,109.64
1990,2023-02-11,07:30:00,UA,180,DFW,JFK,433.14
1991,2023-02-11,07:45:00,AA,583,ATL,ATL,401.78
1992,2023-02-11,08:00:00,UA,547,DFW,SFO,472.13
1993,2023-02-11,08:15:00,AA,473,JFK,JFK,398.03
1994,2023-02-11,08:30:00,UA,842,SFO,DEN,199.12
1995,2023-02-11,08:45:00,BA,143,DEN,DFW,154.36
1996,2023-02-11,09:00:00,SW,255,DEN,DEN,219.96
1997,2023-02-11,09:15:00,DL,458,DFW,DFW,141.39
1998,2023-02-11,09:30:00,DL,827,DEN,ATL,373.81
1999,2023-02-11,09:45:00,SW,635,JFK,DEN,421.93
