,YEAR,QUARTER,MONTH,DAY_OF_MONTH,DAY_OF_WEEK,UNIQUE_CARRIER,TAIL_NUM,FL_NUM,ORIGIN,DEST,CRS_DEP_TIME,DEP_TIME,DEP_DELAY,DEP_DEL15,CRS_ARR_TIME,ARR_TIME,ARR_DELAY,ARR_DEL15,CANCELLED
507,2016,1,1,23,6,DL,N849DN,485,JFK,SEA,1615,,,,1940,,,,1.0
818,2016,1,1,27,3,DL,N3760C,281,DTW,SEA,840,845.0,5.0,0.0,1100,1118.0,18.0,1.0,0.0
452,2016,1,1,20,3,DL,N935DN,1715,DTW,ATL,1015,1012.0,-3.0,0.0,1229,1233.0,4.0,0.0,0.0
368,2016,1,1,19,2,DL,N945DN,888,MSP,ATL,1625,1618.0,-7.0,0.0,1956,1939.0,-17.0,0.0,0.0
242,2016,1,1,11,1,DL,N317NB,478,ATL,JFK,1205,1211.0,6.0,0.0,1424,1400.0,-24.0,0.0,0.0
929,2016,1,2,6,6,DL,N673DL,460,JFK,SEA,1825,1823.0,-2.0,0.0,2146,2123.0,-23.0,0.0,0.0
262,2016,1,1,14,4,DL,N985AT,2032,MSP,JFK,700,658.0,-2.0,0.0,1049,1012.0,-37.0,0.0,0.0
810,2016,1,1,20,3,DL,N941DN,991,ATL,DTW,1200,1243.0,43.0,1.0,1404,1434.0,30.0,1.0,0.0
318,2016,1,1,15,5,DL,N959AT,2309,JFK,ATL,1930,1924.0,-6.0,0.0,2211,2148.0,-23.0,0.0,0.0
49,2016,1,1,4,1,DL,N945DL,2793,DTW,MSP,1006,1019.0,13.0,0.0,1105,1102.0,-3.0,0.0,0.0
446,2016,1,1,13,3,DL,N369NW,1476,DTW,MSP,1345,1340.0,-5.0,0.0,1444,1427.0,-17.0,0.0,0.0
142,2016,1,1,8,5,DL,N584NW,2448,DTW,ATL,1205,1157.0,-8.0,0.0,1418,1410.0,-8.0,0.0,0.0
968,2016,1,2,7,7,DL,N316NB,52,DTW,MSP,834,844.0,10.0,0.0,941,927.0,-14.0,0.0,0.0
345,2016,1,1,17,7,DL,N664DN,87,DTW,MSP,1540,1540.0,0.0,0.0,1647,1623.0,-24.0,0.0,0.0
971,2016,1,2,7,7,DL,N668DN,453,JFK,ATL,1100,1127.0,27.0,1.0,1334,1345.0,11.0,0.0,0.0
133,2016,1,1,7,4,DL,N842DN,1107,ATL,SEA,1920,1926.0,6.0,0.0,2205,2117.0,-48.0,0.0,0.0
104,2016,1,1,6,3,DL,N354NW,2793,DTW,MSP,1001,957.0,-4.0,0.0,1107,1045.0,-22.0,0.0,0.0
6,2016,1,1,2,6,DL,N983DL,2074,ATL,MSP,1745,1745.0,0.0,0.0,1931,1920.0,-11.0,0.0,0.0
600,2016,1,1,26,2,DL,N633DL,528,ATL,MSP,1625,1625.0,0.0,0.0,1816,1801.0,-15.0,0.0,0.0
496,2016,1,1,22,5,DL,N979AT,2817,JFK,DTW,909,901.0,-8.0,0.0,1120,1058.0,-22.0,0.0,0.0
702,2016,1,1,29,5,DL,N320NB,1476,DTW,MSP,1345,1344.0,-1.0,0.0,1444,1435.0,-9.0,0.0,0.0
472,2016,1,1,21,4,DL,N948DN,744,MSP,ATL,1005,1026.0,21.0,1.0,1334,1406.0,32.0,1.0,0.0
598,2016,1,1,26,2,DL,N951DL,427,JFK,ATL,1715,1710.0,-5.0,0.0,2003,1941.0,-22.0,0.0,0.0
502,2016,1,1,23,6,DL,N812DN,431,JFK,ATL,610,832.0,142.0,1.0,845,,,,1.0
433,2016,1,1,12,2,DL,N316US,838,DTW,ATL,1900,1858.0,-2.0,0.0,2114,2103.0,-11.0,0.0,0.0
119,2016,1,1,7,4,DL,N317NB,1707,DTW,MSP,834,830.0,-4.0,0.0,945,915.0,-30.0,0.0,0.0
108,2016,1,1,7,4,DL,N375NC,2448,DTW,ATL,1208,1204.0,-4.0,0.0,1420,1356.0,-24.0,0.0,0.0
647,2016,1,1,28,4,DL,N3738B,281,DTW,SEA,840,837.0,-3.0,0.0,1100,1035.0,-25.0,0.0,0.0
589,2016,1,1,25,1,DL,N389DA,588,SEA,MSP,1105,1106.0,1.0,0.0,1627,1624.0,-3.0,0.0,0.0
374,2016,1,1,19,2,DL,N595NW,1403,ATL,SEA,1350,1354.0,4.0,0.0,1625,1620.0,-5.0,0.0,0.0
910,2016,1,2,5,5,DL,N343NB,420,JFK,ATL,820,954.0,94.0,1.0,1055,1322.0,147.0,1.0,0.0
718,2016,1,1,30,6,DL,N587NW,1291,SEA,ATL,830,827.0,-3.0,0.0,1613,1543.0,-30.0,0.0,0.0
744,2016,1,1,31,7,DL,N844DN,1852,ATL,SEA,1113,1111.0,-2.0,0.0,1351,1326.0,-25.0,0.0,0.0
494,2016,1,1,22,5,DL,N377DA,2508,SEA,DTW,940,934.0,-6.0,0.0,1655,1647.0,-8.0,0.0,0.0
404,2016,1,1,18,1,DL,N812DN,1852,ATL,SEA,1113,1140.0,27.0,1.0,1351,1419.0,28.0,1.0,0.0
274,2016,1,1,15,5,DL,N3768,588,SEA,MSP,1105,1110.0,5.0,0.0,1627,1626.0,-1.0,0.0,0.0
78,2016,1,1,5,2,DL,N585NW,1403,ATL,SEA,1350,1354.0,4.0,0.0,1625,1608.0,-17.0,0.0,0.0
721,2016,1,1,30,6,DL,N812DN,1770,SEA,MSP,1355,1352.0,-3.0,0.0,1915,1858.0,-17.0,0.0,0.0
644,2016,1,1,27,3,DL,N367NW,2793,DTW,MSP,1001,958.0,-3.0,0.0,1107,1050.0,-17.0,0.0,0.0
614,2016,1,1,24,7,DL,N829DN,2134,SEA,ATL,1450,1450.0,0.0,0.0,2232,2223.0,-9.0,0.0,0.0
872,2016,1,2,3,3,DL,N709TW,425,JFK,ATL,1501,1516.0,15.0,1.0,1750,1757.0,7.0,0.0,0.0
691,2016,1,1,28,4,DL,N3746H,1397,MSP,SEA,1415,1409.0,-6.0,0.0,1603,1540.0,-23.0,0.0,0.0
90,2016,1,1,7,4,DL,N365NB,434,JFK,ATL,805,804.0,-1.0,0.0,1043,1019.0,-24.0,0.0,0.0
101,2016,1,1,6,3,DL,N3730B,2287,ATL,MSP,2215,2244.0,29.0,1.0,2357,3.0,6.0,0.0,0.0
94,2016,1,1,5,2,DL,N309US,1734,MSP,DTW,1152,1149.0,-3.0,0.0,1436,1417.0,-19.0,0.0,0.0
577,2016,1,1,24,7,DL,N583NW,1267,ATL,DTW,1735,1735.0,0.0,0.0,1934,1943.0,9.0,0.0,0.0
537,2016,1,1,22,5,DL,N318NB,780,MSP,DTW,1020,1017.0,-3.0,0.0,1304,1330.0,26.0,1.0,0.0
41,2016,1,1,3,7,DL,N718TW,2139,JFK,ATL,830,826.0,-4.0,0.0,1111,1108.0,-3.0,0.0,0.0
453,2016,1,1,20,3,DL,N546US,1782,DTW,SEA,1505,1459.0,-6.0,0.0,1710,1651.0,-19.0,0.0,0.0
995,2016,1,2,8,1,DL,N121DE,2842,MSP,ATL,1315,1318.0,3.0,0.0,1649,1639.0,-10.0,0.0,0.0
713,2016,1,1,31,7,DL,N364NB,423,JFK,ATL,1325,1322.0,-3.0,0.0,1600,1543.0,-17.0,0.0,0.0
34,2016,1,1,4,1,DL,N827DN,1770,SEA,MSP,1520,1521.0,1.0,0.0,2032,2048.0,16.0,1.0,0.0
639,2016,1,1,27,3,DL,N816DN,2134,SEA,ATL,1450,1445.0,-5.0,0.0,2232,2213.0,-19.0,0.0,0.0
35,2016,1,1,2,6,DL,N964DL,991,ATL,DTW,1205,1205.0,0.0,0.0,1404,1405.0,1.0,0.0,0.0
148,2016,1,1,8,5,DL,N340NB,440,JFK,ATL,816,814.0,-2.0,0.0,1051,1041.0,-10.0,0.0,0.0
455,2016,1,1,20,3,DL,N694DL,2005,ATL,DTW,725,720.0,-5.0,0.0,922,906.0,-16.0,0.0,0.0
885,2016,1,2,4,4,DL,N942DN,888,MSP,ATL,1625,1623.0,-2.0,0.0,1956,1953.0,-3.0,0.0,0.0
677,2016,1,1,28,4,DL,N344NW,2393,ATL,DTW,1915,1913.0,-2.0,0.0,2116,2054.0,-22.0,0.0,0.0
486,2016,1,1,21,4,DL,N3763D,1419,SEA,MSP,645,646.0,1.0,0.0,1204,1158.0,-6.0,0.0,0.0
685,2016,1,1,28,4,DL,N934DN,888,MSP,ATL,1625,1629.0,4.0,0.0,1956,1946.0,-10.0,0.0,0.0
307,2016,1,1,16,6,DL,N586NW,1403,ATL,SEA,1350,1417.0,27.0,1.0,1624,1640.0,16.0,1.0,0.0
238,2016,1,1,10,7,DL,N952AT,2817,JFK,DTW,909,1300.0,231.0,1.0,1123,1535.0,252.0,1.0,0.0
395,2016,1,1,19,2,DL,N664DN,8,MSP,ATL,1732,1730.0,-2.0,0.0,2105,2046.0,-19.0,0.0,0.0
734,2016,1,1,30,6,DL,N3750D,460,JFK,SEA,1825,1821.0,-4.0,0.0,2146,2107.0,-39.0,0.0,0.0
822,2016,1,1,27,3,DL,N3759,589,MSP,SEA,910,908.0,-2.0,0.0,1100,1039.0,-21.0,0.0,0.0
812,2016,1,1,20,3,DL,N386DA,1145,ATL,DTW,1620,1617.0,-3.0,0.0,1824,1801.0,-23.0,0.0,0.0
464,2016,1,1,20,3,DL,N385DN,2536,MSP,SEA,1933,1931.0,-2.0,0.0,2125,2140.0,15.0,1.0,0.0
816,2016,1,1,26,2,DL,N590NW,2794,DTW,ATL,720,732.0,12.0,0.0,946,922.0,-24.0,0.0,0.0
528,2016,1,1,24,7,DL,N980AT,2312,MSP,JFK,1755,1806.0,11.0,0.0,2149,2137.0,-12.0,0.0,0.0
17,2016,1,1,2,6,DL,N592NW,1823,DTW,SEA,1728,1724.0,-4.0,0.0,1929,1905.0,-24.0,0.0,0.0
709,2016,1,1,30,6,DL,N945DN,2382,ATL,MSP,1930,1928.0,-2.0,0.0,2120,2057.0,-23.0,0.0,0.0
370,2016,1,1,19,2,DL,N925DN,991,ATL,DTW,1200,1205.0,5.0,0.0,1404,1404.0,0.0,0.0,0.0
241,2016,1,1,11,1,DL,N899AT,436,JFK,MSP,1129,1259.0,90.0,1.0,1344,1504.0,80.0,1.0,0.0
964,2016,1,2,6,6,DL,N932DN,2287,ATL,MSP,2215,2212.0,-3.0,0.0,2357,2330.0,-27.0,0.0,0.0
457,2016,1,1,21,4,DL,N3748Y,1893,DTW,ATL,835,839.0,4.0,0.0,1048,1036.0,-12.0,0.0,0.0
65,2016,1,1,4,1,DL,N391DA,488,JFK,SEA,700,701.0,1.0,0.0,1020,946.0,-34.0,0.0,0.0
191,2016,1,1,9,6,DL,N723TW,435,JFK,SEA,740,834.0,54.0,1.0,1053,1133.0,40.0,1.0,0.0
838,2016,1,1,2,6,DL,N989AT,86,MSP,DTW,1345,1340.0,-5.0,0.0,1620,1608.0,-12.0,0.0,0.0
331,2016,1,1,18,1,DL,N920DL,427,JFK,ATL,1715,1715.0,0.0,0.0,2003,1948.0,-15.0,0.0,0.0
638,2016,1,1,26,2,DL,N939AT,2312,MSP,JFK,1755,1749.0,-6.0,0.0,2149,2147.0,-2.0,0.0,0.0
255,2016,1,1,12,2,DL,N964DL,1975,MSP,ATL,1125,1125.0,0.0,0.0,1458,1441.0,-17.0,0.0,0.0
742,2016,1,1,31,7,DL,N912DN,1715,DTW,ATL,1015,1010.0,-5.0,0.0,1229,1203.0,-26.0,0.0,0.0
756,2016,1,1,31,7,DL,N915AT,1195,DTW,JFK,2000,1957.0,-3.0,0.0,2159,2130.0,-29.0,0.0,0.0
757,2016,1,1,29,5,DL,N392DA,984,ATL,JFK,2050,2047.0,-3.0,0.0,2314,2314.0,0.0,0.0,0.0
951,2016,1,2,5,5,DL,N6710E,2005,ATL,DTW,725,724.0,-1.0,0.0,922,912.0,-10.0,0.0,0.0
992,2016,1,2,8,1,DL,N3754A,2440,SEA,MSP,35,29.0,-6.0,0.0,550,536.0,-14.0,0.0,0.0
463,2016,1,1,21,4,DL,N822DN,2448,DTW,ATL,1205,1204.0,-1.0,0.0,1417,1417.0,0.0,0.0,0.0
843,2016,1,1,2,6,DL,N915DL,791,MSP,DTW,645,643.0,-2.0,0.0,928,920.0,-8.0,0.0,0.0
573,2016,1,1,24,7,DL,N952DL,976,ATL,JFK,1000,,,,1213,,,,1.0
527,2016,1,1,24,7,DL,N1610D,2260,SEA,ATL,1055,1056.0,1.0,0.0,1838,1822.0,-16.0,0.0,0.0
654,2016,1,1,28,4,DL,N371DA,2834,MSP,SEA,701,656.0,-5.0,0.0,855,842.0,-13.0,0.0,0.0
189,2016,1,1,9,6,DL,N819DN,87,DTW,MSP,1540,1539.0,-1.0,0.0,1646,1623.0,-23.0,0.0,0.0
517,2016,1,1,23,6,DL,N712TW,1473,SEA,JFK,1150,,,,2008,,,,1.0
956,2016,1,2,5,5,DL,N128DL,784,ATL,MSP,829,828.0,-1.0,0.0,1015,1002.0,-13.0,0.0,0.0
414,2016,1,1,19,2,DL,N834DN,2448,DTW,ATL,1205,1204.0,-1.0,0.0,1417,1353.0,-24.0,0.0,0.0
671,2016,1,1,28,4,DL,N941DN,1815,MSP,ATL,905,906.0,1.0,0.0,1234,1225.0,-9.0,0.0,0.0
559,2016,1,1,24,7,DL,N920DL,425,JFK,ATL,1715,,,,2003,,,,1.0
593,2016,1,1,25,1,DL,N914DN,888,MSP,ATL,1625,1619.0,-6.0,0.0,1956,1950.0,-6.0,0.0,0.0
258,2016,1,1,14,4,DL,N828DN,1651,DTW,SEA,2008,2008.0,0.0,0.0,2221,2232.0,11.0,0.0,0.0
154,2016,1,1,8,5,DL,N906DA,945,DTW,ATL,1345,1430.0,45.0,1.0,1555,1626.0,31.0,1.0,0.0
335,2016,1,1,18,1,DL,N914DN,744,MSP,ATL,1005,1010.0,5.0,0.0,1334,1322.0,-12.0,0.0,0.0
13,2016,1,1,2,6,DL,N582NW,2826,DTW,SEA,835,841.0,6.0,0.0,1047,1023.0,-24.0,0.0,0.0
911,2016,1,2,5,5,DL,N904DL,434,JFK,ATL,610,608.0,-2.0,0.0,850,904.0,14.0,0.0,0.0
156,2016,1,1,8,5,DL,N834DN,1107,ATL,SEA,1920,1932.0,12.0,0.0,2205,2142.0,-23.0,0.0,0.0
428,2016,1,1,21,4,DL,N128DL,1108,MSP,ATL,1500,1514.0,14.0,0.0,1833,1913.0,40.0,1.0,0.0
824,2016,1,1,27,3,DL,N751AT,822,SEA,DTW,700,658.0,-2.0,0.0,1415,1359.0,-16.0,0.0,0.0
267,2016,1,1,14,4,DL,N387DA,2508,SEA,DTW,940,938.0,-2.0,0.0,1655,1636.0,-19.0,0.0,0.0
538,2016,1,1,22,5,DL,N750AT,822,SEA,DTW,704,658.0,-6.0,0.0,1419,1424.0,5.0,0.0,0.0
236,2016,1,1,10,7,DL,N3753,2424,SEA,DTW,1348,1633.0,165.0,1.0,2104,2334.0,150.0,1.0,0.0
944,2016,1,2,4,4,DL,N824DN,1651,DTW,SEA,2008,2013.0,5.0,0.0,2221,2216.0,-5.0,0.0,0.0
479,2016,1,1,22,5,DL,N373NW,1650,DTW,MSP,705,704.0,-1.0,0.0,824,806.0,-18.0,0.0,0.0
785,2016,1,1,11,1,DL,N381DN,2221,MSP,SEA,1130,1129.0,-1.0,0.0,1322,1310.0,-12.0,0.0,0.0
950,2016,1,2,5,5,DL,N586NW,1893,DTW,ATL,835,834.0,-1.0,0.0,1049,1018.0,-31.0,0.0,0.0
59,2016,1,1,3,7,DL,N935DN,783,ATL,MSP,840,841.0,1.0,0.0,1022,1022.0,0.0,0.0,0.0
868,2016,1,2,2,2,DL,N589NW,2794,DTW,ATL,720,714.0,-6.0,0.0,946,1147.0,,,0.0
175,2016,1,1,9,6,DL,N919DL,2448,DTW,ATL,1205,1259.0,54.0,1.0,1416,1506.0,50.0,1.0,0.0
711,2016,1,1,30,6,DL,N918DH,2610,ATL,MSP,730,728.0,-2.0,0.0,912,918.0,6.0,0.0,0.0
449,2016,1,1,13,3,DL,N952DN,1815,MSP,ATL,905,910.0,5.0,0.0,1234,1236.0,2.0,0.0,0.0
120,2016,1,1,7,4,DL,N3773D,1770,SEA,MSP,1530,1529.0,-1.0,0.0,2048,2047.0,-1.0,0.0,0.0
794,2016,1,1,12,2,DL,N923AT,2817,JFK,DTW,909,907.0,-2.0,0.0,1123,1110.0,-13.0,0.0,0.0
180,2016,1,1,10,7,DL,N671DN,87,DTW,MSP,1540,1604.0,24.0,1.0,1649,1703.0,14.0,0.0,0.0
311,2016,1,1,17,7,DL,N330NW,1195,DTW,JFK,2000,2008.0,8.0,0.0,2157,2244.0,47.0,1.0,0.0
3,2016,1,1,1,5,DL,N587NW,1768,SEA,MSP,819,820.0,1.0,0.0,1335,1345.0,10.0,0.0,0.0
194,2016,1,1,9,6,DL,N826DN,784,ATL,MSP,835,835.0,0.0,0.0,1018,1000.0,-18.0,0.0,0.0
437,2016,1,1,12,2,DL,N988AT,1096,DTW,MSP,1210,1218.0,8.0,0.0,1313,1342.0,29.0,1.0,0.0
683,2016,1,1,23,6,DL,N935AT,1195,DTW,JFK,2000,,,,2157,,,,1.0
799,2016,1,1,13,3,DL,N366NB,514,ATL,MSP,1205,1207.0,2.0,0.0,1352,1353.0,1.0,0.0,0.0
746,2016,1,1,31,7,DL,N844DN,2134,SEA,ATL,1450,1502.0,12.0,0.0,2232,2222.0,-10.0,0.0,0.0
625,2016,1,1,27,3,DL,N3746H,1419,SEA,MSP,645,642.0,-3.0,0.0,1204,1141.0,-23.0,0.0,0.0
692,2016,1,1,28,4,DL,N721TW,1473,SEA,JFK,1110,1107.0,-3.0,0.0,1930,1903.0,-27.0,0.0,0.0
551,2016,1,1,24,7,DL,N3758Y,1768,SEA,MSP,815,813.0,-2.0,0.0,1336,1324.0,-12.0,0.0,0.0
248,2016,1,1,14,4,DL,N958DL,425,JFK,ATL,1632,1635.0,3.0,0.0,1921,1852.0,-29.0,0.0,0.0
659,2016,1,1,29,5,DL,N671DN,589,MSP,SEA,910,1051.0,101.0,1.0,1100,1224.0,84.0,1.0,0.0
2,2016,1,1,1,5,DL,N813DN,1597,ATL,SEA,940,942.0,2.0,0.0,1215,1142.0,-33.0,0.0,0.0
997,2016,1,2,9,2,DL,N382DA,281,DTW,SEA,840,841.0,1.0,0.0,1100,1322.0,,,0.0
860,2016,1,2,1,1,DL,N831DN,1651,DTW,SEA,2008,2003.0,-5.0,0.0,2221,2144.0,-37.0,0.0,0.0
776,2016,1,1,6,3,DL,N855NW,281,DTW,SEA,840,844.0,4.0,0.0,1100,1043.0,-17.0,0.0,0.0
857,2016,1,1,2,6,DL,N596NW,1768,SEA,MSP,819,826.0,7.0,0.0,1335,1331.0,-4.0,0.0,0.0
358,2016,1,1,18,1,DL,N717JL,1575,ATL,JFK,2205,2213.0,8.0,0.0,25,20.0,-5.0,0.0,0.0
769,2016,1,1,4,1,DL,N722TW,2350,ATL,JFK,825,823.0,-2.0,0.0,1038,1025.0,-13.0,0.0,0.0
73,2016,1,1,4,1,DL,N839DN,1247,ATL,MSP,1455,1457.0,2.0,0.0,1640,1639.0,-1.0,0.0,0.0
117,2016,1,1,5,2,DL,N377DA,1145,ATL,DTW,1620,1622.0,2.0,0.0,1824,1804.0,-20.0,0.0,0.0
938,2016,1,2,6,6,DL,N806DN,1593,SEA,ATL,2314,2312.0,-2.0,0.0,644,640.0,-4.0,0.0,0.0
535,2016,1,1,22,5,DL,N825DN,528,ATL,MSP,1625,1638.0,13.0,0.0,1815,1801.0,-14.0,0.0,0.0
111,2016,1,1,5,2,DL,N931DN,744,MSP,ATL,1005,1002.0,-3.0,0.0,1334,1323.0,-11.0,0.0,0.0
509,2016,1,1,23,6,DL,N918DL,630,DTW,ATL,1945,1942.0,-3.0,0.0,2157,2143.0,-14.0,0.0,0.0
512,2016,1,1,23,6,DL,N913DN,888,MSP,ATL,1625,1625.0,0.0,0.0,1955,1944.0,-11.0,0.0,0.0
916,2016,1,2,4,4,DL,N846DN,2134,SEA,ATL,1450,1456.0,6.0,0.0,2232,2227.0,-5.0,0.0,0.0
555,2016,1,1,23,6,DL,N381DN,2536,MSP,SEA,1940,1940.0,0.0,0.0,2127,2137.0,10.0,0.0,0.0
552,2016,1,1,24,7,DL,N933DN,1815,MSP,ATL,905,900.0,-5.0,0.0,1234,1236.0,2.0,0.0,0.0
354,2016,1,1,17,7,DL,N335NW,1096,DTW,MSP,1200,1159.0,-1.0,0.0,1300,1257.0,-3.0,0.0,0.0
970,2016,1,2,7,7,DL,N704X,425,JFK,ATL,1500,1459.0,-1.0,0.0,1746,1718.0,-28.0,0.0,0.0
8,2016,1,1,2,6,DL,N804DN,2221,MSP,SEA,1115,1115.0,0.0,0.0,1305,1255.0,-10.0,0.0,0.0
581,2016,1,1,25,1,DL,N389DA,1187,MSP,SEA,1739,1739.0,0.0,0.0,1928,2239.0,,,0.0
56,2016,1,1,3,7,DL,N961AT,569,ATL,JFK,1740,1741.0,1.0,0.0,2008,1955.0,-13.0,0.0,0.0
576,2016,1,1,24,7,DL,N3754A,1173,MSP,DTW,830,826.0,-4.0,0.0,1114,1048.0,-26.0,0.0,0.0
705,2016,1,1,29,5,DL,N813DN,1840,MSP,DTW,1759,1757.0,-2.0,0.0,2044,2028.0,-16.0,0.0,0.0
651,2016,1,1,28,4,DL,N144DA,652,ATL,MSP,2105,2107.0,2.0,0.0,2257,2238.0,-19.0,0.0,0.0
84,2016,1,1,6,3,DL,N346NB,1195,DTW,JFK,2000,1959.0,-1.0,0.0,2159,2146.0,-13.0,0.0,0.0
228,2016,1,1,12,2,DL,N302NB,426,JFK,ATL,820,819.0,-1.0,0.0,1055,1048.0,-7.0,0.0,0.0
159,2016,1,1,9,6,DL,N702TW,976,ATL,JFK,1000,955.0,-5.0,0.0,1211,1154.0,-17.0,0.0,0.0
205,2016,1,1,11,1,DL,N820DN,1840,MSP,DTW,1759,1800.0,1.0,0.0,2044,2100.0,16.0,1.0,0.0
125,2016,1,1,7,4,DL,N617DL,2287,ATL,MSP,2215,2210.0,-5.0,0.0,2357,2332.0,-25.0,0.0,0.0
688,2016,1,1,28,4,DL,N824DN,1107,ATL,SEA,1920,1949.0,29.0,1.0,2205,2216.0,11.0,0.0,0.0
887,2016,1,2,4,4,DL,N6713Y,991,ATL,DTW,1200,1159.0,-1.0,0.0,1404,1333.0,-31.0,0.0,0.0
473,2016,1,1,21,4,DL,N3766,789,SEA,MSP,1315,1316.0,1.0,0.0,1837,1832.0,-5.0,0.0,0.0
244,2016,1,1,11,1,DL,N387DA,630,DTW,ATL,1740,1758.0,18.0,1.0,1954,2001.0,7.0,0.0,0.0
597,2016,1,1,26,2,DL,N965DN,325,DTW,ATL,1454,1448.0,-6.0,0.0,1706,1656.0,-10.0,0.0,0.0
797,2016,1,1,13,3,DL,N972DL,425,JFK,ATL,1501,1506.0,5.0,0.0,1750,1749.0,-1.0,0.0,0.0
195,2016,1,1,10,7,DL,N681DA,1145,ATL,DTW,1620,1620.0,0.0,0.0,1825,1846.0,21.0,1.0,0.0
202,2016,1,1,10,7,DL,N125DL,1893,DTW,ATL,835,1339.0,304.0,1.0,1049,1615.0,326.0,1.0,0.0
81,2016,1,1,6,3,DL,N344NW,984,ATL,JFK,2050,2050.0,0.0,0.0,2314,2256.0,-18.0,0.0,0.0
484,2016,1,1,22,5,DL,N590NW,2074,ATL,MSP,1754,1755.0,1.0,0.0,1943,1921.0,-22.0,0.0,0.0
443,2016,1,1,13,3,DL,N325US,1173,MSP,DTW,830,829.0,-1.0,0.0,1114,1053.0,-21.0,0.0,0.0
578,2016,1,1,25,1,DL,N538US,1055,DTW,MSP,1958,2007.0,9.0,0.0,2102,2101.0,-1.0,0.0,0.0
201,2016,1,1,10,7,DL,N914DE,1795,ATL,JFK,1745,1929.0,104.0,1.0,2014,2131.0,77.0,1.0,0.0
186,2016,1,1,10,7,DL,N959DN,744,MSP,ATL,1005,1005.0,0.0,0.0,1334,1323.0,-11.0,0.0,0.0
516,2016,1,1,23,6,DL,N3768,1419,SEA,MSP,645,639.0,-6.0,0.0,1201,1138.0,-23.0,0.0,0.0
821,2016,1,1,27,3,DL,N319US,514,ATL,MSP,1205,1204.0,-1.0,0.0,1353,1327.0,-26.0,0.0,0.0
967,2016,1,2,6,6,DL,N389DA,2794,DTW,ATL,600,557.0,-3.0,0.0,817,805.0,-12.0,0.0,0.0
216,2016,1,1,11,1,DL,N924AT,984,ATL,JFK,2050,2049.0,-1.0,0.0,2315,2243.0,-32.0,0.0,0.0
50,2016,1,1,4,1,DL,N927AT,2829,ATL,DTW,2040,2041.0,1.0,0.0,2234,2229.0,-5.0,0.0,0.0
783,2016,1,1,11,1,DL,N666DN,1991,MSP,ATL,525,523.0,-2.0,0.0,857,849.0,-8.0,0.0,0.0
672,2016,1,1,28,4,DL,N802DN,1961,MSP,ATL,1939,1935.0,-4.0,0.0,2306,2251.0,-15.0,0.0,0.0
531,2016,1,1,24,7,DL,N594NW,2510,ATL,DTW,2053,2117.0,24.0,1.0,2251,2310.0,19.0,1.0,0.0
314,2016,1,1,17,7,DL,N806DN,1651,DTW,SEA,2015,2032.0,17.0,1.0,2226,2247.0,21.0,1.0,0.0
200,2016,1,1,10,7,DL,N313US,1734,MSP,DTW,1152,1242.0,50.0,1.0,1436,1521.0,45.0,1.0,0.0
223,2016,1,1,11,1,DL,N812DN,1651,DTW,SEA,2008,2004.0,-4.0,0.0,2221,2236.0,15.0,1.0,0.0
587,2016,1,1,25,1,DL,N967AT,440,JFK,MSP,1129,1211.0,42.0,1.0,1344,1411.0,27.0,1.0,0.0
983,2016,1,2,7,7,DL,N942DL,1795,ATL,JFK,1745,1744.0,-1.0,0.0,2012,2001.0,-11.0,0.0,0.0
699,2016,1,1,22,5,DL,N926AT,2205,JFK,MSP,1610,1610.0,0.0,0.0,1836,1800.0,-36.0,0.0,0.0
826,2016,1,1,27,3,DL,N939DN,945,DTW,ATL,1345,1343.0,-2.0,0.0,1558,1532.0,-26.0,0.0,0.0
233,2016,1,1,10,7,DL,N910AT,2205,JFK,MSP,1610,1903.0,173.0,1.0,1836,2056.0,140.0,1.0,0.0
584,2016,1,1,24,7,DL,N971AT,2817,JFK,DTW,909,,,,1123,,,,1.0
974,2016,1,2,7,7,DL,N127DL,784,ATL,MSP,835,833.0,-2.0,0.0,1020,955.0,-25.0,0.0,0.0
430,2016,1,1,12,2,DL,N191DN,528,ATL,MSP,1625,1639.0,14.0,0.0,1817,1826.0,9.0,0.0,0.0
874,2016,1,2,3,3,DL,N318US,514,ATL,MSP,1205,1204.0,-1.0,0.0,1353,1320.0,-33.0,0.0,0.0
550,2016,1,1,24,7,DL,N348NW,1650,DTW,MSP,705,702.0,-3.0,0.0,824,816.0,-8.0,0.0,0.0
608,2016,1,1,26,2,DL,N3742C,1145,ATL,DTW,1620,1619.0,-1.0,0.0,1824,1757.0,-27.0,0.0,0.0
207,2016,1,1,10,7,DL,N971AT,875,ATL,JFK,1515,1801.0,166.0,1.0,1749,2020.0,151.0,1.0,0.0
382,2016,1,1,20,3,DL,N322US,514,ATL,MSP,1205,1204.0,-1.0,0.0,1353,1354.0,1.0,0.0,0.0
994,2016,1,2,8,1,DL,N930AT,2803,JFK,MSP,810,803.0,-7.0,0.0,1029,943.0,-46.0,0.0,0.0
982,2016,1,2,7,7,DL,N375NC,1650,DTW,MSP,705,701.0,-4.0,0.0,821,758.0,-23.0,0.0,0.0
47,2016,1,1,4,1,DL,N932DL,2418,DTW,ATL,1205,1205.0,0.0,0.0,1411,1423.0,12.0,0.0,0.0
521,2016,1,1,23,6,DL,N986AT,1795,ATL,JFK,1745,,,,2012,,,,1.0
636,2016,1,1,26,2,DL,N808DN,2134,SEA,ATL,1450,1446.0,-4.0,0.0,2232,2214.0,-18.0,0.0,0.0
19,2016,1,1,2,6,DL,N988DL,2005,ATL,DTW,725,723.0,-2.0,0.0,920,920.0,0.0,0.0,0.0
366,2016,1,1,19,2,DL,N594NW,784,ATL,MSP,835,849.0,14.0,0.0,1020,1025.0,5.0,0.0,0.0
340,2016,1,1,16,6,DL,N3741S,2221,MSP,SEA,1350,1346.0,-4.0,0.0,1537,1534.0,-3.0,0.0,0.0
952,2016,1,2,7,7,DL,N957DN,1290,ATL,DTW,2210,2211.0,1.0,0.0,4,2348.0,-16.0,0.0,0.0
675,2016,1,1,28,4,DL,N3769L,2221,MSP,SEA,1130,1228.0,58.0,1.0,1322,1404.0,42.0,1.0,0.0
306,2016,1,1,16,6,DL,N910AT,1195,DTW,JFK,2000,2000.0,0.0,0.0,2157,2141.0,-16.0,0.0,0.0
835,2016,1,1,1,5,DL,N670DN,2432,ATL,JFK,1615,1619.0,4.0,0.0,1841,1816.0,-25.0,0.0,0.0
429,2016,1,1,21,4,DL,N348NW,1173,MSP,DTW,830,829.0,-1.0,0.0,1114,1059.0,-15.0,0.0,0.0
823,2016,1,1,27,3,DL,N323US,780,MSP,DTW,1020,1020.0,0.0,0.0,1305,1253.0,-12.0,0.0,0.0
304,2016,1,1,16,6,DL,N835DN,991,ATL,DTW,1200,1159.0,-1.0,0.0,1401,1335.0,-26.0,0.0,0.0
355,2016,1,1,17,7,DL,N16065,1145,ATL,DTW,1635,1645.0,10.0,0.0,1839,1836.0,-3.0,0.0,0.0
177,2016,1,1,9,6,DL,N3743H,2834,MSP,SEA,701,659.0,-2.0,0.0,852,1151.0,,,0.0
945,2016,1,2,5,5,DL,N3767,1397,MSP,SEA,1415,1412.0,-3.0,0.0,1603,1540.0,-23.0,0.0,0.0
60,2016,1,1,3,7,DL,N801DZ,2811,JFK,MSP,805,803.0,-2.0,0.0,1024,1012.0,-12.0,0.0,0.0
309,2016,1,1,16,6,DL,N316NB,1707,DTW,MSP,834,838.0,4.0,0.0,941,925.0,-16.0,0.0,0.0
892,2016,1,2,2,2,DL,N988AT,2312,MSP,JFK,1755,1842.0,47.0,1.0,2149,2237.0,48.0,1.0,0.0
301,2016,1,1,16,6,DL,N978DL,630,DTW,ATL,1945,1935.0,-10.0,0.0,2157,2133.0,-24.0,0.0,0.0
920,2016,1,2,5,5,DL,N950DN,2263,ATL,DTW,1054,1053.0,-1.0,0.0,1253,1254.0,1.0,0.0,0.0
594,2016,1,1,25,1,DL,N957DN,946,DTW,MSP,1735,1751.0,16.0,1.0,1843,1847.0,4.0,0.0,0.0
761,2016,1,1,29,5,DL,N907DA,1290,ATL,DTW,2210,2209.0,-1.0,0.0,5,2349.0,-16.0,0.0,0.0
107,2016,1,1,7,4,DL,N343NB,423,JFK,ATL,1325,1335.0,10.0,0.0,1600,1604.0,4.0,0.0,0.0
747,2016,1,1,31,7,DL,N373DA,460,JFK,ATL,610,607.0,-3.0,0.0,848,828.0,-20.0,0.0,0.0
988,2016,1,2,7,7,DL,N1613B,2418,SEA,ATL,1055,1058.0,3.0,0.0,1837,1815.0,-22.0,0.0,0.0
806,2016,1,1,20,3,DL,N581NW,783,MSP,ATL,620,619.0,-1.0,0.0,948,943.0,-5.0,0.0,0.0
99,2016,1,1,6,3,DL,N585NW,2074,ATL,MSP,1735,1736.0,1.0,0.0,1924,1910.0,-14.0,0.0,0.0
250,2016,1,1,14,4,DL,N921DN,557,MSP,DTW,635,633.0,-2.0,0.0,921,914.0,-7.0,0.0,0.0
833,2016,1,1,1,5,DL,N369NB,2214,MSP,JFK,1731,1751.0,20.0,1.0,2115,2124.0,9.0,0.0,0.0
474,2016,1,1,21,4,DL,N909DE,844,ATL,MSP,1046,1042.0,-4.0,0.0,1230,1220.0,-10.0,0.0,0.0
703,2016,1,1,29,5,DL,N316US,1650,DTW,MSP,705,700.0,-5.0,0.0,824,752.0,-32.0,0.0,0.0
941,2016,1,2,4,4,DL,N964DN,1290,ATL,DTW,2210,2217.0,7.0,0.0,5,2354.0,-11.0,0.0,0.0
383,2016,1,1,17,7,DL,N365NB,1734,MSP,DTW,1150,1146.0,-4.0,0.0,1431,1420.0,-11.0,0.0,0.0
680,2016,1,1,23,6,DL,N337NB,984,ATL,JFK,2050,,,,2310,,,,1.0
181,2016,1,1,10,7,DL,N319NB,423,JFK,ATL,1325,1336.0,11.0,0.0,1600,1607.0,7.0,0.0,0.0
12,2016,1,1,2,6,DL,N699DL,2610,ATL,MSP,725,721.0,-4.0,0.0,904,903.0,-1.0,0.0,0.0
613,2016,1,1,24,7,DL,N301NB,2032,MSP,JFK,700,,,,1049,,,,1.0
85,2016,1,1,6,3,DL,N585NW,1291,SEA,ATL,830,833.0,3.0,0.0,1614,1616.0,2.0,0.0,0.0
320,2016,1,1,15,5,DL,N682DA,2442,ATL,JFK,1935,2009.0,34.0,1.0,2204,2235.0,31.0,1.0,0.0
649,2016,1,1,28,4,DL,N828DN,485,JFK,SEA,1615,1612.0,-3.0,0.0,1945,1915.0,-30.0,0.0,0.0
710,2016,1,1,30,6,DL,N3742C,2508,SEA,DTW,940,943.0,3.0,0.0,1652,1632.0,-20.0,0.0,0.0
385,2016,1,1,17,7,DL,N807DN,1961,MSP,ATL,1939,1937.0,-2.0,0.0,2303,2246.0,-17.0,0.0,0.0
890,2016,1,2,2,2,DL,N833DN,2134,SEA,ATL,1450,1449.0,-1.0,0.0,2232,2246.0,14.0,0.0,0.0
439,2016,1,1,12,2,DL,N930DN,1231,ATL,DTW,1341,1408.0,27.0,1.0,1542,1608.0,26.0,1.0,0.0
135,2016,1,1,7,4,DL,N907DA,1231,ATL,DTW,1341,1345.0,4.0,0.0,1542,1538.0,-4.0,0.0,0.0
567,2016,1,1,24,7,DL,N953DN,557,MSP,DTW,635,632.0,-3.0,0.0,921,911.0,-10.0,0.0,0.0
298,2016,1,1,16,6,DL,N324NB,427,JFK,ATL,805,806.0,1.0,0.0,1040,1037.0,-3.0,0.0,0.0
160,2016,1,1,9,6,DL,N911DL,1094,ATL,MSP,1455,1454.0,-1.0,0.0,1645,1619.0,-26.0,0.0,0.0
268,2016,1,1,14,4,DL,N371NB,2793,DTW,MSP,1001,1000.0,-1.0,0.0,1107,1116.0,9.0,0.0,0.0
658,2016,1,1,29,5,DL,N950DN,514,ATL,MSP,1205,1204.0,-1.0,0.0,1354,1343.0,-11.0,0.0,0.0
996,2016,1,2,9,2,DL,N940AT,86,MSP,DTW,1353,1351.0,-2.0,0.0,1637,1628.0,-9.0,0.0,0.0
641,2016,1,1,27,3,DL,N986AT,2312,MSP,JFK,1755,1752.0,-3.0,0.0,2149,2130.0,-19.0,0.0,0.0
906,2016,1,2,4,4,DL,N962DN,2610,ATL,MSP,730,728.0,-2.0,0.0,914,854.0,-20.0,0.0,0.0
805,2016,1,1,20,3,DL,N837DN,629,ATL,DTW,915,913.0,-2.0,0.0,1110,1118.0,8.0,0.0,0.0
893,2016,1,2,3,3,DL,N848DN,2134,SEA,ATL,1450,1452.0,2.0,0.0,2232,2219.0,-13.0,0.0,0.0
389,2016,1,1,18,1,DL,N387DA,2221,MSP,SEA,1130,1148.0,18.0,1.0,1322,1335.0,13.0,0.0,0.0
121,2016,1,1,7,4,DL,N809DN,1840,MSP,DTW,1759,1803.0,4.0,0.0,2044,2051.0,7.0,0.0,0.0
837,2016,1,1,1,5,DL,N923DL,2845,JFK,ATL,1755,1754.0,-1.0,0.0,2040,2045.0,5.0,0.0,0.0
187,2016,1,1,10,7,DL,N3732J,789,SEA,MSP,1315,1315.0,0.0,0.0,1837,1837.0,0.0,0.0,0.0
16,2016,1,1,3,7,DL,N3732J,423,JFK,ATL,1300,1258.0,-2.0,0.0,1538,1519.0,-19.0,0.0,0.0
773,2016,1,1,5,2,DL,N584NW,2508,SEA,DTW,940,954.0,14.0,0.0,1655,1704.0,9.0,0.0,0.0
493,2016,1,1,22,5,DL,N389DA,2424,SEA,DTW,1348,1342.0,-6.0,0.0,2104,2059.0,-5.0,0.0,0.0
341,2016,1,1,16,6,DL,N914DL,2350,ATL,JFK,810,810.0,0.0,0.0,1025,1008.0,-17.0,0.0,0.0
426,2016,1,1,14,4,DL,N335NB,52,DTW,MSP,834,830.0,-4.0,0.0,945,913.0,-32.0,0.0,0.0
467,2016,1,1,21,4,DL,N955AT,86,MSP,DTW,1353,1526.0,93.0,1.0,1637,1832.0,115.0,1.0,0.0
106,2016,1,1,7,4,DL,N913DN,86,MSP,DTW,1348,1339.0,-9.0,0.0,1632,1615.0,-17.0,0.0,0.0
408,2016,1,1,19,2,DL,N806DN,1852,ATL,SEA,1113,1129.0,16.0,1.0,1351,1353.0,2.0,0.0,0.0
23,2016,1,1,3,7,DL,N837DN,1108,MSP,ATL,1508,1510.0,2.0,0.0,1835,1818.0,-17.0,0.0,0.0
831,2016,1,1,1,5,DL,N964DN,945,MSP,DTW,833,830.0,-3.0,0.0,1114,1103.0,-11.0,0.0,0.0
69,2016,1,1,4,1,DL,N702TW,843,ATL,JFK,1025,1024.0,-1.0,0.0,1240,1223.0,-17.0,0.0,0.0
900,2016,1,2,4,4,DL,N751AT,53,MSP,DTW,1530,1602.0,32.0,1.0,1814,1836.0,22.0,1.0,0.0
676,2016,1,1,28,4,DL,N399DA,2287,ATL,MSP,2215,2215.0,0.0,0.0,2357,2341.0,-16.0,0.0,0.0
801,2016,1,1,13,3,DL,N373NW,780,MSP,DTW,1020,1018.0,-2.0,0.0,1305,1256.0,-9.0,0.0,0.0
599,2016,1,1,26,2,DL,N3755D,460,JFK,SEA,1825,1824.0,-1.0,0.0,2151,2139.0,-12.0,0.0,0.0
643,2016,1,1,27,3,DL,N810DN,2448,DTW,ATL,1205,1202.0,-3.0,0.0,1417,1353.0,-24.0,0.0,0.0
339,2016,1,1,16,6,DL,N752AT,2074,ATL,MSP,1735,1735.0,0.0,0.0,1922,1901.0,-21.0,0.0,0.0
701,2016,1,1,29,5,DL,N587NW,1403,ATL,SEA,1350,1348.0,-2.0,0.0,1625,1612.0,-13.0,0.0,0.0
873,2016,1,2,3,3,DL,N320NB,449,JFK,ATL,820,819.0,-1.0,0.0,1055,1103.0,8.0,0.0,0.0
74,2016,1,1,4,1,DL,N944DL,1357,MSP,DTW,1752,1752.0,0.0,0.0,2033,2035.0,2.0,0.0,0.0
218,2016,1,1,11,1,DL,N976DL,1121,DTW,ATL,2005,1958.0,-7.0,0.0,2219,2227.0,8.0,0.0,0.0
525,2016,1,1,23,6,DL,N823DN,2283,DTW,ATL,600,557.0,-3.0,0.0,817,754.0,-23.0,0.0,0.0
265,2016,1,1,14,4,DL,N971AT,2312,MSP,JFK,1755,1752.0,-3.0,0.0,2149,2125.0,-24.0,0.0,0.0
891,2016,1,2,2,2,DL,N1611B,2260,SEA,ATL,1055,1050.0,-5.0,0.0,1838,1821.0,-17.0,0.0,0.0
110,2016,1,1,5,2,DL,N382DA,588,SEA,MSP,1105,1108.0,3.0,0.0,1627,1626.0,-1.0,0.0,0.0
435,2016,1,1,12,2,DL,N946DN,945,DTW,ATL,1345,1347.0,2.0,0.0,1558,1534.0,-24.0,0.0,0.0
980,2016,1,2,7,7,DL,N596NW,1403,ATL,SEA,1350,1345.0,-5.0,0.0,1624,1601.0,-23.0,0.0,0.0
1200,2016,1,2,16,2,DL,N963DN,354,DTW,ATL,1630,1637.0,7.0,0.0,1847,1835.0,-12.0,0.0,0.0
2078,2016,1,3,15,2,DL,N171DZ,2814,SEA,ATL,1442,1454.0,12.0,0.0,2229,2213.0,-16.0,0.0,0.0
1610,2016,1,2,1,1,DL,N624AG,427,JFK,SEA,700,701.0,1.0,0.0,1020,951.0,-29.0,0.0,0.0
3159,2016,2,4,26,2,DL,N853DN,440,JFK,SEA,1925,1916.0,-9.0,0.0,2250,2228.0,-22.0,0.0,0.0
2169,2016,1,3,18,5,DL,N913DN,1267,ATL,DTW,1807,1802.0,-5.0,0.0,2010,2016.0,6.0,0.0,0.0
3448,2016,2,5,2,1,DL,N834DN,902,ATL,DTW,1455,1453.0,-2.0,0.0,1654,1634.0,-20.0,0.0,0.0
3938,2016,2,5,18,3,DL,N355NB,2205,JFK,MSP,810,806.0,-4.0,0.0,1031,1000.0,-31.0,0.0,0.0
1813,2016,1,3,7,1,DL,N398DA,1112,ATL,JFK,1030,1031.0,1.0,0.0,1246,1248.0,2.0,0.0,0.0
2268,2016,1,3,24,4,DL,N807DN,300,SEA,ATL,1205,1205.0,0.0,0.0,1955,2320.0,,,0.0
1870,2016,1,3,9,3,DL,N175DZ,2814,SEA,ATL,1442,1442.0,0.0,0.0,2229,2213.0,-16.0,0.0,0.0
1102,2016,1,2,12,5,DL,N945DN,354,DTW,ATL,1630,1706.0,36.0,1.0,1847,1915.0,28.0,1.0,0.0
4256,2016,2,5,29,7,DL,N908DA,1122,ATL,MSP,1205,1201.0,-4.0,0.0,1342,1324.0,-18.0,0.0,0.0
2098,2016,1,3,17,4,DL,N389DA,485,JFK,SEA,1600,1556.0,-4.0,0.0,1921,1849.0,-32.0,0.0,0.0
2814,2016,2,4,14,4,DL,N955DN,1815,MSP,ATL,910,906.0,-4.0,0.0,1243,1235.0,-8.0,0.0,0.0
2419,2016,1,3,28,1,DL,N608AT,1649,DTW,MSP,1005,1003.0,-2.0,0.0,1104,1054.0,-10.0,0.0,0.0
3290,2016,2,4,30,6,DL,N834DN,1107,ATL,SEA,1930,2252.0,202.0,1.0,2209,48.0,159.0,1.0,0.0
1420,2016,1,2,24,3,DL,N396DA,1537,SEA,DTW,940,940.0,0.0,0.0,1655,1658.0,3.0,0.0,0.0
3473,2016,2,5,2,1,DL,N121DE,2784,ATL,SEA,940,950.0,10.0,0.0,1201,1156.0,-5.0,0.0,0.0
2398,2016,1,3,27,7,DL,N914DN,2515,ATL,DTW,1650,1723.0,33.0,1.0,1851,1913.0,22.0,1.0,0.0
2359,2016,1,3,6,7,DL,N845DN,902,ATL,DTW,1454,1453.0,-1.0,0.0,1653,1650.0,-3.0,0.0,0.0
2239,2016,1,3,22,2,DL,N950AT,858,MSP,JFK,905,906.0,1.0,0.0,1250,1233.0,-17.0,0.0,0.0
2050,2016,1,3,15,2,DL,N317US,917,MSP,DTW,835,831.0,-4.0,0.0,1116,1114.0,-2.0,0.0,0.0
4500,2016,2,6,6,1,DL,N914DE,759,DTW,ATL,1924,1916.0,-8.0,0.0,2129,2138.0,9.0,0.0,0.0
1557,2016,1,2,29,1,DL,N672DL,1480,SEA,JFK,2339,2334.0,-5.0,0.0,755,724.0,-31.0,0.0,0.0
4195,2016,2,5,28,6,DL,N856DN,985,ATL,SEA,1745,1742.0,-3.0,0.0,2007,1947.0,-20.0,0.0,0.0
1351,2016,1,2,20,6,DL,N6702,1480,SEA,JFK,2339,2330.0,-9.0,0.0,753,719.0,-34.0,0.0,0.0
1230,2016,1,2,17,3,DL,N908DA,1436,DTW,MSP,1725,1723.0,-2.0,0.0,1837,1808.0,-29.0,0.0,0.0
3513,2016,2,5,3,2,DL,N121DE,852,SEA,ATL,2225,2246.0,21.0,1.0,621,627.0,6.0,0.0,0.0
3725,2016,2,5,10,2,DL,N855DN,491,JFK,SEA,1709,1706.0,-3.0,0.0,2026,1946.0,-40.0,0.0,0.0
2432,2016,1,3,29,2,DL,N817DN,300,SEA,ATL,1205,1203.0,-2.0,0.0,1955,1953.0,-2.0,0.0,0.0
2508,2016,1,3,27,7,DL,N953AT,858,MSP,JFK,905,1009.0,64.0,1.0,1250,1340.0,50.0,1.0,0.0
1701,2016,1,3,28,1,DL,N174DZ,2263,DTW,SEA,1521,1524.0,3.0,0.0,1721,1659.0,-22.0,0.0,0.0
1349,2016,1,2,20,6,DL,N1607B,1290,ATL,DTW,2210,2210.0,0.0,0.0,5,2358.0,-7.0,0.0,0.0
2696,2016,2,4,10,7,DL,N951AT,984,ATL,JFK,2050,2054.0,4.0,0.0,2325,2320.0,-5.0,0.0,0.0
1280,2016,1,2,19,5,DL,N6715C,2283,DTW,ATL,600,558.0,-2.0,0.0,824,748.0,-36.0,0.0,0.0
2489,2016,1,3,31,4,DL,N371DA,2283,DTW,ATL,615,853.0,158.0,1.0,823,1052.0,149.0,1.0,0.0
1630,2016,1,2,2,2,DL,N910DN,945,DTW,ATL,1345,1341.0,-4.0,0.0,1558,1540.0,-18.0,0.0,0.0
1745,2016,1,3,4,5,DL,N581NW,1640,DTW,ATL,720,729.0,9.0,0.0,927,926.0,-1.0,0.0,0.0
3874,2016,2,5,16,1,DL,N667DN,945,MSP,DTW,845,839.0,-6.0,0.0,1127,1101.0,-26.0,0.0,0.0
3828,2016,2,5,15,7,DL,N361NB,761,MSP,DTW,1935,1932.0,-3.0,0.0,2216,2210.0,-6.0,0.0,0.0
2164,2016,1,3,18,5,DL,N933DN,856,MSP,ATL,858,855.0,-3.0,0.0,1229,1224.0,-5.0,0.0,0.0
4191,2016,2,5,27,5,DL,N555NW,1991,MSP,ATL,525,520.0,-5.0,0.0,848,833.0,-15.0,0.0,0.0
1773,2016,1,3,3,4,DL,N806NW,2814,SEA,ATL,1442,1437.0,-5.0,0.0,2225,2156.0,-29.0,0.0,0.0
2767,2016,2,4,12,2,DL,N974AT,423,JFK,ATL,1340,1335.0,-5.0,0.0,1616,1548.0,-28.0,0.0,0.0
4391,2016,2,6,3,5,DL,N6713Y,759,DTW,ATL,1924,1923.0,-1.0,0.0,2129,2103.0,-26.0,0.0,0.0
3126,2016,2,4,25,1,DL,N624AG,433,JFK,ATL,610,609.0,-1.0,0.0,844,832.0,-12.0,0.0,0.0
4286,2016,2,5,31,2,DL,N919DL,592,ATL,MSP,1050,1118.0,28.0,1.0,1225,1237.0,12.0,0.0,0.0
4928,2016,2,6,19,7,DL,N366NW,815,MSP,DTW,1934,1933.0,-1.0,0.0,2212,2200.0,-12.0,0.0,0.0
2794,2016,2,4,13,3,DL,N674DL,2164,DTW,JFK,1953,1951.0,-2.0,0.0,2154,2138.0,-16.0,0.0,0.0
3667,2016,2,5,9,1,DL,N938AT,2824,JFK,DTW,910,905.0,-5.0,0.0,1128,1106.0,-22.0,0.0,0.0
3727,2016,2,5,10,2,DL,N908DA,2545,ATL,MSP,2105,2113.0,8.0,0.0,2250,2252.0,2.0,0.0,0.0
1368,2016,1,2,22,1,DL,N550NW,744,MSP,ATL,1005,1009.0,4.0,0.0,1335,1335.0,0.0,0.0,0.0
1710,2016,1,3,31,4,DL,N815DN,300,SEA,ATL,1205,1205.0,0.0,0.0,1955,1933.0,-22.0,0.0,0.0
1761,2016,1,3,5,6,DL,N812DN,1255,SEA,ATL,1205,1212.0,7.0,0.0,1953,1934.0,-19.0,0.0,0.0
1435,2016,1,2,26,5,DL,N375DA,281,DTW,SEA,830,827.0,-3.0,0.0,1055,1010.0,-45.0,0.0,0.0
3395,2016,2,4,2,6,DL,N3751B,2329,ATL,SEA,1309,1305.0,-4.0,0.0,1526,1523.0,-3.0,0.0,0.0
1996,2016,1,3,13,7,DL,N945DL,2246,DTW,ATL,1626,1634.0,8.0,0.0,1831,1826.0,-5.0,0.0,0.0
2413,2016,1,3,28,1,DL,N336NB,1096,DTW,MSP,1205,1204.0,-1.0,0.0,1302,1254.0,-8.0,0.0,0.0
3558,2016,2,5,6,5,DL,N948DN,785,MSP,ATL,1300,1254.0,-6.0,0.0,1635,1559.0,-36.0,0.0,0.0
3444,2016,2,5,2,1,DL,N587NW,629,ATL,DTW,905,905.0,0.0,0.0,1103,1053.0,-10.0,0.0,0.0
1957,2016,1,3,11,5,DL,N329NB,86,MSP,DTW,1355,1351.0,-4.0,0.0,1632,1616.0,-16.0,0.0,0.0
2270,2016,1,3,24,4,DL,N377DA,485,JFK,SEA,1600,1605.0,5.0,0.0,1921,1919.0,-2.0,0.0,0.0
1587,2016,1,2,10,3,DL,N663DN,1991,MSP,ATL,525,520.0,-5.0,0.0,857,822.0,-35.0,0.0,0.0
2687,2016,2,4,10,7,DL,N988DL,220,JFK,ATL,1925,1922.0,-3.0,0.0,2209,2151.0,-18.0,0.0,0.0
3209,2016,2,4,28,4,DL,N3740C,629,ATL,DTW,905,903.0,-2.0,0.0,1101,1042.0,-19.0,0.0,0.0
2435,2016,1,3,29,2,DL,N355NB,557,MSP,DTW,635,630.0,-5.0,0.0,918,906.0,-12.0,0.0,0.0
2909,2016,2,4,17,7,DL,N907DL,2164,DTW,JFK,1953,1950.0,-3.0,0.0,2154,2142.0,-12.0,0.0,0.0
2690,2016,2,4,10,7,DL,N845DN,491,JFK,SEA,1655,1708.0,13.0,0.0,2024,2011.0,-13.0,0.0,0.0
1292,2016,1,2,19,5,DL,N807DN,87,DTW,MSP,1543,1542.0,-1.0,0.0,1655,1624.0,-31.0,0.0,0.0
4443,2016,2,6,4,6,DL,N917DN,721,ATL,MSP,1702,1657.0,-5.0,0.0,1840,1815.0,-25.0,0.0,0.0
1799,2016,1,3,6,7,DL,N948DN,1919,ATL,MSP,2105,2112.0,7.0,0.0,2254,2251.0,-3.0,0.0,0.0
2047,2016,1,3,15,2,DL,N932DL,663,ATL,JFK,1745,1742.0,-3.0,0.0,2013,2000.0,-13.0,0.0,0.0
2221,2016,1,3,21,1,DL,N705TW,1473,SEA,JFK,1120,1121.0,1.0,0.0,1945,1920.0,-25.0,0.0,0.0
1748,2016,1,3,5,6,DL,N839DN,1549,MSP,ATL,1734,1746.0,12.0,0.0,2108,2049.0,-19.0,0.0,0.0
3786,2016,2,5,13,5,DL,N365NW,1915,DTW,ATL,2040,2040.0,0.0,0.0,2239,2218.0,-21.0,0.0,0.0
4099,2016,2,5,23,1,DL,N3752,2210,SEA,DTW,2245,2242.0,-3.0,0.0,615,552.0,-23.0,0.0,0.0
2856,2016,2,4,15,5,DL,N827DN,991,ATL,DTW,1205,1203.0,-2.0,0.0,1407,1345.0,-22.0,0.0,0.0
2038,2016,1,3,15,2,DL,N360NW,1650,DTW,MSP,710,704.0,-6.0,0.0,812,753.0,-19.0,0.0,0.0
2093,2016,1,3,15,2,DL,N318NB,2032,MSP,JFK,655,650.0,-5.0,0.0,1037,1019.0,-18.0,0.0,0.0
1364,2016,1,2,22,1,DL,N982DL,449,JFK,ATL,820,815.0,-5.0,0.0,1104,1040.0,-24.0,0.0,0.0
3389,2016,2,4,2,6,DL,N3754A,1699,SEA,JFK,2329,2328.0,-1.0,0.0,745,951.0,,,0.0
1299,2016,1,2,19,5,DL,N138DL,888,ATL,MSP,1941,1941.0,0.0,0.0,2134,2127.0,-7.0,0.0,0.0
1398,2016,1,2,24,3,DL,N721TW,447,JFK,SEA,700,659.0,-1.0,0.0,1025,948.0,-37.0,0.0,0.0
3753,2016,2,5,11,3,DL,N345NW,1476,DTW,MSP,1345,1346.0,1.0,0.0,1430,1427.0,-3.0,0.0,0.0
4890,2016,2,6,17,5,DL,N675DL,1760,MSP,SEA,2216,2311.0,55.0,1.0,2,37.0,35.0,1.0,0.0
2858,2016,2,4,15,5,DL,N596NW,1152,MSP,ATL,1500,1458.0,-2.0,0.0,1826,1818.0,-8.0,0.0,0.0
2641,2016,2,4,7,4,DL,N6716C,1107,ATL,SEA,1930,1936.0,6.0,0.0,2211,2208.0,-3.0,0.0,0.0
1210,2016,1,2,17,3,DL,N908DA,86,MSP,DTW,1355,1354.0,-1.0,0.0,1640,1621.0,-19.0,0.0,0.0
1555,2016,1,2,29,1,DL,N321US,1401,DTW,MSP,1005,1001.0,-4.0,0.0,1115,1042.0,-33.0,0.0,0.0
2802,2016,2,4,14,4,DL,N905DL,87,DTW,MSP,1725,1721.0,-4.0,0.0,1827,1806.0,-21.0,0.0,0.0
1331,2016,1,2,20,6,DL,N690DL,629,ATL,DTW,915,937.0,22.0,1.0,1110,1130.0,20.0,1.0,0.0
1899,2016,1,3,9,3,DL,N3755D,1805,SEA,DTW,939,1006.0,27.0,1.0,1655,1658.0,3.0,0.0,0.0
3954,2016,2,5,18,3,DL,N802DN,1357,MSP,DTW,1755,1750.0,-5.0,0.0,2040,2029.0,-11.0,0.0,0.0
3604,2016,2,5,7,6,DL,N863DA,1394,ATL,JFK,1500,1458.0,-2.0,0.0,1727,1738.0,11.0,0.0,0.0
4315,2016,2,5,31,2,DL,N825DN,1415,MSP,SEA,700,656.0,-4.0,0.0,839,825.0,-14.0,0.0,0.0
2034,2016,1,3,14,1,DL,N947DN,1850,DTW,ATL,959,954.0,-5.0,0.0,1159,1139.0,-20.0,0.0,0.0
4213,2016,2,5,27,5,DL,N548US,733,DTW,SEA,1525,1550.0,25.0,1.0,1717,1718.0,1.0,0.0,0.0
1416,2016,1,2,23,2,DL,N371NB,774,MSP,DTW,2000,1949.0,-11.0,0.0,2244,2232.0,-12.0,0.0,0.0
4610,2016,2,6,7,2,DL,N373NW,2804,DTW,MSP,1950,1947.0,-3.0,0.0,2048,2030.0,-18.0,0.0,0.0
4762,2016,2,6,14,2,DL,N6716C,915,SEA,JFK,2140,2140.0,0.0,0.0,601,541.0,-20.0,0.0,0.0
4175,2016,2,5,26,4,DL,N371NB,2329,MSP,DTW,1020,1017.0,-3.0,0.0,1302,1253.0,-9.0,0.0,0.0
1136,2016,1,2,13,6,DL,N939DL,996,ATL,JFK,1000,1003.0,3.0,0.0,1209,1211.0,2.0,0.0,0.0
1161,2016,1,2,13,6,DL,N364NW,2221,MSP,SEA,1115,1113.0,-2.0,0.0,1307,1304.0,-3.0,0.0,0.0
2957,2016,2,4,19,2,DL,N939DN,2807,DTW,ATL,1910,1915.0,5.0,0.0,2118,2110.0,-8.0,0.0,0.0
1724,2016,1,3,2,3,DL,N139DL,2283,DTW,ATL,615,613.0,-2.0,0.0,824,819.0,-5.0,0.0,0.0
1389,2016,1,2,22,1,DL,N322US,1660,MSP,SEA,2150,2149.0,-1.0,0.0,2340,2318.0,-22.0,0.0,0.0
4726,2016,2,6,13,1,DL,N375NC,499,JFK,MSP,805,802.0,-3.0,0.0,1020,1034.0,14.0,0.0,0.0
4709,2016,2,6,12,7,DL,N557NW,1549,MSP,ATL,1740,1739.0,-1.0,0.0,2116,2057.0,-19.0,0.0,0.0
3933,2016,2,5,18,3,DL,N3771K,1605,ATL,DTW,2055,2052.0,-3.0,0.0,2254,2307.0,13.0,0.0,0.0
4475,2016,2,6,5,7,DL,N581NW,1107,ATL,SEA,1935,1932.0,-3.0,0.0,2159,2144.0,-15.0,0.0,0.0
4073,2016,2,5,23,1,DL,N3744F,87,DTW,MSP,1725,1748.0,23.0,1.0,1825,1837.0,12.0,0.0,0.0
4918,2016,2,6,19,7,DL,N324US,87,DTW,MSP,1545,1542.0,-3.0,0.0,1645,1638.0,-7.0,0.0,0.0
2563,2016,2,4,4,1,DL,N947DN,1549,MSP,ATL,1735,1739.0,4.0,0.0,2114,2041.0,-33.0,0.0,0.0
3027,2016,2,4,21,4,DL,N950DL,1476,MSP,DTW,1405,1401.0,-4.0,0.0,1647,1639.0,-8.0,0.0,0.0
1219,2016,1,2,16,2,DL,N3758Y,973,SEA,DTW,1357,1351.0,-6.0,0.0,2114,2114.0,0.0,0.0,0.0
2569,2016,2,4,4,1,DL,N912DE,2173,ATL,DTW,1905,1940.0,35.0,1.0,2106,2132.0,26.0,1.0,0.0
1123,2016,1,2,14,7,DL,N3740C,955,DTW,SEA,1220,1219.0,-1.0,0.0,1439,1428.0,-11.0,0.0,0.0
2597,2016,2,4,4,1,DL,N635DL,1271,DTW,ATL,1520,1516.0,-4.0,0.0,1724,1700.0,-24.0,0.0,0.0
1366,2016,1,2,22,1,DL,N6708D,629,ATL,DTW,915,927.0,12.0,0.0,1112,1109.0,-3.0,0.0,0.0
4559,2016,2,6,8,3,DL,N958DN,1549,MSP,ATL,1730,1726.0,-4.0,0.0,2104,2040.0,-24.0,0.0,0.0
2513,2016,1,3,27,7,DL,N983DL,1290,ATL,DTW,2215,2235.0,20.0,1.0,12,15.0,3.0,0.0,0.0
4812,2016,2,6,16,4,DL,N951AT,2604,JFK,MSP,1825,1957.0,92.0,1.0,2053,2205.0,72.0,1.0,0.0
2781,2016,2,4,12,2,DL,N588NW,2101,SEA,MSP,1315,1312.0,-3.0,0.0,1827,1824.0,-3.0,0.0,0.0
2519,2016,1,3,12,6,DL,N591NW,1740,SEA,MSP,845,837.0,-8.0,0.0,1401,1404.0,3.0,0.0,0.0
3833,2016,2,5,15,7,DL,N583NW,1107,ATL,SEA,1935,1934.0,-1.0,0.0,2159,2140.0,-19.0,0.0,0.0
2964,2016,2,4,14,4,DL,N957DL,2173,ATL,DTW,1905,1901.0,-4.0,0.0,2106,2050.0,-16.0,0.0,0.0
3771,2016,2,5,12,4,DL,N693DL,2625,ATL,MSP,725,724.0,-1.0,0.0,858,854.0,-4.0,0.0,0.0
1490,2016,1,2,26,5,DL,N750AT,1055,DTW,MSP,1955,1950.0,-5.0,0.0,2103,2046.0,-17.0,0.0,0.0
4534,2016,2,6,7,2,DL,N810DN,1415,MSP,SEA,700,655.0,-5.0,0.0,839,820.0,-19.0,0.0,0.0
4133,2016,2,5,25,3,DL,N396DA,1401,SEA,DTW,545,538.0,-7.0,0.0,1317,1242.0,-35.0,0.0,0.0
2459,2016,1,3,31,4,DL,N698DL,2005,ATL,DTW,725,739.0,14.0,0.0,917,930.0,13.0,0.0,0.0
2959,2016,2,4,20,3,DL,N967DL,87,DTW,MSP,1725,1748.0,23.0,1.0,1827,1840.0,13.0,0.0,0.0
3766,2016,2,5,12,4,DL,N681DA,2052,DTW,ATL,959,1016.0,17.0,1.0,1154,1206.0,12.0,0.0,0.0
3700,2016,2,5,10,2,DL,N6706Q,939,MSP,ATL,730,724.0,-6.0,0.0,1055,1106.0,11.0,0.0,0.0
3819,2016,2,5,14,6,DL,N865DA,16,SEA,ATL,1040,1048.0,8.0,0.0,1843,1812.0,-31.0,0.0,0.0
4232,2016,2,5,28,6,DL,N3768,281,DTW,SEA,841,946.0,65.0,1.0,1038,1127.0,49.0,1.0,0.0
1902,2016,1,3,9,3,DL,N947DN,2074,ATL,MSP,1800,1757.0,-3.0,0.0,1943,1934.0,-9.0,0.0,0.0
3794,2016,2,5,12,4,DL,N583NW,629,ATL,DTW,905,915.0,10.0,0.0,1103,1104.0,1.0,0.0,0.0
3573,2016,2,5,5,4,DL,N589NW,2039,SEA,ATL,2320,2321.0,1.0,0.0,709,700.0,-9.0,0.0,0.0
3849,2016,2,5,15,7,DL,N682DA,303,MSP,DTW,620,616.0,-4.0,0.0,903,842.0,-21.0,0.0,0.0
3646,2016,2,5,8,7,DL,N977AT,748,ATL,DTW,1050,1046.0,-4.0,0.0,1248,1245.0,-3.0,0.0,0.0
1481,2016,1,2,27,6,DL,N320NB,1096,DTW,MSP,1209,1209.0,0.0,0.0,1313,1253.0,-20.0,0.0,0.0
4586,2016,2,6,10,5,DL,N995AT,87,DTW,MSP,1745,1740.0,-5.0,0.0,1852,1938.0,46.0,1.0,0.0
1017,2016,1,2,9,2,DL,N812DN,987,SEA,DTW,2300,2256.0,-4.0,0.0,615,552.0,-23.0,0.0,0.0
2135,2016,1,3,18,5,DL,N817DN,589,MSP,SEA,1115,1115.0,0.0,0.0,1256,1253.0,-3.0,0.0,0.0
4742,2016,2,6,14,2,DL,N6714Q,1770,SEA,MSP,1532,1529.0,-3.0,0.0,2049,2047.0,-2.0,0.0,0.0
3633,2016,2,5,8,7,DL,N927DN,1549,MSP,ATL,1730,1724.0,-6.0,0.0,2104,2034.0,-30.0,0.0,0.0
3681,2016,2,5,9,1,DL,N951DL,1734,MSP,DTW,1135,1133.0,-2.0,0.0,1419,1411.0,-8.0,0.0,0.0
2766,2016,2,4,12,2,DL,N3772H,281,DTW,SEA,855,910.0,15.0,1.0,1104,1114.0,10.0,0.0,0.0
1393,2016,1,2,22,1,DL,N995AT,2032,MSP,JFK,656,652.0,-4.0,0.0,1045,1015.0,-30.0,0.0,0.0
3883,2016,2,5,16,1,DL,N844DN,1598,SEA,ATL,600,559.0,-1.0,0.0,1400,1340.0,-20.0,0.0,0.0
2929,2016,2,4,18,1,DL,N3754A,997,ATL,JFK,1030,1029.0,-1.0,0.0,1250,1246.0,-4.0,0.0,0.0
4637,2016,2,6,10,5,DL,N3767,551,ATL,DTW,1735,1739.0,4.0,0.0,1944,1927.0,-17.0,0.0,0.0
4334,2016,2,5,20,5,DL,N592NW,1365,DTW,ATL,725,842.0,77.0,1.0,925,1048.0,83.0,1.0,0.0
1517,2016,1,2,27,6,DL,N959DL,478,ATL,JFK,1205,1202.0,-3.0,0.0,1421,1426.0,5.0,0.0,0.0
1487,2016,1,2,27,6,DL,N814NW,1852,ATL,SEA,1050,1050.0,0.0,0.0,1323,1302.0,-21.0,0.0,0.0
2087,2016,1,3,16,3,DL,N850DN,902,ATL,DTW,1454,1452.0,-2.0,0.0,1653,1640.0,-13.0,0.0,0.0
1187,2016,1,2,14,7,DL,N592NW,1815,MSP,ATL,905,903.0,-2.0,0.0,1235,1228.0,-7.0,0.0,0.0
4129,2016,2,5,25,3,DL,N974DL,1975,MSP,ATL,1130,1125.0,-5.0,0.0,1459,1449.0,-10.0,0.0,0.0
2680,2016,2,4,8,5,DL,N960DN,2501,ATL,DTW,1341,1349.0,8.0,0.0,1542,1540.0,-2.0,0.0,0.0
4460,2016,2,6,4,6,DL,N917DN,2393,MSP,ATL,1940,1945.0,5.0,0.0,2312,2300.0,-12.0,0.0,0.0
3270,2016,2,4,29,5,DL,N177DZ,425,JFK,ATL,1550,1547.0,-3.0,0.0,1834,1812.0,-22.0,0.0,0.0
2946,2016,2,4,18,1,DL,N844DN,2618,DTW,SEA,2004,2001.0,-3.0,0.0,2215,2122.0,-53.0,0.0,0.0
1778,2016,1,3,4,5,DL,N818DA,589,MSP,SEA,910,908.0,-2.0,0.0,1051,1057.0,6.0,0.0,0.0
3767,2016,2,5,12,4,DL,N320NB,2205,JFK,MSP,810,836.0,26.0,1.0,1031,1039.0,8.0,0.0,0.0
1758,2016,1,3,5,6,DL,N324US,917,MSP,DTW,835,908.0,33.0,1.0,1114,1159.0,45.0,1.0,0.0
3712,2016,2,5,10,2,DL,N957DL,2005,DTW,ATL,1210,1207.0,-3.0,0.0,1415,1354.0,-21.0,0.0,0.0
3300,2016,2,4,4,1,DL,N834DN,2482,SEA,DTW,2345,2355.0,10.0,0.0,656,651.0,-5.0,0.0,0.0
3241,2016,2,4,28,4,DL,N3733Z,1991,MSP,ATL,520,517.0,-3.0,0.0,845,855.0,10.0,0.0,0.0
2953,2016,2,4,19,2,DL,N542US,588,SEA,MSP,1119,1118.0,-1.0,0.0,1631,1648.0,17.0,1.0,0.0
1845,2016,1,3,7,1,DL,N827DN,2644,ATL,MSP,1500,1458.0,-2.0,0.0,1638,1636.0,-2.0,0.0,0.0
3879,2016,2,5,16,1,DL,N547US,1337,SEA,DTW,726,724.0,-2.0,0.0,1455,1434.0,-21.0,0.0,0.0
1846,2016,1,3,7,1,DL,N596NW,2814,SEA,ATL,1442,1438.0,-4.0,0.0,2229,2215.0,-14.0,0.0,0.0
1098,2016,1,2,11,4,DL,N815DN,2448,DTW,ATL,1205,1203.0,-2.0,0.0,1417,1358.0,-19.0,0.0,0.0
4669,2016,2,6,10,5,DL,N690DL,1640,DTW,ATL,730,729.0,-1.0,0.0,926,921.0,-5.0,0.0,0.0
2906,2016,2,4,16,6,DL,N824DN,1228,SEA,ATL,2232,2231.0,-1.0,0.0,612,618.0,6.0,0.0,0.0
1993,2016,1,3,13,7,DL,N325US,1888,MSP,ATL,1515,1512.0,-3.0,0.0,1840,1832.0,-8.0,0.0,0.0
1589,2016,1,2,10,3,DL,N3757D,2221,MSP,SEA,1130,1129.0,-1.0,0.0,1322,1316.0,-6.0,0.0,0.0
2827,2016,2,4,13,3,DL,N831DN,945,MSP,DTW,840,833.0,-7.0,0.0,1122,1103.0,-19.0,0.0,0.0
3124,2016,2,4,24,7,DL,N698DL,1107,ATL,SEA,1930,1953.0,23.0,1.0,2211,2240.0,29.0,1.0,0.0
1094,2016,1,2,11,4,DL,N824DN,2134,SEA,ATL,1450,1621.0,91.0,1.0,2232,2332.0,60.0,1.0,0.0
2131,2016,1,3,18,5,DL,N693DL,87,DTW,MSP,1545,1542.0,-3.0,0.0,1645,1635.0,-10.0,0.0,0.0
3855,2016,2,5,16,1,DL,N1612T,17,ATL,SEA,1100,1059.0,-1.0,0.0,1319,1306.0,-13.0,0.0,0.0
4963,2016,2,6,21,2,DL,N595NW,2283,DTW,ATL,600,557.0,-3.0,0.0,754,736.0,-18.0,0.0,0.0
1895,2016,1,3,8,2,DL,N692DL,2005,ATL,DTW,725,724.0,-1.0,0.0,917,920.0,3.0,0.0,0.0
4696,2016,2,6,12,7,DL,N301NB,2214,MSP,JFK,1735,1832.0,57.0,1.0,2130,2230.0,60.0,1.0,0.0
1518,2016,1,2,27,6,DL,N690DL,629,ATL,DTW,915,914.0,-1.0,0.0,1110,1110.0,0.0,0.0,0.0
4373,2016,2,6,2,4,DL,N327NB,2205,JFK,MSP,810,806.0,-4.0,0.0,1031,1024.0,-7.0,0.0,0.0
1921,2016,1,3,10,4,DL,N3749D,2418,MSP,SEA,710,707.0,-3.0,0.0,854,904.0,10.0,0.0,0.0
2670,2016,2,4,9,6,DL,N375DA,423,JFK,ATL,1340,1338.0,-2.0,0.0,1612,1601.0,-11.0,0.0,0.0
2301,2016,1,3,24,4,DL,N941DN,1513,MSP,ATL,730,727.0,-3.0,0.0,1101,1057.0,-4.0,0.0,0.0
4731,2016,2,6,13,1,DL,N920DL,788,MSP,ATL,1646,1646.0,0.0,0.0,2020,2014.0,-6.0,0.0,0.0
4169,2016,2,5,26,4,DL,N3733Z,1605,ATL,DTW,2055,2052.0,-3.0,0.0,2254,2236.0,-18.0,0.0,0.0
4335,2016,2,5,20,5,DL,N807DN,1401,SEA,DTW,545,545.0,0.0,0.0,1317,1256.0,-21.0,0.0,0.0
1006,2016,1,2,8,1,DL,N143DA,652,ATL,MSP,2105,2104.0,-1.0,0.0,2257,2241.0,-16.0,0.0,0.0
3480,2016,2,5,3,2,DL,N924DL,592,ATL,MSP,1050,1049.0,-1.0,0.0,1225,1216.0,-9.0,0.0,0.0
3102,2016,2,4,24,7,DL,N914DL,2173,ATL,DTW,1905,1907.0,2.0,0.0,2106,2103.0,-3.0,0.0,0.0
3185,2016,2,4,26,2,DL,N825DN,1228,SEA,ATL,2237,2232.0,-5.0,0.0,618,627.0,9.0,0.0,0.0
3630,2016,2,5,8,7,DL,N6716C,1385,ATL,DTW,1624,1621.0,-3.0,0.0,1824,1813.0,-11.0,0.0,0.0
1079,2016,1,2,12,5,DL,N850DN,653,MSP,ATL,1930,1945.0,15.0,1.0,2300,2245.0,-15.0,0.0,0.0
3659,2016,2,5,8,7,DL,N917DN,2545,ATL,MSP,2105,2107.0,2.0,0.0,2250,2243.0,-7.0,0.0,0.0
4445,2016,2,6,4,6,DL,N954DN,818,MSP,ATL,910,904.0,-6.0,0.0,1241,1236.0,-5.0,0.0,0.0
1495,2016,1,2,27,6,DL,N1612T,2347,SEA,ATL,1045,1040.0,-5.0,0.0,1827,1805.0,-22.0,0.0,0.0
1203,2016,1,2,16,2,DL,N980DL,478,ATL,JFK,1205,1211.0,6.0,0.0,1424,1750.0,,,0.0
3313,2016,2,4,5,2,DL,N991AT,848,MSP,JFK,908,909.0,1.0,0.0,1257,1244.0,-13.0,0.0,0.0
1019,2016,1,2,9,2,DL,N372DA,1145,ATL,DTW,1620,1620.0,0.0,0.0,1824,1818.0,-6.0,0.0,0.0
4708,2016,2,6,12,7,DL,N705TW,1473,SEA,JFK,1107,1106.0,-1.0,0.0,1945,1934.0,-11.0,0.0,0.0
1560,2016,1,2,29,1,DL,N953DN,1815,MSP,ATL,905,901.0,-4.0,0.0,1235,1223.0,-12.0,0.0,0.0
3717,2016,2,5,11,3,DL,N937DL,1975,MSP,ATL,1130,1128.0,-2.0,0.0,1459,1451.0,-8.0,0.0,0.0
4435,2016,2,6,3,5,DL,N392DA,2440,SEA,MSP,25,20.0,-5.0,0.0,547,528.0,-19.0,0.0,0.0
1090,2016,1,2,12,5,DL,N327NB,1476,DTW,MSP,1345,1342.0,-3.0,0.0,1448,1442.0,-6.0,0.0,0.0
4244,2016,2,5,28,6,DL,N125DL,2784,ATL,SEA,940,940.0,0.0,0.0,1157,1154.0,-3.0,0.0,0.0
3068,2016,2,4,23,6,DL,N963DL,1394,ATL,JFK,1527,1528.0,1.0,0.0,1754,1749.0,-5.0,0.0,0.0
4721,2016,2,6,13,1,DL,N183DN,43,JFK,ATL,1525,1524.0,-1.0,0.0,1815,1759.0,-16.0,0.0,0.0
3858,2016,2,5,16,1,DL,N723TW,486,JFK,ATL,610,605.0,-5.0,0.0,843,827.0,-16.0,0.0,0.0
3902,2016,2,5,17,2,DL,N592NW,486,JFK,ATL,610,612.0,2.0,0.0,843,846.0,3.0,0.0,0.0
4198,2016,2,5,28,6,DL,N940DN,1204,MSP,ATL,1002,958.0,-4.0,0.0,1333,1324.0,-9.0,0.0,0.0
2159,2016,1,3,19,6,DL,N852DN,1255,SEA,ATL,1205,1215.0,10.0,0.0,1953,1939.0,-14.0,0.0,0.0
1453,2016,1,2,25,4,DL,N693DL,2430,SEA,ATL,2312,2311.0,-1.0,0.0,645,637.0,-8.0,0.0,0.0
3890,2016,2,5,17,2,DL,N920DE,1544,DTW,MSP,1000,1000.0,0.0,0.0,1053,1042.0,-11.0,0.0,0.0
2773,2016,2,4,12,2,DL,N910DN,850,DTW,ATL,1627,1626.0,-1.0,0.0,1835,1809.0,-26.0,0.0,0.0
2860,2016,2,4,15,5,DL,N592NW,1357,MSP,DTW,1750,1749.0,-1.0,0.0,2031,2035.0,4.0,0.0,0.0
4301,2016,2,5,30,1,DL,N856DN,1397,MSP,SEA,1445,1442.0,-3.0,0.0,1624,1609.0,-15.0,0.0,0.0
3390,2016,2,4,2,6,DL,N582NW,1740,SEA,MSP,845,843.0,-2.0,0.0,1401,1354.0,-7.0,0.0,0.0
3825,2016,2,5,14,6,DL,N586NW,784,ATL,MSP,845,842.0,-3.0,0.0,1018,1013.0,-5.0,0.0,0.0
3117,2016,2,4,24,7,DL,N855DN,1731,SEA,JFK,2315,2316.0,1.0,0.0,734,734.0,0.0,0.0,0.0
3863,2016,2,5,15,7,DL,N837DN,1770,SEA,MSP,1510,1530.0,20.0,1.0,2038,2040.0,2.0,0.0,0.0
3359,2016,2,4,1,5,DL,N956DN,1122,ATL,MSP,1205,1205.0,0.0,0.0,1345,1330.0,-15.0,0.0,0.0
4096,2016,2,5,23,1,DL,N844DN,1956,DTW,SEA,1218,1217.0,-1.0,0.0,1415,1342.0,-33.0,0.0,0.0
4707,2016,2,6,12,7,DL,N372DA,1417,ATL,DTW,1843,1841.0,-2.0,0.0,2050,2033.0,-17.0,0.0,0.0
3945,2016,2,5,19,4,DL,N676DL,1287,DTW,ATL,1345,1343.0,-2.0,0.0,1549,1539.0,-10.0,0.0,0.0
3582,2016,2,5,5,4,DL,N956DN,785,MSP,ATL,1300,1300.0,0.0,0.0,1635,1613.0,-22.0,0.0,0.0
3175,2016,2,4,27,3,DL,N804DN,17,ATL,SEA,1100,1100.0,0.0,0.0,1341,1257.0,-44.0,0.0,0.0
1644,2016,1,2,2,2,DL,N320US,1650,DTW,MSP,705,702.0,-3.0,0.0,824,813.0,-11.0,0.0,0.0
3815,2016,2,5,13,5,DL,N3741S,1333,MSP,DTW,1311,1316.0,5.0,0.0,1559,1539.0,-20.0,0.0,0.0
1796,2016,1,3,6,7,DL,N359NW,1649,DTW,MSP,1000,955.0,-5.0,0.0,1058,1037.0,-21.0,0.0,0.0
3755,2016,2,5,11,3,DL,N835DN,1659,SEA,ATL,1435,1434.0,-1.0,0.0,2239,2201.0,-38.0,0.0,0.0
3904,2016,2,5,17,2,DL,N920DN,721,ATL,MSP,1702,1700.0,-2.0,0.0,1843,1835.0,-8.0,0.0,0.0
3805,2016,2,5,13,5,DL,N813DN,589,MSP,SEA,1130,1128.0,-2.0,0.0,1309,1310.0,1.0,0.0,0.0
1037,2016,1,2,10,3,DL,N678DL,902,ATL,DTW,1456,1541.0,45.0,1.0,1655,1735.0,40.0,1.0,0.0
3303,2016,2,4,4,1,DL,N909DA,2807,DTW,ATL,1910,1907.0,-3.0,0.0,2118,2058.0,-20.0,0.0,0.0
2334,2016,1,3,24,4,DL,N813DN,2188,SEA,ATL,2300,2354.0,54.0,1.0,642,723.0,41.0,1.0,0.0
2456,2016,1,3,30,3,DL,N832DN,2283,DTW,ATL,615,611.0,-4.0,0.0,823,801.0,-22.0,0.0,0.0
4062,2016,2,5,23,1,DL,N854DN,894,SEA,MSP,820,817.0,-3.0,0.0,1350,1321.0,-29.0,0.0,0.0
4556,2016,2,6,8,3,DL,N596NW,1365,DTW,ATL,725,735.0,10.0,0.0,925,913.0,-12.0,0.0,0.0
2924,2016,2,4,18,1,DL,N923DN,630,DTW,ATL,1745,2110.0,205.0,1.0,1954,2259.0,185.0,1.0,0.0
3491,2016,2,5,2,1,DL,N3760C,2139,JFK,ATL,835,831.0,-4.0,0.0,1116,1049.0,-27.0,0.0,0.0
4197,2016,2,5,28,6,DL,N718TW,1109,SEA,JFK,1450,1448.0,-2.0,0.0,2325,2306.0,-19.0,0.0,0.0
4488,2016,2,6,6,1,DL,N971DL,1544,DTW,MSP,1000,957.0,-3.0,0.0,1053,1044.0,-9.0,0.0,0.0
4627,2016,2,6,10,5,DL,N681DA,2795,ATL,DTW,1620,1618.0,-2.0,0.0,1831,1810.0,-21.0,0.0,0.0
4883,2016,2,6,17,5,DL,N694DL,1241,SEA,MSP,1310,1310.0,0.0,0.0,1831,1843.0,12.0,0.0,0.0
4699,2016,2,6,12,7,DL,N585NW,2440,SEA,MSP,45,58.0,13.0,0.0,558,600.0,2.0,0.0,0.0
1231,2016,1,2,17,3,DL,N705TW,1473,SEA,JFK,1120,1125.0,5.0,0.0,1938,1914.0,-24.0,0.0,0.0
4333,2016,2,5,20,5,DL,N854DN,1306,SEA,JFK,738,738.0,0.0,0.0,1614,1604.0,-10.0,0.0,0.0
3236,2016,2,4,27,3,DL,N335NB,2032,MSP,JFK,700,654.0,-6.0,0.0,1045,1026.0,-19.0,0.0,0.0
4691,2016,2,6,11,6,DL,N594NW,2221,MSP,SEA,900,914.0,14.0,0.0,1045,1035.0,-10.0,0.0,0.0
3928,2016,2,5,17,2,DL,N855DN,2812,JFK,SEA,1709,1707.0,-2.0,0.0,2026,1959.0,-27.0,0.0,0.0
4836,2016,2,6,15,3,DL,N819DN,2788,JFK,SEA,1659,1655.0,-4.0,0.0,2031,2005.0,-26.0,0.0,0.0
3037,2016,2,4,22,5,DL,N825DN,53,MSP,DTW,1545,1544.0,-1.0,0.0,1824,1823.0,-1.0,0.0,0.0
2698,2016,2,4,10,7,DL,N816DN,1114,SEA,ATL,1436,1456.0,20.0,1.0,2220,2228.0,8.0,0.0,0.0
2156,2016,1,3,19,6,DL,N331NW,917,MSP,DTW,835,838.0,3.0,0.0,1114,1121.0,7.0,0.0,0.0
3576,2016,2,5,5,4,DL,N396DA,281,DTW,SEA,841,846.0,5.0,0.0,1040,1017.0,-23.0,0.0,0.0
2408,2016,1,3,26,6,DL,N845DN,2610,ATL,MSP,736,735.0,-1.0,0.0,912,856.0,-16.0,0.0,0.0
4176,2016,2,5,26,4,DL,N554NW,2393,MSP,ATL,1940,1955.0,15.0,1.0,2312,2335.0,23.0,1.0,0.0
2977,2016,2,4,20,3,DL,N752AT,1465,ATL,DTW,2057,2105.0,8.0,0.0,2257,2302.0,5.0,0.0,0.0
1563,2016,1,2,29,1,DL,N1612T,2039,ATL,SEA,835,837.0,2.0,0.0,1114,1115.0,1.0,0.0,0.0
1678,2016,1,3,2,3,DL,N908DA,856,MSP,ATL,858,909.0,11.0,0.0,1229,1217.0,-12.0,0.0,0.0
1345,2016,1,2,21,7,DL,N687DL,669,MSP,ATL,625,626.0,1.0,0.0,954,934.0,-20.0,0.0,0.0
3719,2016,2,5,11,3,DL,N353NB,2205,JFK,MSP,810,805.0,-5.0,0.0,1031,958.0,-33.0,0.0,0.0
3000,2016,2,4,21,4,DL,N948DN,1590,ATL,MSP,2100,2101.0,1.0,0.0,2251,2231.0,-20.0,0.0,0.0
1709,2016,1,3,31,4,DL,N846DN,86,MSP,DTW,1545,1817.0,152.0,1.0,1823,2113.0,170.0,1.0,0.0
2735,2016,2,4,6,3,DL,N3746H,2017,SEA,DTW,934,932.0,-2.0,0.0,1645,1624.0,-21.0,0.0,0.0
3609,2016,2,5,7,6,DL,N985DL,1975,MSP,ATL,1130,1124.0,-6.0,0.0,1458,1437.0,-21.0,0.0,0.0
2832,2016,2,4,14,4,DL,N937DN,721,ATL,MSP,1650,1650.0,0.0,0.0,1836,1811.0,-25.0,0.0,0.0
1201,2016,1,2,16,2,DL,N727TW,447,JFK,SEA,700,656.0,-4.0,0.0,1025,1002.0,-23.0,0.0,0.0
3213,2016,2,4,28,4,DL,N822DN,945,MSP,DTW,840,838.0,-2.0,0.0,1122,1128.0,6.0,0.0,0.0
3350,2016,2,4,29,5,DL,N722TW,2350,ATL,JFK,825,825.0,0.0,0.0,1047,1040.0,-7.0,0.0,0.0
2501,2016,1,3,27,7,DL,N320NB,87,DTW,MSP,1730,1725.0,-5.0,0.0,1830,1804.0,-26.0,0.0,0.0
2703,2016,2,4,8,5,DL,N587NW,1630,MSP,SEA,920,917.0,-3.0,0.0,1117,1136.0,19.0,1.0,0.0
1534,2016,1,2,28,7,DL,N921DN,1963,DTW,ATL,2005,1958.0,-7.0,0.0,2223,2150.0,-33.0,0.0,0.0
3403,2016,2,4,1,5,DL,N177DN,2263,DTW,SEA,1521,1525.0,4.0,0.0,1721,1657.0,-24.0,0.0,0.0
2126,2016,1,3,17,4,DL,N178DN,2424,ATL,SEA,1105,1108.0,3.0,0.0,1337,1335.0,-2.0,0.0,0.0
4908,2016,2,6,19,7,DL,N6715C,1107,ATL,SEA,1915,1916.0,1.0,0.0,2140,2129.0,-11.0,0.0,0.0
3032,2016,2,4,21,4,DL,N924DN,2501,ATL,DTW,1341,1339.0,-2.0,0.0,1542,1522.0,-20.0,0.0,0.0
4123,2016,2,5,24,2,DL,N853DN,1306,SEA,JFK,738,740.0,2.0,0.0,1614,1544.0,-30.0,0.0,0.0
2621,2016,2,4,6,3,DL,N835DN,2563,SEA,MSP,1520,1517.0,-3.0,0.0,2036,2021.0,-15.0,0.0,0.0
3329,2016,2,4,17,7,DL,N830DN,1598,SEA,ATL,630,629.0,-1.0,0.0,1410,1415.0,5.0,0.0,0.0
1632,2016,1,2,2,2,DL,N924AT,1096,DTW,MSP,1210,1217.0,7.0,0.0,1313,1332.0,19.0,1.0,0.0
4684,2016,2,6,12,7,DL,N923DN,678,DTW,ATL,2030,2031.0,1.0,0.0,2231,2213.0,-18.0,0.0,0.0
1108,2016,1,2,12,5,DL,N322NB,1987,ATL,JFK,1515,1514.0,-1.0,0.0,1745,1723.0,-22.0,0.0,0.0
1093,2016,1,2,11,4,DL,N845MH,2005,ATL,DTW,725,725.0,0.0,0.0,922,927.0,5.0,0.0,0.0
2488,2016,1,3,31,4,DL,N915DN,2074,ATL,MSP,1800,1757.0,-3.0,0.0,1943,1931.0,-12.0,0.0,0.0
3011,2016,2,4,20,3,DL,N829DN,945,MSP,DTW,840,837.0,-3.0,0.0,1122,1119.0,-3.0,0.0,0.0
3274,2016,2,4,29,5,DL,N541US,762,ATL,SEA,1650,1711.0,21.0,1.0,1931,1913.0,-18.0,0.0,0.0
2380,2016,1,3,26,6,DL,N853DN,1255,SEA,ATL,1205,1205.0,0.0,0.0,1953,1934.0,-19.0,0.0,0.0
4608,2016,2,6,7,2,DL,N848DN,2487,JFK,SEA,1925,1929.0,4.0,0.0,2247,2237.0,-10.0,0.0,0.0
3242,2016,2,4,28,4,DL,N922DX,2074,ATL,MSP,1750,1747.0,-3.0,0.0,1936,1940.0,4.0,0.0,0.0
4771,2016,2,6,15,3,DL,N316US,973,DTW,ATL,1215,1213.0,-2.0,0.0,1417,1358.0,-19.0,0.0,0.0
2950,2016,2,4,19,2,DL,N178DZ,420,ATL,JFK,1205,1206.0,1.0,0.0,1430,1413.0,-17.0,0.0,0.0
2021,2016,1,3,14,1,DL,N921DN,721,ATL,MSP,1645,1642.0,-3.0,0.0,1829,1814.0,-15.0,0.0,0.0
11020,2016,4,12,24,6,DL,N321US,1357,MSP,DTW,1745,1744.0,-1.0,0.0,2033,2010.0,-23.0,0.0,0.0
10546,2016,4,12,7,3,DL,N384DA,2218,SEA,DTW,600,602.0,2.0,0.0,1315,1302.0,-13.0,0.0,0.0
10854,2016,4,12,19,1,DL,N850DN,622,SEA,MSP,1329,1418.0,49.0,1.0,1856,1909.0,13.0,0.0,0.0
10940,2016,4,12,22,4,DL,N705TW,2374,SEA,ATL,2330,2331.0,1.0,0.0,710,650.0,-20.0,0.0,0.0
10673,2016,4,12,12,1,DL,N803DN,2329,ATL,SEA,1305,1305.0,0.0,0.0,1540,1547.0,7.0,0.0,0.0
11189,2016,4,12,3,6,DL,N937AT,421,DTW,JFK,1955,1954.0,-1.0,0.0,2145,2125.0,-20.0,0.0,0.0
10258,2016,4,11,1,2,DL,N391DA,2350,ATL,JFK,810,808.0,-2.0,0.0,1024,1016.0,-8.0,0.0,0.0
10934,2016,4,12,22,4,DL,N815DN,1997,SEA,JFK,2254,2257.0,3.0,0.0,710,652.0,-18.0,0.0,0.0
11068,2016,4,12,27,2,DL,N987AT,1865,DTW,MSP,834,855.0,21.0,1.0,947,948.0,1.0,0.0,0.0
10855,2016,4,12,19,1,DL,N6708D,888,ATL,MSP,1920,1920.0,0.0,0.0,2106,2056.0,-10.0,0.0,0.0
11121,2016,4,12,29,4,DL,N805DN,952,SEA,ATL,1200,1231.0,31.0,1.0,1951,1952.0,1.0,0.0,0.0
10135,2016,4,11,1,2,DL,N915DN,22,MSP,DTW,1140,1128.0,-12.0,0.0,1427,1408.0,-19.0,0.0,0.0
11192,2016,4,12,3,6,DL,N846DN,588,SEA,MSP,1134,1141.0,7.0,0.0,1659,1642.0,-17.0,0.0,0.0
10520,2016,4,12,8,4,DL,N6716C,1563,MSP,ATL,730,725.0,-5.0,0.0,1104,1048.0,-16.0,0.0,0.0
10894,2016,4,12,22,4,DL,N901DA,2127,ATL,MSP,2040,2039.0,-1.0,0.0,2223,2211.0,-12.0,0.0,0.0
10195,2016,4,11,7,1,DL,N585NW,846,DTW,MSP,2020,2027.0,7.0,0.0,2123,2104.0,-19.0,0.0,0.0
10194,2016,4,11,5,6,DL,N3756,2559,JFK,ATL,840,842.0,2.0,0.0,1114,1046.0,-28.0,0.0,0.0
11060,2016,4,12,28,3,DL,N349NW,1470,DTW,MSP,1750,1804.0,14.0,0.0,1853,1902.0,9.0,0.0,0.0
11000,2016,4,12,25,7,DL,N695DL,1108,MSP,ATL,1515,1519.0,4.0,0.0,1845,1843.0,-2.0,0.0,0.0
10418,2016,4,12,4,7,DL,N943DN,356,ATL,MSP,2105,2117.0,12.0,0.0,2250,2246.0,-4.0,0.0,0.0
11081,2016,4,12,25,7,DL,N824DN,38,SEA,DTW,950,945.0,-5.0,0.0,1710,1710.0,0.0,0.0,0.0
10348,2016,4,12,1,4,DL,N964AT,649,MSP,JFK,1455,1449.0,-6.0,0.0,1845,1815.0,-30.0,0.0,0.0
10930,2016,4,12,22,4,DL,N6709,1640,DTW,ATL,710,709.0,-1.0,0.0,935,905.0,-30.0,0.0,0.0
10395,2016,4,12,3,6,DL,N3762Y,1107,ATL,SEA,1945,1944.0,-1.0,0.0,2224,2219.0,-5.0,0.0,0.0
10906,2016,4,12,22,4,DL,N552NW,588,SEA,MSP,1125,1233.0,68.0,1.0,1655,1730.0,35.0,1.0,0.0
10142,2016,4,11,1,2,DL,N723TW,462,JFK,SEA,1105,1107.0,2.0,0.0,1411,1410.0,-1.0,0.0,0.0
10802,2016,4,12,19,1,DL,N921DL,1342,MSP,DTW,2012,2005.0,-7.0,0.0,2305,2250.0,-15.0,0.0,0.0
11109,2016,4,12,28,3,DL,N706TW,469,JFK,ATL,805,804.0,-1.0,0.0,1054,1042.0,-12.0,0.0,0.0
10432,2016,4,12,4,7,DL,N379DA,1107,ATL,SEA,1945,1950.0,5.0,0.0,2226,2226.0,0.0,0.0,0.0
10899,2016,4,12,22,4,DL,N3758Y,43,JFK,ATL,1529,1534.0,5.0,0.0,1822,1814.0,-8.0,0.0,0.0
10587,2016,4,12,10,6,DL,N675DL,1095,DTW,ATL,1535,1532.0,-3.0,0.0,1740,1728.0,-12.0,0.0,0.0
10382,2016,4,12,1,4,DL,N377DA,1457,SEA,JFK,740,738.0,-2.0,0.0,1606,1542.0,-24.0,0.0,0.0
11070,2016,4,12,27,2,DL,N6712B,2047,MSP,ATL,730,730.0,0.0,0.0,1108,1110.0,2.0,0.0,0.0
10355,2016,4,12,2,5,DL,N939DL,420,ATL,JFK,1212,1218.0,6.0,0.0,1430,1420.0,-10.0,0.0,0.0
10259,2016,4,11,1,2,DL,N364NB,2492,MSP,JFK,1453,1503.0,10.0,0.0,1845,1834.0,-11.0,0.0,0.0
10926,2016,4,12,22,4,DL,N942DL,1342,MSP,DTW,2012,2004.0,-8.0,0.0,2305,2236.0,-29.0,0.0,0.0
10280,2016,4,11,2,3,DL,N684DA,325,DTW,ATL,1346,1345.0,-1.0,0.0,1549,1542.0,-7.0,0.0,0.0
10198,2016,4,11,7,1,DL,N542US,1130,DTW,ATL,1910,1904.0,-6.0,0.0,2114,2054.0,-20.0,0.0,0.0
10349,2016,4,12,1,4,DL,N334NB,2620,MSP,JFK,1950,2024.0,34.0,1.0,2335,29.0,54.0,1.0,0.0
10228,2016,4,11,20,7,DL,N861DA,468,ATL,JFK,1716,1802.0,46.0,1.0,1941,2041.0,60.0,1.0,0.0
10304,2016,4,11,3,4,DL,N709TW,1109,SEA,JFK,1510,1513.0,3.0,0.0,2332,2310.0,-22.0,0.0,0.0
10065,2016,4,11,26,6,DL,N855DN,2237,MSP,SEA,1530,1526.0,-4.0,0.0,1719,1706.0,-13.0,0.0,0.0
10987,2016,4,12,23,5,DL,N331NW,2101,MSP,JFK,1044,1051.0,7.0,0.0,1429,1412.0,-17.0,0.0,0.0
10672,2016,4,12,12,1,DL,N544US,2253,MSP,SEA,1755,1754.0,-1.0,0.0,1952,1934.0,-18.0,0.0,0.0
10463,2016,4,12,6,2,DL,N993AT,421,DTW,JFK,1955,1951.0,-4.0,0.0,2145,2141.0,-4.0,0.0,0.0
10426,2016,4,12,5,1,DL,N3755D,428,JFK,SEA,1335,1405.0,30.0,1.0,1654,1722.0,28.0,1.0,0.0
10457,2016,4,12,5,1,DL,N386DA,2649,ATL,DTW,900,858.0,-2.0,0.0,1059,1103.0,4.0,0.0,0.0
10459,2016,4,12,6,2,DL,N935DL,43,JFK,ATL,1530,1525.0,-5.0,0.0,1818,1800.0,-18.0,0.0,0.0
10286,2016,4,11,2,3,DL,N969DL,630,DTW,ATL,1754,1753.0,-1.0,0.0,2005,1957.0,-8.0,0.0,0.0
10075,2016,4,11,27,7,DL,N723TW,2350,ATL,JFK,810,809.0,-1.0,0.0,1022,1015.0,-7.0,0.0,0.0
11214,2016,4,12,16,5,DL,N697DL,1563,MSP,ATL,730,751.0,21.0,1.0,1104,1113.0,9.0,0.0,0.0
10310,2016,4,11,3,4,DL,N839DN,2787,MSP,ATL,1935,1935.0,0.0,0.0,2308,2242.0,-26.0,0.0,0.0
10131,2016,4,11,29,2,DL,N536US,1598,SEA,ATL,615,613.0,-2.0,0.0,1359,1343.0,-16.0,0.0,0.0
10443,2016,4,12,5,1,DL,N635DL,1715,DTW,ATL,1020,1021.0,1.0,0.0,1225,1223.0,-2.0,0.0,0.0
11057,2016,4,12,28,3,DL,N823DX,1166,ATL,DTW,1628,1624.0,-4.0,0.0,1828,1820.0,-8.0,0.0,0.0
10877,2016,4,12,21,3,DL,N551NW,38,SEA,DTW,950,955.0,5.0,0.0,1710,1645.0,-25.0,0.0,0.0
10159,2016,4,11,29,2,DL,N844DN,39,DTW,SEA,826,826.0,0.0,0.0,1039,957.0,-42.0,0.0,0.0
10766,2016,4,12,17,6,DL,N593NW,1260,MSP,DTW,825,908.0,43.0,1.0,1111,1153.0,42.0,1.0,0.0
11003,2016,4,12,25,7,DL,N928DN,1549,MSP,ATL,1730,1815.0,45.0,1.0,2113,2141.0,28.0,1.0,0.0
10108,2016,4,11,28,1,DL,N859DN,1085,MSP,DTW,2015,2012.0,-3.0,0.0,2300,2309.0,9.0,0.0,0.0
10335,2016,4,12,23,5,DL,N360NW,1476,DTW,MSP,1345,1339.0,-6.0,0.0,1445,1429.0,-16.0,0.0,0.0
10799,2016,4,12,19,1,DL,N843DN,1057,ATL,SEA,1110,1132.0,22.0,1.0,1346,1414.0,28.0,1.0,0.0
11196,2016,4,12,9,5,DL,N554NW,1513,DTW,ATL,1634,1632.0,-2.0,0.0,1840,1827.0,-13.0,0.0,0.0
10683,2016,4,12,13,2,DL,N990AT,2456,MSP,JFK,1025,1024.0,-1.0,0.0,1412,1349.0,-23.0,0.0,0.0
10945,2016,4,12,23,5,DL,N360NW,53,MSP,DTW,1535,1533.0,-2.0,0.0,1812,1858.0,46.0,1.0,0.0
10481,2016,4,12,6,2,DL,N3766,2263,DTW,SEA,1958,1956.0,-2.0,0.0,2203,2138.0,-25.0,0.0,0.0
11051,2016,4,12,27,2,DL,N829DN,1107,ATL,SEA,2119,2119.0,0.0,0.0,2353,2346.0,-7.0,0.0,0.0
10119,2016,4,11,28,1,DL,N965DN,1257,DTW,ATL,840,840.0,0.0,0.0,1049,1048.0,-1.0,0.0,0.0
10996,2016,4,12,25,7,DL,N938DL,603,DTW,MSP,2009,2022.0,13.0,0.0,2115,2116.0,1.0,0.0,0.0
10049,2016,4,11,25,5,DL,N979AT,427,JFK,MSP,1840,1845.0,5.0,0.0,2104,2049.0,-15.0,0.0,0.0
10081,2016,4,11,17,4,DL,N867DN,1085,MSP,DTW,2015,2012.0,-3.0,0.0,2300,2247.0,-13.0,0.0,0.0
10983,2016,4,12,24,6,DL,N596NW,2308,MSP,SEA,1944,1943.0,-1.0,0.0,2142,2128.0,-14.0,0.0,0.0
10204,2016,4,11,7,1,DL,N855DN,1598,SEA,ATL,615,614.0,-1.0,0.0,1400,1347.0,-13.0,0.0,0.0
10761,2016,4,12,17,6,DL,N988DL,603,DTW,MSP,2009,226.0,377.0,1.0,2118,339.0,381.0,1.0,0.0
10891,2016,4,12,21,3,DL,N969DL,1342,MSP,DTW,2012,2011.0,-1.0,0.0,2305,2249.0,-16.0,0.0,0.0
11104,2016,4,12,28,3,DL,N351NW,53,MSP,DTW,1535,1533.0,-2.0,0.0,1812,1806.0,-6.0,0.0,0.0
10680,2016,4,12,13,2,DL,N805DN,2221,MSP,SEA,1120,1123.0,3.0,0.0,1311,1318.0,7.0,0.0,0.0
11098,2016,4,12,30,5,DL,N6708D,87,DTW,MSP,1545,1545.0,0.0,0.0,1651,1704.0,13.0,0.0,0.0
10231,2016,4,11,20,7,DL,N557NW,902,ATL,DTW,1450,1449.0,-1.0,0.0,1655,1643.0,-12.0,0.0,0.0
11184,2016,4,12,2,5,DL,N923AT,2645,JFK,DTW,914,910.0,-4.0,0.0,1130,1055.0,-35.0,0.0,0.0
10181,2016,4,11,30,3,DL,N952DN,2830,MSP,ATL,1114,1107.0,-7.0,0.0,1447,2251.0,,,0.0
10923,2016,4,12,21,3,DL,N859DN,2287,MSP,ATL,1905,1905.0,0.0,0.0,2244,2222.0,-22.0,0.0,0.0
10640,2016,4,12,13,2,DL,N952DL,325,DTW,ATL,1345,1357.0,12.0,0.0,1553,1600.0,7.0,0.0,0.0
10270,2016,4,11,2,3,DL,N828DN,1965,ATL,SEA,1655,1651.0,-4.0,0.0,1926,1904.0,-22.0,0.0,0.0
10990,2016,4,12,23,5,DL,N546US,2329,ATL,SEA,1340,1344.0,4.0,0.0,1615,1601.0,-14.0,0.0,0.0
10864,2016,4,12,20,2,DL,N906DA,1415,ATL,MSP,1745,1744.0,-1.0,0.0,1931,1926.0,-5.0,0.0,0.0
10169,2016,4,11,29,2,DL,N3731T,1107,ATL,SEA,1945,1948.0,3.0,0.0,2226,2209.0,-17.0,0.0,0.0
10823,2016,4,12,19,1,DL,N839DN,2283,DTW,ATL,600,558.0,-2.0,0.0,819,814.0,-5.0,0.0,0.0
10321,2016,4,11,4,5,DL,N918DH,535,ATL,DTW,1905,1902.0,-3.0,0.0,2108,2105.0,-3.0,0.0,0.0
10012,2016,4,11,26,6,DL,N857DZ,1770,SEA,MSP,1525,1524.0,-1.0,0.0,2046,2022.0,-24.0,0.0,0.0
11080,2016,4,12,24,6,DL,N919AT,2645,JFK,DTW,905,905.0,0.0,0.0,1124,1131.0,7.0,0.0,0.0
10401,2016,4,12,3,6,DL,N336NW,1819,ATL,DTW,2220,2220.0,0.0,0.0,20,11.0,-9.0,0.0,0.0
10274,2016,4,11,1,2,DL,N727TW,2554,SEA,JFK,1235,1227.0,-8.0,0.0,2100,2018.0,-42.0,0.0,0.0
10597,2016,4,12,10,6,DL,N906DA,2345,MSP,ATL,1010,1016.0,6.0,0.0,1344,1321.0,-23.0,0.0,0.0
10530,2016,4,12,8,4,DL,N956DL,468,ATL,JFK,1759,1759.0,0.0,0.0,2030,2027.0,-3.0,0.0,0.0
10664,2016,4,12,13,2,DL,N348NB,1750,ATL,JFK,2105,2144.0,39.0,1.0,2328,2336.0,8.0,0.0,0.0
11221,2016,4,12,29,4,DL,N536US,200,MSP,ATL,1300,1258.0,-2.0,0.0,1637,1604.0,-33.0,0.0,0.0
10764,2016,4,12,17,6,DL,N543US,1057,ATL,SEA,1110,1111.0,1.0,0.0,1345,1354.0,9.0,0.0,0.0
10692,2016,4,12,14,3,DL,N943DL,468,ATL,JFK,1759,1754.0,-5.0,0.0,2030,2014.0,-16.0,0.0,0.0
10550,2016,4,12,8,4,DL,N858DZ,2039,ATL,SEA,955,952.0,-3.0,0.0,1233,1236.0,3.0,0.0,0.0
10186,2016,4,11,30,3,DL,N853DN,555,SEA,ATL,800,759.0,-1.0,0.0,1549,1614.0,25.0,1.0,0.0
10628,2016,4,12,12,1,DL,N849DN,200,MSP,ATL,1300,1301.0,1.0,0.0,1634,1620.0,-14.0,0.0,0.0
11152,2016,4,12,31,6,DL,N840DN,39,DTW,SEA,835,834.0,-1.0,0.0,1043,1035.0,-8.0,0.0,0.0
10239,2016,4,11,27,7,DL,N686DA,653,ATL,MSP,2356,2354.0,-2.0,0.0,135,121.0,-14.0,0.0,0.0
10754,2016,4,12,17,6,DL,N988DL,53,MSP,DTW,1535,2250.0,435.0,1.0,1813,129.0,436.0,1.0,0.0
10133,2016,4,11,29,2,DL,N855DN,1783,DTW,SEA,1215,1214.0,-1.0,0.0,1425,1334.0,-51.0,0.0,0.0
10107,2016,4,11,28,1,DL,N807DN,952,SEA,ATL,1215,1221.0,6.0,0.0,2010,1956.0,-14.0,0.0,0.0
11207,2016,4,12,16,5,DL,N584NW,888,ATL,MSP,1948,2042.0,54.0,1.0,2130,2255.0,85.0,1.0,0.0
10341,2016,4,12,1,4,DL,N840DN,200,MSP,ATL,1300,1303.0,3.0,0.0,1634,1615.0,-19.0,0.0,0.0
11042,2016,4,12,27,2,DL,N667DN,325,DTW,ATL,1500,1458.0,-2.0,0.0,1715,1736.0,21.0,1.0,0.0
10769,2016,4,12,17,6,DL,N713TW,1457,SEA,JFK,740,737.0,-3.0,0.0,1604,1624.0,20.0,1.0,0.0
10058,2016,4,11,26,6,DL,N853DN,1339,DTW,MSP,700,659.0,-1.0,0.0,810,745.0,-25.0,0.0,0.0
10685,2016,4,12,13,2,DL,N911DA,2830,MSP,ATL,1114,1113.0,-1.0,0.0,1447,1431.0,-16.0,0.0,0.0
10088,2016,4,11,27,7,DL,N323NB,1357,MSP,DTW,1740,1738.0,-2.0,0.0,2028,2015.0,-13.0,0.0,0.0
10216,2016,4,11,18,5,DL,N591NW,2283,DTW,ATL,620,630.0,10.0,0.0,829,823.0,-6.0,0.0,0.0
10408,2016,4,12,3,6,DL,N865DN,1991,MSP,ATL,520,515.0,-5.0,0.0,847,833.0,-14.0,0.0,0.0
10202,2016,4,11,7,1,DL,N540US,1470,ATL,MSP,1350,1347.0,-3.0,0.0,1530,1519.0,-11.0,0.0,0.0
10414,2016,4,12,4,7,DL,N1610D,16,SEA,ATL,1015,1027.0,12.0,0.0,1808,1746.0,-22.0,0.0,0.0
10873,2016,4,12,20,2,DL,N679DA,325,DTW,ATL,1500,1503.0,3.0,0.0,1715,1655.0,-20.0,0.0,0.0
11006,2016,4,12,25,7,DL,N836DN,2283,DTW,ATL,600,558.0,-2.0,0.0,815,746.0,-29.0,0.0,0.0
10571,2016,4,12,10,6,DL,N3760C,2515,ATL,JFK,1035,1046.0,11.0,0.0,1247,1236.0,-11.0,0.0,0.0
10992,2016,4,12,23,5,DL,N360NW,2469,ATL,DTW,1100,1102.0,2.0,0.0,1259,1247.0,-12.0,0.0,0.0
10027,2016,4,11,26,6,DL,N549US,345,MSP,ATL,1630,1629.0,-1.0,0.0,2006,1946.0,-20.0,0.0,0.0
11044,2016,4,12,27,2,DL,N911DA,453,JFK,ATL,1335,1416.0,41.0,1.0,1615,1635.0,20.0,1.0,0.0
10924,2016,4,12,21,3,DL,N707TW,2350,ATL,JFK,830,832.0,2.0,0.0,1037,1046.0,9.0,0.0,0.0
10793,2016,4,12,18,7,DL,N914DN,603,DTW,MSP,2009,59.0,290.0,1.0,2118,211.0,293.0,1.0,0.0
11155,2016,4,12,31,6,DL,N922DX,356,ATL,MSP,2220,2219.0,-1.0,0.0,2359,2351.0,-8.0,0.0,0.0
10267,2016,4,11,2,3,DL,N858DZ,1598,SEA,ATL,615,615.0,0.0,0.0,1358,1343.0,-15.0,0.0,0.0
10126,2016,4,11,28,1,DL,N321US,1815,MSP,ATL,905,900.0,-5.0,0.0,1240,1238.0,-2.0,0.0,0.0
10167,2016,4,11,30,3,DL,N699DL,1528,ATL,MSP,1630,1626.0,-4.0,0.0,1816,1742.0,-34.0,0.0,0.0
10819,2016,4,12,18,7,DL,N6704Z,2047,MSP,ATL,730,731.0,1.0,0.0,1108,1106.0,-2.0,0.0,0.0
10985,2016,4,12,23,5,DL,N925AT,1900,MSP,DTW,1027,1042.0,15.0,1.0,1312,1311.0,-1.0,0.0,0.0
10593,2016,4,12,10,6,DL,N320US,1783,DTW,SEA,1215,1237.0,22.0,1.0,1422,1518.0,56.0,1.0,0.0
10584,2016,4,12,11,7,DL,N902DA,946,ATL,MSP,2220,2216.0,-4.0,0.0,2359,2352.0,-7.0,0.0,0.0
10892,2016,4,12,21,3,DL,N945DN,1415,ATL,MSP,1745,1743.0,-2.0,0.0,1931,1916.0,-15.0,0.0,0.0
11078,2016,4,12,28,3,DL,N710TW,2350,ATL,JFK,830,829.0,-1.0,0.0,1037,1040.0,3.0,0.0,0.0
10491,2016,4,12,6,2,DL,N3769L,1107,ATL,SEA,1945,1943.0,-2.0,0.0,2226,2204.0,-22.0,0.0,0.0
10090,2016,4,11,27,7,DL,N858DZ,1495,MSP,SEA,1950,2025.0,35.0,1.0,2145,2205.0,20.0,1.0,0.0
10190,2016,4,11,30,3,DL,N824DN,1734,MSP,DTW,1155,1203.0,8.0,0.0,1436,1434.0,-2.0,0.0,0.0
10529,2016,4,12,8,4,DL,N3768,428,JFK,SEA,1335,1336.0,1.0,0.0,1654,1644.0,-10.0,0.0,0.0
10607,2016,4,12,10,6,DL,N942DL,420,ATL,JFK,1410,1409.0,-1.0,0.0,1628,1600.0,-28.0,0.0,0.0
11176,2016,4,12,31,6,DL,N834DN,1598,SEA,ATL,615,616.0,1.0,0.0,1400,1346.0,-14.0,0.0,0.0
10080,2016,4,11,17,4,DL,N553NW,952,SEA,ATL,1215,1213.0,-2.0,0.0,2009,1943.0,-26.0,0.0,0.0
10288,2016,4,11,2,3,DL,N917DN,784,ATL,MSP,845,842.0,-3.0,0.0,1027,1016.0,-11.0,0.0,0.0
10323,2016,4,11,4,5,DL,N587NW,721,MSP,ATL,1315,1315.0,0.0,0.0,1649,1628.0,-21.0,0.0,0.0
10236,2016,4,11,27,7,DL,N3734B,456,JFK,ATL,605,602.0,-3.0,0.0,843,818.0,-25.0,0.0,0.0
10720,2016,4,12,15,4,DL,N3739P,2218,SEA,DTW,600,558.0,-2.0,0.0,1315,1225.0,-50.0,0.0,0.0
10035,2016,4,11,27,7,DL,N812DN,39,DTW,SEA,825,825.0,0.0,0.0,1038,1008.0,-30.0,0.0,0.0
10735,2016,4,12,15,4,DL,N866DN,1900,SEA,MSP,845,844.0,-1.0,0.0,1410,1334.0,-36.0,0.0,0.0
10631,2016,4,12,12,1,DL,N386DA,428,JFK,SEA,1335,1352.0,17.0,1.0,1654,1709.0,15.0,1.0,0.0
10350,2016,4,12,1,4,DL,N913DL,2807,JFK,ATL,830,911.0,41.0,1.0,1115,1136.0,21.0,1.0,0.0
10404,2016,4,12,4,7,DL,N804DN,2221,MSP,SEA,1120,1132.0,12.0,0.0,1311,1319.0,8.0,0.0,0.0
10006,2016,4,11,25,5,DL,N805DN,1260,MSP,DTW,822,825.0,3.0,0.0,1106,1059.0,-7.0,0.0,0.0
11169,2016,4,12,30,5,DL,N540US,1107,ATL,SEA,2119,2203.0,44.0,1.0,2352,29.0,37.0,1.0,0.0
10537,2016,4,12,9,5,DL,N359NW,426,MSP,DTW,630,631.0,1.0,0.0,915,907.0,-8.0,0.0,0.0
10047,2016,4,11,25,5,DL,N587NW,200,MSP,ATL,1315,1314.0,-1.0,0.0,1648,1635.0,-13.0,0.0,0.0
11073,2016,4,12,27,2,DL,N816DN,2308,MSP,SEA,1944,1956.0,12.0,0.0,2145,2139.0,-6.0,0.0,0.0
11205,2016,4,12,15,4,DL,N383DN,1107,ATL,SEA,1945,2025.0,40.0,1.0,2226,2320.0,54.0,1.0,0.0
11016,2016,4,12,26,1,DL,N369NB,468,ATL,JFK,1800,1850.0,50.0,1.0,2025,2117.0,52.0,1.0,0.0
10375,2016,4,12,2,5,DL,N821DN,1734,MSP,DTW,1155,1152.0,-3.0,0.0,1436,1421.0,-15.0,0.0,0.0
10094,2016,4,11,27,7,DL,N699DL,1779,MSP,ATL,2150,2215.0,25.0,1.0,116,128.0,12.0,0.0,0.0
10548,2016,4,12,7,3,DL,N847DN,2329,ATL,SEA,1305,1303.0,-2.0,0.0,1540,1521.0,-19.0,0.0,0.0
10311,2016,4,11,3,4,DL,N810DN,2819,SEA,ATL,1215,1212.0,-3.0,0.0,2005,1943.0,-22.0,0.0,0.0
10301,2016,4,11,3,4,DL,N6705Y,902,ATL,DTW,1449,1445.0,-4.0,0.0,1655,1627.0,-28.0,0.0,0.0
10941,2016,4,12,22,4,DL,N368NW,2469,ATL,DTW,1100,1058.0,-2.0,0.0,1259,1249.0,-10.0,0.0,0.0
11217,2016,4,12,28,3,DL,N810DN,2640,ATL,DTW,917,916.0,-1.0,0.0,1109,1108.0,-1.0,0.0,0.0
10314,2016,4,11,4,5,DL,N959DN,94,DTW,ATL,1205,1204.0,-1.0,0.0,1413,1352.0,-21.0,0.0,0.0
10148,2016,4,11,30,3,DL,N909DE,43,JFK,ATL,1530,1526.0,-4.0,0.0,1818,1834.0,16.0,1.0,0.0
10372,2016,4,12,2,5,DL,N364NW,1470,DTW,MSP,1755,1754.0,-1.0,0.0,1857,1853.0,-4.0,0.0,0.0
10008,2016,4,11,25,5,DL,N809DN,1528,ATL,MSP,1654,1652.0,-2.0,0.0,1838,1822.0,-16.0,0.0,0.0
10594,2016,4,12,10,6,DL,N854DN,1991,MSP,ATL,520,519.0,-1.0,0.0,847,830.0,-17.0,0.0,0.0
10325,2016,4,11,4,5,DL,N956DN,857,MSP,ATL,1112,1106.0,-6.0,0.0,1441,1412.0,-29.0,0.0,0.0
10120,2016,4,11,28,1,DL,N361NW,1357,MSP,DTW,1740,1814.0,34.0,1.0,2028,2058.0,30.0,1.0,0.0
10283,2016,4,11,2,3,DL,N705TW,449,JFK,SEA,1815,1810.0,-5.0,0.0,2138,2128.0,-10.0,0.0,0.0
10898,2016,4,12,21,3,DL,N317NB,2845,JFK,MSP,1650,1648.0,-2.0,0.0,1909,1915.0,6.0,0.0,0.0
10776,2016,4,12,17,6,DL,N946DN,2127,ATL,MSP,2040,2035.0,-5.0,0.0,2223,2156.0,-27.0,0.0,0.0
10885,2016,4,12,21,3,DL,N933DL,603,DTW,MSP,2009,2006.0,-3.0,0.0,2118,2120.0,2.0,0.0,0.0
10019,2016,4,11,25,5,DL,N690DL,2174,DTW,ATL,1750,1749.0,-1.0,0.0,1956,1949.0,-7.0,0.0,0.0
10087,2016,4,11,27,7,DL,N907DA,1257,DTW,ATL,840,903.0,23.0,1.0,1049,1052.0,3.0,0.0,0.0
10835,2016,4,12,20,2,DL,N707TW,2374,SEA,ATL,2330,2333.0,3.0,0.0,710,641.0,-29.0,0.0,0.0
10446,2016,4,12,4,7,DL,N823DN,2329,ATL,SEA,1305,1313.0,8.0,0.0,1540,1545.0,5.0,0.0,0.0
10813,2016,4,12,18,7,DL,N587NW,1513,DTW,ATL,1658,1804.0,66.0,1.0,1911,2055.0,104.0,1.0,0.0
10255,2016,4,11,1,2,DL,N978AT,2021,JFK,ATL,1925,1933.0,8.0,0.0,2206,2146.0,-20.0,0.0,0.0
10201,2016,4,11,7,1,DL,N952DN,1381,ATL,DTW,1912,1915.0,3.0,0.0,2118,2107.0,-11.0,0.0,0.0
10419,2016,4,12,4,7,DL,N903DA,426,MSP,DTW,630,629.0,-1.0,0.0,915,922.0,7.0,0.0,0.0
10833,2016,4,12,20,2,DL,N697DL,2278,SEA,DTW,600,552.0,-8.0,0.0,1321,1248.0,-33.0,0.0,0.0
10370,2016,4,12,2,5,DL,N930DN,1260,MSP,DTW,849,847.0,-2.0,0.0,1130,1122.0,-8.0,0.0,0.0
10101,2016,4,11,28,1,DL,N624AG,412,JFK,SEA,800,758.0,-2.0,0.0,1129,1036.0,-53.0,0.0,0.0
10726,2016,4,12,14,3,DL,N857DZ,1495,MSP,SEA,1950,1948.0,-2.0,0.0,2145,2210.0,25.0,1.0,0.0
10629,2016,4,12,12,1,DL,N659DL,325,DTW,ATL,1345,1354.0,9.0,0.0,1552,1602.0,10.0,0.0,0.0
10946,2016,4,12,23,5,DL,N659DL,95,ATL,DTW,1210,1208.0,-2.0,0.0,1410,1401.0,-9.0,0.0,0.0
10604,2016,4,12,10,6,DL,N330NB,43,JFK,ATL,1530,1523.0,-7.0,0.0,1813,1810.0,-3.0,0.0,0.0
10678,2016,4,12,14,3,DL,N6713Y,1095,DTW,ATL,1535,1542.0,7.0,0.0,1743,1749.0,6.0,0.0,0.0
10867,2016,4,12,19,1,DL,N375NC,2469,ATL,DTW,1100,1059.0,-1.0,0.0,1259,1247.0,-12.0,0.0,0.0
10576,2016,4,12,11,7,DL,N975DL,220,JFK,ATL,1925,2031.0,66.0,1.0,2210,1.0,111.0,1.0,0.0
10679,2016,4,12,14,3,DL,N857DZ,1145,SEA,DTW,2255,2310.0,15.0,1.0,614,546.0,-28.0,0.0,0.0
10248,2016,4,11,1,2,DL,N703TW,984,ATL,JFK,2105,2103.0,-2.0,0.0,2331,2304.0,-27.0,0.0,0.0
10189,2016,4,11,30,3,DL,N953DN,946,ATL,MSP,2220,2219.0,-1.0,0.0,2359,2346.0,-13.0,0.0,0.0
11135,2016,4,12,29,4,DL,N910DL,1715,DTW,ATL,1005,1000.0,-5.0,0.0,1223,1200.0,-23.0,0.0,0.0
11015,2016,4,12,26,1,DL,N393DA,453,JFK,ATL,1335,1338.0,3.0,0.0,1615,1609.0,-6.0,0.0,0.0
10268,2016,4,11,2,3,DL,N861DN,1770,SEA,MSP,1525,1521.0,-4.0,0.0,2046,2031.0,-15.0,0.0,0.0
10916,2016,4,12,23,5,DL,N717TW,1100,ATL,SEA,1925,1924.0,-1.0,0.0,2207,2223.0,16.0,1.0,0.0
11173,2016,4,12,31,6,DL,N659DL,2610,ATL,MSP,725,733.0,8.0,0.0,900,921.0,21.0,1.0,0.0
10957,2016,4,12,24,6,DL,N550NW,356,ATL,MSP,2220,2208.0,-12.0,0.0,2358,2325.0,-33.0,0.0,0.0
11174,2016,4,12,31,6,DL,N957AT,2645,JFK,DTW,910,908.0,-2.0,0.0,1129,1113.0,-16.0,0.0,0.0
10993,2016,4,12,25,7,DL,N960DL,420,ATL,JFK,1212,1312.0,60.0,1.0,1428,1510.0,42.0,1.0,0.0
10041,2016,4,11,24,4,DL,N846DN,2221,MSP,SEA,1115,1114.0,-1.0,0.0,1304,1254.0,-10.0,0.0,0.0
10620,2016,4,12,11,7,DL,N923DL,1750,ATL,JFK,2105,2106.0,1.0,0.0,2331,2329.0,-2.0,0.0,0.0
10535,2016,4,12,9,5,DL,N695DL,201,ATL,MSP,845,844.0,-1.0,0.0,1024,1022.0,-2.0,0.0,0.0
10962,2016,4,12,24,6,DL,N931DN,761,ATL,MSP,1205,1218.0,13.0,0.0,1347,1341.0,-6.0,0.0,0.0
10099,2016,4,11,28,1,DL,N319US,87,DTW,MSP,1555,1705.0,70.0,1.0,1658,1738.0,40.0,1.0,0.0
11133,2016,4,12,28,3,DL,N811DZ,1783,DTW,SEA,1225,1228.0,3.0,0.0,1430,1428.0,-2.0,0.0,0.0
10577,2016,4,12,11,7,DL,N923DN,356,ATL,MSP,2105,2122.0,17.0,1.0,2250,2259.0,9.0,0.0,0.0
10154,2016,4,11,28,1,DL,N953DL,2359,DTW,MSP,1205,1206.0,1.0,0.0,1304,1302.0,-2.0,0.0,0.0
10963,2016,4,12,24,6,DL,N945DL,902,ATL,DTW,1458,1527.0,29.0,1.0,1659,1713.0,14.0,0.0,0.0
10943,2016,4,12,22,4,DL,N315DN,2819,MSP,ATL,1627,1624.0,-3.0,0.0,2003,1942.0,-21.0,0.0,0.0
10111,2016,4,11,29,2,DL,N321US,426,MSP,DTW,630,627.0,-3.0,0.0,915,908.0,-7.0,0.0,0.0
10208,2016,4,11,29,2,DL,N857DZ,2308,SEA,MSP,1330,1331.0,1.0,0.0,1855,1840.0,-15.0,0.0,0.0
10959,2016,4,12,24,6,DL,N624AG,464,JFK,SEA,800,804.0,4.0,0.0,1130,1115.0,-15.0,0.0,0.0
10988,2016,4,12,23,5,DL,N339NW,2219,DTW,MSP,1005,1005.0,0.0,0.0,1109,1100.0,-9.0,0.0,0.0
10262,2016,4,11,2,3,DL,N858DZ,2348,ATL,SEA,2115,2113.0,-2.0,0.0,2350,2316.0,-34.0,0.0,0.0
10076,2016,4,11,27,7,DL,N809DN,2424,SEA,DTW,1406,1401.0,-5.0,0.0,2125,2117.0,-8.0,0.0,0.0
10707,2016,4,12,15,4,DL,N811DZ,721,SEA,MSP,645,643.0,-2.0,0.0,1205,1140.0,-25.0,0.0,0.0
10969,2016,4,12,16,5,DL,N923DN,1815,MSP,ATL,905,940.0,35.0,1.0,1241,1313.0,32.0,1.0,0.0
10613,2016,4,12,11,7,DL,N860DN,1255,ATL,SEA,1650,1647.0,-3.0,0.0,1926,1907.0,-19.0,0.0,0.0
11071,2016,4,12,27,2,DL,N685DA,2193,MSP,SEA,700,707.0,7.0,0.0,855,906.0,11.0,0.0,0.0
10051,2016,4,11,25,5,DL,N832DN,469,JFK,ATL,830,828.0,-2.0,0.0,1113,1039.0,-34.0,0.0,0.0
10702,2016,4,12,15,4,DL,N364NW,426,MSP,DTW,630,635.0,5.0,0.0,915,859.0,-16.0,0.0,0.0
11021,2016,4,12,24,6,DL,N853DN,1528,ATL,MSP,1620,1618.0,-2.0,0.0,1804,1747.0,-17.0,0.0,0.0
10655,2016,4,12,12,1,DL,N587NW,1357,MSP,DTW,1745,1744.0,-1.0,0.0,2035,2026.0,-9.0,0.0,0.0
10653,2016,4,12,12,1,DL,N376NW,1130,DTW,ATL,1910,1909.0,-1.0,0.0,2114,2117.0,3.0,0.0,0.0
10347,2016,4,12,1,4,DL,N697DL,591,MSP,ATL,1940,1940.0,0.0,0.0,2315,2254.0,-21.0,0.0,0.0
11157,2016,4,12,31,6,DL,N323NB,458,JFK,MSP,1826,1841.0,15.0,1.0,2043,2127.0,44.0,1.0,0.0
10163,2016,4,11,30,3,DL,N360NW,1130,DTW,ATL,1910,1907.0,-3.0,0.0,2114,2117.0,3.0,0.0,0.0
10952,2016,4,12,23,5,DL,N362NB,2620,MSP,JFK,1950,2104.0,74.0,1.0,2338,22.0,44.0,1.0,0.0
10742,2016,4,12,16,5,DL,N813DN,87,DTW,MSP,1535,1642.0,67.0,1.0,1640,1741.0,61.0,1.0,0.0
10078,2016,4,11,27,7,DL,N343NB,2620,MSP,JFK,1943,1959.0,16.0,1.0,2329,2346.0,17.0,1.0,0.0
11022,2016,4,12,26,1,DL,N550NW,956,ATL,MSP,1455,1459.0,4.0,0.0,1639,1649.0,10.0,0.0,0.0
10298,2016,4,11,3,4,DL,N319US,677,MSP,DTW,1016,1019.0,3.0,0.0,1303,1254.0,-9.0,0.0,0.0
10646,2016,4,12,13,2,DL,N804DN,595,SEA,ATL,1455,1459.0,4.0,0.0,2244,2153.0,-51.0,0.0,0.0
10060,2016,4,11,26,6,DL,N325US,1476,DTW,MSP,1345,1335.0,-10.0,0.0,1444,1426.0,-18.0,0.0,0.0
10596,2016,4,12,10,6,DL,N860DN,2237,MSP,SEA,1530,1529.0,-1.0,0.0,1716,1741.0,25.0,1.0,0.0
10887,2016,4,12,21,3,DL,N6707A,956,ATL,MSP,1455,1456.0,1.0,0.0,1639,1628.0,-11.0,0.0,0.0
11048,2016,4,12,27,2,DL,N905DA,761,ATL,MSP,1205,1211.0,6.0,0.0,1350,1342.0,-8.0,0.0,0.0
10473,2016,4,12,7,3,DL,N3761R,483,JFK,ATL,605,604.0,-1.0,0.0,843,858.0,15.0,1.0,0.0
10534,2016,4,12,8,4,DL,N588NW,888,ATL,MSP,1948,1947.0,-1.0,0.0,2130,2132.0,2.0,0.0,0.0
10200,2016,4,11,7,1,DL,N535US,1257,DTW,ATL,840,838.0,-2.0,0.0,1048,1035.0,-13.0,0.0,0.0
10918,2016,4,12,23,5,DL,N988DL,1267,ATL,DTW,1740,1738.0,-2.0,0.0,1942,1933.0,-9.0,0.0,0.0
10188,2016,4,11,30,3,DL,N823DN,721,SEA,MSP,645,643.0,-2.0,0.0,1205,1200.0,-5.0,0.0,0.0
10599,2016,4,12,11,7,DL,N855DN,2237,MSP,SEA,1530,1530.0,0.0,0.0,1719,1735.0,16.0,1.0,0.0
11199,2016,4,12,9,5,DL,N863DN,1768,SEA,MSP,845,844.0,-1.0,0.0,1410,1359.0,-11.0,0.0,0.0
10484,2016,4,12,6,2,DL,N698DL,2597,MSP,ATL,630,636.0,6.0,0.0,1002,1007.0,5.0,0.0,0.0
11030,2016,4,12,26,1,DL,N582NW,1625,ATL,DTW,1355,1354.0,-1.0,0.0,1553,1554.0,1.0,0.0,0.0
10616,2016,4,12,11,7,DL,N6704Z,1528,ATL,MSP,1630,1627.0,-3.0,0.0,1816,1758.0,-18.0,0.0,0.0
10336,2016,4,12,23,5,DL,N905DA,1549,MSP,ATL,1730,1731.0,1.0,0.0,2115,2101.0,-14.0,0.0,0.0
10062,2016,4,11,26,6,DL,N550NW,1991,MSP,ATL,520,520.0,0.0,0.0,850,839.0,-11.0,0.0,0.0
10845,2016,4,12,18,7,DL,N988DL,2830,MSP,ATL,1110,1401.0,171.0,1.0,1444,1741.0,177.0,1.0,0.0
10745,2016,4,12,16,5,DL,N314DN,426,MSP,DTW,630,634.0,4.0,0.0,915,922.0,7.0,0.0,0.0
10881,2016,4,12,21,3,DL,N967DL,420,ATL,JFK,1212,1223.0,11.0,0.0,1431,1441.0,10.0,0.0,0.0
11086,2016,4,12,26,1,DL,N1611B,2047,MSP,ATL,730,730.0,0.0,0.0,1105,1140.0,35.0,1.0,0.0
11027,2016,4,12,26,1,DL,N3760C,1410,SEA,JFK,1520,1518.0,-2.0,0.0,2338,2329.0,-9.0,0.0,0.0
10211,2016,4,11,18,5,DL,N989DN,1829,MSP,JFK,1025,1024.0,-1.0,0.0,1412,1402.0,-10.0,0.0,0.0
11029,2016,4,12,26,1,DL,N963DL,1529,DTW,ATL,2028,2030.0,2.0,0.0,2245,2240.0,-5.0,0.0,0.0
10244,2016,4,11,1,2,DL,N583NW,721,MSP,ATL,1315,1311.0,-4.0,0.0,1649,1641.0,-8.0,0.0,0.0
10555,2016,4,12,8,4,DL,N948AT,2456,MSP,JFK,1025,1024.0,-1.0,0.0,1412,1356.0,-16.0,0.0,0.0
10205,2016,4,11,7,1,DL,N862DN,1747,DTW,SEA,1555,1551.0,-4.0,0.0,1804,1724.0,-40.0,0.0,0.0
10700,2016,4,12,15,4,DL,N963DL,220,JFK,ATL,1925,1948.0,23.0,1.0,2210,2253.0,43.0,1.0,0.0
10828,2016,4,12,20,2,DL,N956DN,1815,MSP,ATL,855,854.0,-1.0,0.0,1238,1221.0,-17.0,0.0,0.0
10220,2016,4,11,19,6,DL,N6715C,2464,JFK,SEA,1935,1932.0,-3.0,0.0,2258,2251.0,-7.0,0.0,0.0
11225,2016,4,12,30,5,DL,N810DN,1549,MSP,ATL,1735,1759.0,24.0,1.0,2119,2122.0,3.0,0.0,0.0
10034,2016,4,11,26,6,DL,N964AT,2645,JFK,DTW,910,904.0,-6.0,0.0,1126,1100.0,-26.0,0.0,0.0
10085,2016,4,11,27,7,DL,N359NW,1130,DTW,ATL,1900,2009.0,69.0,1.0,2104,2159.0,55.0,1.0,0.0
11062,2016,4,12,25,7,DL,N331NW,1777,SEA,MSP,645,642.0,-3.0,0.0,1206,1159.0,-7.0,0.0,0.0
10156,2016,4,11,28,1,DL,N825DN,2538,MSP,SEA,800,758.0,-2.0,0.0,955,914.0,-41.0,0.0,0.0
11077,2016,4,12,28,3,DL,N868DN,2287,MSP,ATL,1901,1901.0,0.0,0.0,2240,2231.0,-9.0,0.0,0.0
11010,2016,4,12,26,1,DL,N6700,38,SEA,DTW,950,951.0,1.0,0.0,1710,1710.0,0.0,0.0,0.0
10516,2016,4,12,8,4,DL,N863DN,1255,ATL,SEA,1650,1650.0,0.0,0.0,1926,1942.0,16.0,1.0,0.0
10393,2016,4,12,3,6,DL,N948AT,649,MSP,JFK,1455,1449.0,-6.0,0.0,1845,1755.0,-50.0,0.0,0.0
10944,2016,4,12,23,5,DL,N6701,38,SEA,DTW,950,953.0,3.0,0.0,1710,1707.0,-3.0,0.0,0.0
11126,2016,4,12,29,4,DL,N722TW,1410,SEA,JFK,1315,1313.0,-2.0,0.0,2137,2048.0,-49.0,0.0,0.0
10858,2016,4,12,20,2,DL,N828DN,813,MSP,SEA,1438,1435.0,-3.0,0.0,1625,1638.0,13.0,0.0,0.0
10785,2016,4,12,18,7,DL,N995DL,42,ATL,JFK,1520,,,,1743,,,,1.0
10541,2016,4,12,9,5,DL,N857DZ,589,MSP,SEA,900,903.0,3.0,0.0,1053,1159.0,66.0,1.0,0.0
10547,2016,4,12,7,3,DL,N802DN,2253,MSP,SEA,1755,1751.0,-4.0,0.0,1953,1925.0,-28.0,0.0,0.0
10665,2016,4,12,11,7,DL,N552NW,1095,DTW,ATL,1535,1541.0,6.0,0.0,1743,1815.0,32.0,1.0,0.0
10435,2016,4,12,4,7,DL,N3762Y,1457,SEA,JFK,740,737.0,-3.0,0.0,1606,1519.0,-47.0,0.0,0.0
10568,2016,4,12,5,1,DL,N802DN,1130,DTW,ATL,1910,1908.0,-2.0,0.0,2114,2118.0,4.0,0.0,0.0
10632,2016,4,12,12,1,DL,N923DL,469,JFK,ATL,830,832.0,2.0,0.0,1115,1111.0,-4.0,0.0,0.0
10521,2016,4,12,7,3,DL,N686DA,2597,MSP,ATL,630,627.0,-3.0,0.0,1002,950.0,-12.0,0.0,0.0
11175,2016,4,12,31,6,DL,N624AG,1457,SEA,JFK,740,743.0,3.0,0.0,1603,1530.0,-33.0,0.0,0.0
10809,2016,4,12,17,6,DL,N633DL,1381,ATL,DTW,1920,2020.0,60.0,1.0,2122,2208.0,46.0,1.0,0.0
11013,2016,4,12,26,1,DL,N673DL,325,DTW,ATL,1505,1522.0,17.0,1.0,1719,1722.0,3.0,0.0,0.0
10559,2016,4,12,9,5,DL,N842DN,39,DTW,SEA,826,830.0,4.0,0.0,1039,1109.0,30.0,1.0,0.0
11045,2016,4,12,27,2,DL,N713TW,469,JFK,ATL,805,804.0,-1.0,0.0,1054,1029.0,-25.0,0.0,0.0
11187,2016,4,12,3,6,DL,N627DL,95,ATL,DTW,1235,1249.0,14.0,0.0,1436,1500.0,24.0,1.0,0.0
10528,2016,4,12,8,4,DL,N955DL,420,ATL,JFK,1212,1226.0,14.0,0.0,1430,1427.0,-3.0,0.0,0.0
10134,2016,4,11,29,2,DL,N171DZ,1929,ATL,SEA,810,809.0,-1.0,0.0,1049,1018.0,-31.0,0.0,0.0
10554,2016,4,12,8,4,DL,N354NW,2359,DTW,MSP,1200,1159.0,-1.0,0.0,1257,1306.0,9.0,0.0,0.0
10936,2016,4,12,23,5,DL,N854DN,1783,DTW,SEA,1225,1221.0,-4.0,0.0,1430,1418.0,-12.0,0.0,0.0
10612,2016,4,12,10,6,DL,N937DN,888,ATL,MSP,1948,1948.0,0.0,0.0,2129,2119.0,-10.0,0.0,0.0
10010,2016,4,11,25,5,DL,N855DN,1783,DTW,SEA,1215,1213.0,-2.0,0.0,1420,1406.0,-14.0,0.0,0.0
10487,2016,4,12,7,3,DL,N359NW,53,MSP,DTW,1540,1546.0,6.0,0.0,1820,1816.0,-4.0,0.0,0.0
10309,2016,4,11,4,5,DL,N399DA,1121,DTW,ATL,1925,1923.0,-2.0,0.0,2130,2114.0,-16.0,0.0,0.0
10403,2016,4,12,4,7,DL,N956DN,2088,ATL,MSP,1210,1210.0,0.0,0.0,1350,1342.0,-8.0,0.0,0.0
10636,2016,4,12,13,2,DL,N1613B,16,SEA,ATL,1015,1028.0,13.0,0.0,1808,1804.0,-4.0,0.0,0.0
10942,2016,4,12,22,4,DL,N362NB,2620,MSP,JFK,1950,1949.0,-1.0,0.0,2338,2317.0,-21.0,0.0,0.0
10386,2016,4,12,2,5,DL,N3758Y,2193,MSP,SEA,701,659.0,-2.0,0.0,859,840.0,-19.0,0.0,0.0
10452,2016,4,12,5,1,DL,N920DN,94,DTW,ATL,1205,1203.0,-2.0,0.0,1413,1413.0,0.0,0.0,0.0
10104,2016,4,11,28,1,DL,N956DL,477,JFK,ATL,1730,1719.0,-11.0,0.0,2011,1949.0,-22.0,0.0,0.0
10872,2016,4,12,20,2,DL,N553NW,201,ATL,MSP,840,838.0,-2.0,0.0,1020,1029.0,9.0,0.0,0.0
10383,2016,4,12,1,4,DL,N6716C,1513,DTW,ATL,1634,1632.0,-2.0,0.0,1840,1826.0,-14.0,0.0,0.0
10560,2016,4,12,9,5,DL,N378NW,86,MSP,DTW,1345,1344.0,-1.0,0.0,1625,1608.0,-17.0,0.0,0.0
10694,2016,4,12,14,3,DL,N857DZ,589,MSP,SEA,900,906.0,6.0,0.0,1053,1106.0,13.0,0.0,0.0
10422,2016,4,12,4,7,DL,N3745B,495,JFK,SEA,1940,1937.0,-3.0,0.0,2313,2249.0,-24.0,0.0,0.0
10471,2016,4,12,7,3,DL,N721TW,427,JFK,ATL,1125,1126.0,1.0,0.0,1359,1350.0,-9.0,0.0,0.0
10711,2016,4,12,14,3,DL,N861DN,1783,DTW,SEA,1215,1227.0,12.0,0.0,1425,1437.0,12.0,0.0,0.0
10479,2016,4,12,6,2,DL,N557NW,2060,ATL,DTW,1055,1105.0,10.0,0.0,1250,1306.0,16.0,1.0,0.0
10853,2016,4,12,19,1,DL,N536US,555,SEA,ATL,900,903.0,3.0,0.0,1650,1629.0,-21.0,0.0,0.0
10139,2016,4,11,1,2,DL,N865DN,356,ATL,MSP,2225,2229.0,4.0,0.0,14,2347.0,-27.0,0.0,0.0
10390,2016,4,12,2,5,DL,N943AT,2456,MSP,JFK,1025,1021.0,-4.0,0.0,1412,1345.0,-27.0,0.0,0.0
11112,2016,4,12,28,3,DL,N311DN,811,ATL,MSP,1350,1355.0,5.0,0.0,1532,1526.0,-6.0,0.0,0.0
10165,2016,4,11,30,3,DL,N582NW,1357,MSP,DTW,1745,1743.0,-2.0,0.0,2035,2014.0,-21.0,0.0,0.0
10226,2016,4,11,20,7,DL,N6715C,424,JFK,SEA,1935,1937.0,2.0,0.0,2303,2311.0,8.0,0.0,0.0
10931,2016,4,12,22,4,DL,N817DN,1768,SEA,MSP,815,815.0,0.0,0.0,1342,1326.0,-16.0,0.0,0.0
10180,2016,4,11,30,3,DL,N947DL,2807,JFK,ATL,830,830.0,0.0,0.0,1115,1058.0,-17.0,0.0,0.0
10191,2016,4,11,30,3,DL,N859DN,1770,SEA,MSP,1525,1521.0,-4.0,0.0,2046,2033.0,-13.0,0.0,0.0
10306,2016,4,11,3,4,DL,N695DL,1471,ATL,MSP,1755,1753.0,-2.0,0.0,1940,1934.0,-6.0,0.0,0.0
10731,2016,4,12,15,4,DL,N900PC,1513,DTW,ATL,1634,1646.0,12.0,0.0,1840,1832.0,-8.0,0.0,0.0
11228,2016,4,12,30,5,DL,N583NW,1823,DTW,SEA,1959,1959.0,0.0,0.0,2210,2154.0,-16.0,0.0,0.0
11083,2016,4,12,25,7,DL,N547US,200,MSP,ATL,1300,1306.0,6.0,0.0,1635,1646.0,11.0,0.0,0.0
10977,2016,4,12,24,6,DL,N697DL,1640,DTW,ATL,710,710.0,0.0,0.0,931,923.0,-8.0,0.0,0.0
10752,2016,4,12,16,5,DL,N3755D,2649,ATL,DTW,900,857.0,-3.0,0.0,1059,1056.0,-3.0,0.0,0.0
10904,2016,4,12,22,4,DL,N387DA,460,JFK,SEA,1115,1113.0,-2.0,0.0,1433,1444.0,11.0,0.0,0.0
10705,2016,4,12,15,4,DL,N860DN,555,SEA,ATL,800,804.0,4.0,0.0,1549,1519.0,-30.0,0.0,0.0
11195,2016,4,12,9,5,DL,N397DA,1457,SEA,JFK,740,750.0,10.0,0.0,1606,1608.0,2.0,0.0,0.0
10893,2016,4,12,21,3,DL,N324US,1476,DTW,MSP,1345,1350.0,5.0,0.0,1445,1445.0,0.0,0.0,0.0
10804,2016,4,12,19,1,DL,N590NW,1513,DTW,ATL,1658,1700.0,2.0,0.0,1911,1900.0,-11.0,0.0,0.0
11065,2016,4,12,27,2,DL,N590NW,1625,ATL,DTW,1355,1441.0,46.0,1.0,1553,1626.0,33.0,1.0,0.0
10242,2016,4,11,27,7,DL,N685DA,968,SEA,ATL,745,745.0,0.0,0.0,1533,1512.0,-21.0,0.0,0.0
10017,2016,4,11,25,5,DL,N1607B,1929,ATL,SEA,815,814.0,-1.0,0.0,1054,1043.0,-11.0,0.0,0.0
10363,2016,4,12,1,4,DL,N864DN,1991,MSP,ATL,520,515.0,-5.0,0.0,850,830.0,-20.0,0.0,0.0
11018,2016,4,12,26,1,DL,N978DL,603,DTW,MSP,2009,2129.0,80.0,1.0,2118,2222.0,64.0,1.0,0.0
10729,2016,4,12,15,4,DL,N859DN,1342,MSP,DTW,2012,2115.0,63.0,1.0,2257,2339.0,42.0,1.0,0.0
10638,2016,4,12,13,2,DL,N310NW,86,MSP,DTW,1345,1427.0,42.0,1.0,1625,1655.0,30.0,1.0,0.0
10207,2016,4,11,29,2,DL,N853DN,2237,MSP,SEA,1530,1527.0,-3.0,0.0,1719,1658.0,-21.0,0.0,0.0
10880,2016,4,12,21,3,DL,N3739P,256,ATL,DTW,2225,2226.0,1.0,0.0,20,23.0,3.0,0.0,0.0
11093,2016,4,12,26,1,DL,N987AT,2645,JFK,DTW,910,919.0,9.0,0.0,1130,1136.0,6.0,0.0,0.0
10675,2016,4,12,12,1,DL,N386DA,2515,ATL,JFK,1035,1049.0,14.0,0.0,1249,1256.0,7.0,0.0,0.0
10275,2016,4,11,1,2,DL,N925DL,2792,JFK,ATL,1720,1721.0,1.0,0.0,1955,1941.0,-14.0,0.0,0.0
10619,2016,4,12,11,7,DL,N838DN,1747,DTW,SEA,1545,,,,1754,,,,1.0
10345,2016,4,12,1,4,DL,N902DE,468,ATL,JFK,1759,1756.0,-3.0,0.0,2030,2001.0,-29.0,0.0,0.0
11115,2016,4,12,29,4,DL,N927AT,421,DTW,JFK,1955,1954.0,-1.0,0.0,2145,2153.0,8.0,0.0,0.0
11024,2016,4,12,26,1,DL,N6716C,1130,DTW,ATL,1918,1951.0,33.0,1.0,2127,2155.0,28.0,1.0,0.0
10493,2016,4,12,6,2,DL,N856DN,1339,DTW,MSP,700,658.0,-2.0,0.0,810,750.0,-20.0,0.0,0.0
10340,2016,4,12,1,4,DL,N364NW,86,MSP,DTW,1345,1343.0,-2.0,0.0,1625,1616.0,-9.0,0.0,0.0
10175,2016,4,11,30,3,DL,N862DN,2237,MSP,SEA,1530,1529.0,-1.0,0.0,1719,1652.0,-27.0,0.0,0.0
11009,2016,4,12,25,7,DL,N624AG,2641,JFK,ATL,605,618.0,13.0,0.0,844,829.0,-15.0,0.0,0.0
10320,2016,4,11,4,5,DL,N171DN,477,JFK,ATL,1720,1719.0,-1.0,0.0,1950,1925.0,-25.0,0.0,0.0
10791,2016,4,12,18,7,DL,N3735D,453,JFK,ATL,1335,1621.0,166.0,1.0,1615,1926.0,191.0,1.0,0.0
11025,2016,4,12,26,1,DL,N549US,1255,ATL,SEA,1745,1807.0,22.0,1.0,2024,2041.0,17.0,1.0,0.0
10478,2016,4,12,5,1,DL,N718TW,2350,ATL,JFK,810,826.0,16.0,1.0,1022,1026.0,4.0,0.0,0.0
10723,2016,4,12,15,4,DL,N389DA,2374,SEA,ATL,2255,2251.0,-4.0,0.0,634,555.0,-39.0,0.0,0.0
11066,2016,4,12,27,2,DL,N833DN,1747,DTW,SEA,1536,1534.0,-2.0,0.0,1740,1726.0,-14.0,0.0,0.0
10482,2016,4,12,6,2,DL,N963DN,2345,MSP,ATL,1010,1035.0,25.0,1.0,1345,1421.0,36.0,1.0,0.0
11105,2016,4,12,28,3,DL,N635DL,95,ATL,DTW,1210,1208.0,-2.0,0.0,1410,1401.0,-9.0,0.0,0.0
10525,2016,4,12,8,4,DL,N349NW,86,MSP,DTW,1345,1343.0,-2.0,0.0,1625,1624.0,-1.0,0.0,0.0
11230,2016,4,12,30,5,DL,N843DN,2005,ATL,DTW,725,723.0,-2.0,0.0,925,913.0,-12.0,0.0,0.0
10424,2016,4,12,4,7,DL,N678DL,632,ATL,MSP,1340,1404.0,24.0,1.0,1518,1550.0,32.0,1.0,0.0
10329,2016,4,11,5,6,DL,N6716C,1856,MSP,DTW,1530,1912.0,222.0,1.0,1809,2144.0,215.0,1.0,0.0
11146,2016,4,12,31,6,DL,N328NW,1260,MSP,DTW,848,906.0,18.0,1.0,1131,1135.0,4.0,0.0,0.0
10326,2016,4,11,4,5,DL,N689DL,945,DTW,MSP,700,654.0,-6.0,0.0,800,738.0,-22.0,0.0,0.0
10531,2016,4,12,8,4,DL,N3733Z,495,JFK,SEA,1940,1937.0,-3.0,0.0,2313,2328.0,15.0,1.0,0.0
10430,2016,4,12,5,1,DL,N937AT,649,MSP,JFK,1455,1454.0,-1.0,0.0,1845,1819.0,-26.0,0.0,0.0
11200,2016,4,12,9,5,DL,N323US,1819,ATL,DTW,2220,2220.0,0.0,0.0,22,5.0,-17.0,0.0,0.0
10059,2016,4,11,26,6,DL,N702TW,1410,SEA,JFK,1515,1511.0,-4.0,0.0,2334,2309.0,-25.0,0.0,0.0
10013,2016,4,11,26,6,DL,N818DA,1823,DTW,SEA,1955,1951.0,-4.0,0.0,2200,2156.0,-4.0,0.0,0.0
10844,2016,4,12,18,7,DL,N586NW,2638,SEA,DTW,2315,2315.0,0.0,0.0,635,615.0,-20.0,0.0,0.0
10439,2016,4,12,4,7,DL,N861DN,1768,SEA,MSP,845,842.0,-3.0,0.0,1410,1336.0,-34.0,0.0,0.0
11197,2016,4,12,9,5,DL,N6714Q,1563,MSP,ATL,730,755.0,25.0,1.0,1104,1124.0,20.0,1.0,0.0
10553,2016,4,12,8,4,DL,N858DZ,2308,SEA,MSP,1330,1347.0,17.0,1.0,1855,1856.0,1.0,0.0,0.0
10810,2016,4,12,18,7,DL,N544US,1255,ATL,SEA,1745,1749.0,4.0,0.0,2024,2037.0,13.0,0.0,0.0
10888,2016,4,12,21,3,DL,N845DN,1057,ATL,SEA,1110,1108.0,-2.0,0.0,1346,1348.0,2.0,0.0,0.0
10091,2016,4,11,27,7,DL,N3759,1549,MSP,ATL,1745,1814.0,29.0,1.0,2123,2132.0,9.0,0.0,0.0
10639,2016,4,12,13,2,DL,N843DN,200,MSP,ATL,1300,1259.0,-1.0,0.0,1634,1615.0,-19.0,0.0,0.0
10322,2016,4,11,4,5,DL,N688DL,629,ATL,DTW,905,904.0,-1.0,0.0,1103,1059.0,-4.0,0.0,0.0
10836,2016,4,12,20,2,DL,N937DN,2515,ATL,JFK,1030,1031.0,1.0,0.0,1243,1229.0,-14.0,0.0,0.0
10331,2016,4,11,5,6,DL,N590NW,2005,ATL,DTW,725,723.0,-2.0,0.0,921,912.0,-9.0,0.0,0.0
10659,2016,4,12,13,2,DL,N857DZ,1339,DTW,MSP,700,658.0,-2.0,0.0,810,810.0,0.0,0.0,0.0
11032,2016,4,12,26,1,DL,N832DN,1783,DTW,SEA,1225,1223.0,-2.0,0.0,1430,1417.0,-13.0,0.0,0.0
10053,2016,4,11,26,6,DL,N839DN,952,SEA,ATL,1215,1218.0,3.0,0.0,2010,1948.0,-22.0,0.0,0.0
11089,2016,4,12,26,1,DL,N823DN,2308,MSP,SEA,1944,1959.0,15.0,1.0,2145,2140.0,-5.0,0.0,0.0
10003,2016,4,11,25,5,DL,N822DN,967,ATL,SEA,1115,1113.0,-2.0,0.0,1343,1330.0,-13.0,0.0,0.0
10496,2016,4,12,6,2,DL,N913DE,1549,MSP,ATL,1745,1742.0,-3.0,0.0,2125,2103.0,-22.0,0.0,0.0
10512,2016,4,12,7,3,DL,N963DN,1260,MSP,DTW,849,903.0,14.0,0.0,1130,1147.0,17.0,1.0,0.0
10256,2016,4,11,1,2,DL,N856DN,2193,MSP,SEA,700,658.0,-2.0,0.0,845,841.0,-4.0,0.0,0.0
10048,2016,4,11,25,5,DL,N672DL,345,MSP,ATL,1630,1629.0,-1.0,0.0,2004,1938.0,-26.0,0.0,0.0
10979,2016,4,12,24,6,DL,N586NW,1823,DTW,SEA,2001,2001.0,0.0,0.0,2205,2146.0,-19.0,0.0,0.0
10464,2016,4,12,6,2,DL,N364NB,429,JFK,MSP,715,717.0,2.0,0.0,935,928.0,-7.0,0.0,0.0
10215,2016,4,11,18,5,DL,N3737C,2221,MSP,SEA,1120,1118.0,-2.0,0.0,1311,1302.0,-9.0,0.0,0.0
10572,2016,4,12,10,6,DL,N990AT,2645,JFK,DTW,914,907.0,-7.0,0.0,1127,1120.0,-7.0,0.0,0.0
10822,2016,4,12,19,1,DL,N850DN,2221,MSP,SEA,1119,1117.0,-2.0,0.0,1311,1314.0,3.0,0.0,0.0
10072,2016,4,11,27,7,DL,N857DZ,2193,MSP,SEA,700,659.0,-1.0,0.0,858,854.0,-4.0,0.0,0.0
10857,2016,4,12,20,2,DL,N951DL,603,DTW,MSP,2009,2008.0,-1.0,0.0,2118,2107.0,-11.0,0.0,0.0
11138,2016,4,12,29,4,DL,N552NW,1901,ATL,SEA,1530,1529.0,-1.0,0.0,1806,1817.0,11.0,0.0,0.0
10002,2016,4,11,25,5,DL,N690DL,902,ATL,DTW,1450,1448.0,-2.0,0.0,1654,1626.0,-28.0,0.0,0.0
11124,2016,4,12,29,4,DL,N823DX,1166,ATL,DTW,1628,1625.0,-3.0,0.0,1828,1819.0,-9.0,0.0,0.0
10912,2016,4,12,23,5,DL,N809DN,589,MSP,SEA,900,921.0,21.0,1.0,1055,1105.0,10.0,0.0,0.0
10241,2016,4,11,27,7,DL,N808DN,946,ATL,MSP,2220,2217.0,-3.0,0.0,2359,2344.0,-15.0,0.0,0.0
10860,2016,4,12,20,2,DL,N823DN,1057,ATL,SEA,1110,1111.0,1.0,0.0,1346,1359.0,13.0,0.0,0.0
10997,2016,4,12,25,7,DL,N834DN,715,MSP,SEA,1545,1646.0,61.0,1.0,1727,1802.0,35.0,1.0,0.0
11212,2016,4,12,16,5,DL,N383DN,1457,SEA,JFK,740,741.0,1.0,0.0,1606,1558.0,-8.0,0.0,0.0
11036,2016,4,12,27,2,DL,N323NB,2620,MSP,JFK,1950,2003.0,13.0,0.0,2338,2326.0,-12.0,0.0,0.0
10870,2016,4,12,20,2,DL,N913DL,42,ATL,JFK,1520,1519.0,-1.0,0.0,1743,1717.0,-26.0,0.0,0.0
10966,2016,4,12,24,6,DL,N3750D,1166,ATL,DTW,1628,1629.0,1.0,0.0,1826,1810.0,-16.0,0.0,0.0
10824,2016,4,12,19,1,DL,N923DN,2345,MSP,ATL,955,954.0,-1.0,0.0,1336,1311.0,-25.0,0.0,0.0
10428,2016,4,12,5,1,DL,N394DA,505,SEA,JFK,2235,2245.0,10.0,0.0,652,644.0,-8.0,0.0,0.0
10660,2016,4,12,13,2,DL,N814DN,1415,ATL,MSP,1725,1723.0,-2.0,0.0,1910,1902.0,-8.0,0.0,0.0
10908,2016,4,12,22,4,DL,N817DN,813,MSP,SEA,1438,1436.0,-2.0,0.0,1625,1607.0,-18.0,0.0,0.0
10073,2016,4,11,27,7,DL,N825DN,2237,MSP,SEA,1530,1524.0,-6.0,0.0,1719,1703.0,-16.0,0.0,0.0
10117,2016,4,11,29,2,DL,N925DN,946,ATL,MSP,2220,2219.0,-1.0,0.0,2359,2343.0,-16.0,0.0,0.0
11103,2016,4,12,28,3,DL,N553NW,38,SEA,DTW,950,1016.0,26.0,1.0,1710,1706.0,-4.0,0.0,0.0
10915,2016,4,12,23,5,DL,N549US,968,SEA,ATL,745,808.0,23.0,1.0,1537,1544.0,7.0,0.0,0.0
11127,2016,4,12,29,4,DL,N377NW,1476,DTW,MSP,1345,1341.0,-4.0,0.0,1445,1426.0,-19.0,0.0,0.0
10367,2016,4,12,1,4,DL,N909DA,2345,MSP,ATL,1010,1005.0,-5.0,0.0,1345,1341.0,-4.0,0.0,0.0
10005,2016,4,11,25,5,DL,N843DN,1247,SEA,ATL,900,854.0,-6.0,0.0,1651,1615.0,-36.0,0.0,0.0
11151,2016,4,12,30,5,DL,N950DL,2830,MSP,ATL,1110,1105.0,-5.0,0.0,1444,1412.0,-32.0,0.0,0.0
11166,2016,4,12,30,5,DL,N952DN,761,ATL,MSP,1205,1212.0,7.0,0.0,1350,1403.0,13.0,0.0,0.0
11156,2016,4,12,31,6,DL,N3759,425,JFK,SEA,1500,1546.0,46.0,1.0,1823,1921.0,58.0,1.0,0.0
10453,2016,4,12,5,1,DL,N958DL,220,JFK,ATL,1925,2008.0,43.0,1.0,2210,2255.0,45.0,1.0,0.0
10330,2016,4,11,5,6,DL,N813DN,1965,ATL,SEA,1655,1710.0,15.0,1.0,1922,1905.0,-17.0,0.0,0.0
10840,2016,4,12,21,3,DL,N823DN,1747,DTW,SEA,1536,1536.0,0.0,0.0,1740,1734.0,-6.0,0.0,0.0
10011,2016,4,11,25,5,DL,N583NW,1865,DTW,MSP,830,825.0,-5.0,0.0,933,911.0,-22.0,0.0,0.0
10994,2016,4,12,25,7,DL,N375DA,453,JFK,ATL,1335,1333.0,-2.0,0.0,1611,1552.0,-19.0,0.0,0.0
11005,2016,4,12,25,7,DL,N957DL,2047,MSP,ATL,730,730.0,0.0,0.0,1108,1111.0,3.0,0.0,0.0
10709,2016,4,12,13,2,DL,N988DL,2060,ATL,DTW,1055,1059.0,4.0,0.0,1251,1249.0,-2.0,0.0,0.0
10264,2016,4,11,2,3,DL,N927DN,1267,ATL,DTW,1800,1757.0,-3.0,0.0,2001,1944.0,-17.0,0.0,0.0
11090,2016,4,12,26,1,DL,N987AT,2359,DTW,MSP,1210,1304.0,54.0,1.0,1315,1411.0,56.0,1.0,0.0
10056,2016,4,11,26,6,DL,N345NW,1220,MSP,DTW,630,622.0,-8.0,0.0,915,856.0,-19.0,0.0,0.0
10250,2016,4,11,1,2,DL,N387DA,1267,ATL,DTW,1800,1759.0,-1.0,0.0,2000,1952.0,-8.0,0.0,0.0
10625,2016,4,12,12,1,DL,N838DN,38,SEA,DTW,935,,,,1655,,,,1.0
11181,2016,4,12,31,6,DL,N377NW,2174,DTW,ATL,1755,1753.0,-2.0,0.0,2004,1954.0,-10.0,0.0,0.0
10054,2016,4,11,26,6,DL,N373DA,984,ATL,JFK,2110,2110.0,0.0,0.0,2334,2319.0,-15.0,0.0,0.0
10602,2016,4,12,11,7,DL,N379DA,2515,ATL,JFK,1035,1034.0,-1.0,0.0,1249,1233.0,-16.0,0.0,0.0
10233,2016,4,11,27,7,DL,N535US,345,MSP,ATL,1630,1627.0,-3.0,0.0,2006,1950.0,-16.0,0.0,0.0
10084,2016,4,11,27,7,DL,N866DN,1085,MSP,DTW,2015,2013.0,-2.0,0.0,2300,2248.0,-12.0,0.0,0.0
11222,2016,4,12,29,4,DL,N842DN,269,SEA,ATL,1445,1510.0,25.0,1.0,2232,2232.0,0.0,0.0,0.0
10623,2016,4,12,11,7,DL,N1402A,2610,ATL,MSP,725,722.0,-3.0,0.0,900,953.0,53.0,1.0,0.0
10968,2016,4,12,16,5,DL,N841DN,1750,ATL,JFK,2105,2104.0,-1.0,0.0,2329,2306.0,-23.0,0.0,0.0
10125,2016,4,11,28,1,DL,N3745B,1750,ATL,JFK,2110,2117.0,7.0,0.0,2336,2332.0,-4.0,0.0,0.0
11053,2016,4,12,27,2,DL,N913DE,1267,ATL,DTW,1740,1737.0,-3.0,0.0,1942,1933.0,-9.0,0.0,0.0
10187,2016,4,11,30,3,DL,N368NW,593,ATL,MSP,1455,1537.0,42.0,1.0,1641,1657.0,16.0,1.0,0.0
10536,2016,4,12,9,5,DL,N965DN,356,ATL,MSP,2105,2121.0,16.0,1.0,2250,2302.0,12.0,0.0,0.0
10650,2016,4,12,13,2,DL,N860DN,1255,ATL,SEA,1650,1650.0,0.0,0.0,1926,1955.0,29.0,1.0,0.0
10151,2016,4,11,28,1,DL,N808DN,2193,MSP,SEA,700,658.0,-2.0,0.0,858,819.0,-39.0,0.0,0.0
10900,2016,4,12,22,4,DL,N586NW,87,DTW,MSP,1545,1545.0,0.0,0.0,1651,1644.0,-7.0,0.0,0.0
10663,2016,4,12,13,2,DL,N6713Y,1640,DTW,ATL,725,727.0,2.0,0.0,934,957.0,23.0,1.0,0.0
10388,2016,4,12,2,5,DL,N866DN,2308,SEA,MSP,1330,1327.0,-3.0,0.0,1855,1843.0,-12.0,0.0,0.0
10137,2016,4,11,1,2,DL,N839DN,87,DTW,MSP,1750,1749.0,-1.0,0.0,1857,1845.0,-12.0,0.0,0.0
10771,2016,4,12,17,6,DL,N859DN,1640,DTW,ATL,710,715.0,5.0,0.0,935,933.0,-2.0,0.0,0.0
10172,2016,4,11,29,2,DL,N378NW,1381,ATL,DTW,1914,1919.0,5.0,0.0,2118,2105.0,-13.0,0.0,0.0
10757,2016,4,12,17,6,DL,N831DN,269,SEA,ATL,1445,1553.0,68.0,1.0,2232,2319.0,47.0,1.0,0.0
10503,2016,4,12,7,3,DL,N3732J,1747,DTW,SEA,1545,1543.0,-2.0,0.0,1754,1734.0,-20.0,0.0,0.0
10579,2016,4,12,11,7,DL,N951AT,438,JFK,MSP,1600,1555.0,-5.0,0.0,1824,1826.0,2.0,0.0,0.0
10989,2016,4,12,23,5,DL,N825DN,2278,SEA,DTW,600,556.0,-4.0,0.0,1322,1257.0,-25.0,0.0,0.0
10455,2016,4,12,5,1,DL,N845DN,2424,SEA,DTW,1406,1405.0,-1.0,0.0,2125,2101.0,-24.0,0.0,0.0
10223,2016,4,11,20,7,DL,N867DN,53,MSP,DTW,1605,1605.0,0.0,0.0,1848,1830.0,-18.0,0.0,0.0
10958,2016,4,12,24,6,DL,N382DA,425,JFK,SEA,1500,1454.0,-6.0,0.0,1823,1808.0,-15.0,0.0,0.0
10921,2016,4,12,21,3,DL,N368NW,2174,DTW,ATL,1755,1837.0,42.0,1.0,2005,2035.0,30.0,1.0,0.0
10177,2016,4,11,30,3,DL,N314US,2359,DTW,MSP,1200,1157.0,-3.0,0.0,1257,1236.0,-21.0,0.0,0.0
10670,2016,4,12,12,1,DL,N659DL,2060,ATL,DTW,1055,1101.0,6.0,0.0,1250,1256.0,6.0,0.0,0.0
10938,2016,4,12,22,4,DL,N804DN,2283,DTW,ATL,600,557.0,-3.0,0.0,819,747.0,-32.0,0.0,0.0
11037,2016,4,12,27,2,DL,N312DN,2819,MSP,ATL,1627,1631.0,4.0,0.0,2003,1951.0,-12.0,0.0,0.0
10374,2016,4,12,2,5,DL,N6707A,1564,SEA,JFK,1320,1332.0,12.0,0.0,2142,2141.0,-1.0,0.0,0.0
10509,2016,4,12,7,3,DL,N587NW,888,ATL,MSP,1948,1957.0,9.0,0.0,2130,2131.0,1.0,0.0,0.0
10538,2016,4,12,9,5,DL,N945AT,438,JFK,MSP,1600,1553.0,-7.0,0.0,1824,1804.0,-20.0,0.0,0.0
10767,2016,4,12,17,6,DL,N811DZ,2440,SEA,MSP,30,40.0,10.0,0.0,548,546.0,-2.0,0.0,0.0
10851,2016,4,12,19,1,DL,N3754A,453,JFK,ATL,1335,1334.0,-1.0,0.0,1615,1620.0,5.0,0.0,0.0
10299,2016,4,11,3,4,DL,N684DA,748,ATL,DTW,1055,1055.0,0.0,0.0,1254,1246.0,-8.0,0.0,0.0
10160,2016,4,11,29,2,DL,N369NW,86,MSP,DTW,1345,1343.0,-2.0,0.0,1625,1620.0,-5.0,0.0,0.0
10876,2016,4,12,20,2,DL,N317NB,475,JFK,MSP,1650,1649.0,-1.0,0.0,1909,1902.0,-7.0,0.0,0.0
10050,2016,4,11,25,5,DL,N922AT,438,JFK,MSP,1605,1554.0,-11.0,0.0,1826,1749.0,-37.0,0.0,0.0
10895,2016,4,12,21,3,DL,N590NW,2440,SEA,MSP,30,48.0,18.0,1.0,548,527.0,-21.0,0.0,0.0
10765,2016,4,12,17,6,DL,N1613B,1144,SEA,ATL,1015,1014.0,-1.0,0.0,1808,1750.0,-18.0,0.0,0.0
10800,2016,4,12,19,1,DL,N1611B,1144,SEA,ATL,1015,1019.0,4.0,0.0,1808,1741.0,-27.0,0.0,0.0
10032,2016,4,11,26,6,DL,N853DN,589,MSP,SEA,905,904.0,-1.0,0.0,1056,1049.0,-7.0,0.0,0.0
10257,2016,4,11,1,2,DL,N589NW,2253,MSP,SEA,1755,1752.0,-3.0,0.0,1942,2001.0,19.0,1.0,0.0
10238,2016,4,11,27,7,DL,N710TW,491,JFK,SEA,1105,1103.0,-2.0,0.0,1422,1404.0,-18.0,0.0,0.0
10494,2016,4,12,6,2,DL,N802DN,1415,ATL,MSP,1725,1739.0,14.0,0.0,1910,1938.0,28.0,1.0,0.0
10495,2016,4,12,6,2,DL,N856DN,1495,MSP,SEA,1950,1946.0,-4.0,0.0,2145,2118.0,-27.0,0.0,0.0
10917,2016,4,12,23,5,DL,N587NW,1145,SEA,DTW,1148,1217.0,29.0,1.0,1914,1930.0,16.0,1.0,0.0
10480,2016,4,12,6,2,DL,N360NW,2219,DTW,MSP,1000,958.0,-2.0,0.0,1057,1118.0,21.0,1.0,0.0
10486,2016,4,12,7,3,DL,N861DN,38,SEA,DTW,935,944.0,9.0,0.0,1655,1639.0,-16.0,0.0,0.0
10674,2016,4,12,12,1,DL,N386DA,2374,SEA,ATL,2255,2254.0,-1.0,0.0,634,559.0,-35.0,0.0,0.0
10684,2016,4,12,13,2,DL,N555NW,2610,ATL,MSP,725,731.0,6.0,0.0,900,906.0,6.0,0.0,0.0
11014,2016,4,12,26,1,DL,N995DL,420,ATL,JFK,1212,1241.0,29.0,1.0,1431,1438.0,7.0,0.0,0.0
10354,2016,4,12,2,5,DL,N681DA,325,DTW,ATL,1345,1341.0,-4.0,0.0,1552,1531.0,-21.0,0.0,0.0
10961,2016,4,12,24,6,DL,N323NB,603,DTW,MSP,2009,2010.0,1.0,0.0,2113,2105.0,-8.0,0.0,0.0
10699,2016,4,12,15,4,DL,N931DN,94,DTW,ATL,1205,1233.0,28.0,1.0,1413,1418.0,5.0,0.0,0.0
10474,2016,4,12,5,1,DL,N635DL,2005,ATL,DTW,725,723.0,-2.0,0.0,921,927.0,6.0,0.0,0.0
10527,2016,4,12,8,4,DL,N627DL,325,DTW,ATL,1345,1409.0,24.0,1.0,1552,1628.0,36.0,1.0,0.0
