FlightID,Date,Scheduled Time,Marketing Airline,FlightNumber,Origin Airport,Destination Airport,Scheduled Price
1000,2023-01-01,05:00:00,SW,1000,DFW,JFK,456.81
1001,2023-01-31,05:15:00,AA,1001,DEN,JFK,190.84
1002,2023-01-05,05:30:00,SW,1002,ORD,DFW,547.16
1003,2023-01-19,05:45:00,SW,1003,JFK,DEN,427.16
1004,2023-02-04,06:00:00,BA,1004,DFW,ORD,241.04
1005,2023-02-09,06:15:00,DL,1005,DFW,JFK,545.64
1006,2023-02-06,06:30:00,SW,1006,DEN,SFO,270.84
1007,2023-01-05,06:45:00,UA,1007,SFO,LAX,121.41
1008,2023-02-06,07:00:00,DL,1008,JFK,DFW,579.35
1009,2023-01-03,07:15:00,UA,1009,DFW,DFW,222.55
1010,2023-01-12,07:30:00,UA,1010,JFK,ATL,539.77
1011,2023-02-02,07:45:00,UA,1011,DFW,JFK,392.33
1012,2023-01-21,08:00:00,AA,1012,JFK,ATL,575.34
1013,2023-01-23,08:15:00,BA,1013,LAX,JFK,516.79
1014,2023-02-05,08:30:00,BA,1014,ORD,DFW,408.4
1015,2023-02-04,08:45:00,SW,1015,DEN,DEN,238.18
1016,2023-01-29,09:00:00,AA,1016,ORD,JFK,588.73
1017,2023-02-10,09:15:00,SW,1017,ORD,LAX,426.44
1018,2023-01-19,09:30:00,AA,1018,ORD,DEN,174.97
1019,2023-01-03,09:45:00,SW,1019,JFK,LAX,204.45
1020,2023-02-05,10:00:00,AA,1020,DEN,ORD,271.79
1021,2023-01-30,10:15:00,DL,1021,DEN,DEN,349.15
1022,2023-02-04,10:30:00,BA,1022,ATL,ATL,251.57
1023,2023-02-02,10:45:00,SW,1023,ORD,DFW,177.6
1024,2023-02-08,11:00:00,AA,1024,DFW,DEN,472.11
1025,2023-01-10,11:15:00,BA,1025,DEN,LAX,123.11
1026,2023-01-18,11:30:00,AA,1026,DEN,ATL,189.16
1027,2023-01-30,11:45:00,SW,1027,SFO,SFO,330.52
1028,2023-01-08,12:00:00,SW,1028,ATL,DFW,237.93
1029,2023-02-04,12:15:00,DL,1029,LAX,DFW,538.87
1030,2023-01-15,12:30:00,BA,1030,DEN,JFK,372.34
1031,2023-01-09,12:45:00,UA,1031,SFO,SFO,588.02
1032,2023-01-06,13:00:00,UA,1032,ATL,ATL,481.62
1033,2023-01-09,13:15:00,BA,1033,LAX,JFK,142.32
1034,2023-01-03,13:30:00,DL,1034,ATL,ORD,113.71
1035,2023-01-13,13:45:00,BA,1035,DEN,DFW,333.81
1036,2023-01-07,14:00:00,SW,1036,LAX,ORD,171.26
1037,2023-01-07,14:15:00,SW,1037,LAX,SFO,340.06
1038,2023-01-27,14:30:00,SW,1038,DEN,DFW,264.87
1039,2023-01-23,14:45:00,BA,1039,DEN,LAX,301.13
1040,2023-01-15,15:00:00,UA,1040,ATL,ORD,318.04
1041,2023-01-23,15:15:00,DL,1041,ORD,LAX,123.19
1042,2023-01-17,15:30:00,BA,1042,ORD,ATL,580.49
1043,2023-02-11,15:45:00,AA,1043,DEN,ORD,591.83
1044,2023-01-18,16:00:00,SW,1044,JFK,SFO,345.86
1045,2023-01-29,16:15:00,DL,1045,JFK,JFK,217.86
1046,2023-01-11,16:30:00,SW,1046,DEN,LAX,178.47
1047,2023-01-20,16:45:00,BA,1047,SFO,ATL,544.23
1048,2023-01-13,17:00:00,UA,1048,JFK,DEN,593.53
1049,2023-01-20,17:15:00,DL,1049,DFW,DFW,240.65
1050,2023-01-12,17:30:00,UA,1050,LAX,ATL,275.68
1051,2023-01-17,17:45:00,SW,1051,ORD,ORD,111.72
1052,2023-02-03,18:00:00,UA,1052,LAX,ATL,595.23
1053,2023-01-01,18:15:00,BA,1053,ATL,SFO,318.48
1054,2023-01-02,18:30:00,AA,1054,ATL,SFO,352.84
1055,2023-01-01,18:45:00,DL,1055,SFO,DEN,219.44
1056,2023-01-15,19:00:00,UA,1056,ATL,ATL,520.59
1057,2023-01-10,19:15:00,BA,1057,ATL,ORD,154.94
1058,2023-02-10,19:30:00,DL,1058,LAX,SFO,283.09
1059,2023-02-06,19:45:00,AA,1059,ATL,DFW,275.32
1060,2023-01-14,20:00:00,AA,1060,LAX,ORD,301.18
1061,2023-01-06,20:15:00,DL,1061,DFW,DFW,291.37
1062,2023-01-27,20:30:00,BA,1062,SFO,DEN,402.33
1063,2023-01-04,20:45:00,UA,1063,DFW,DEN,218.42
1064,2023-01-09,21:00:00,BA,1064,ATL,DFW,354.95
1065,2023-01-25,21:15:00,AA,1065,LAX,ATL,221.05
1066,2023-02-03,21:30:00,DL,1066,SFO,DFW,415.3
1067,2023-01-17,21:45:00,DL,1067,ORD,DFW,318.2
1068,2023-01-13,22:00:00,UA,1068,ORD,ATL,441.81
1069,2023-01-13,22:15:00,AA,1069,JFK,DFW,368.8
1070,2023-01-25,22:30:00,UA,1070,ORD,SFO,193.44
1071,2023-02-02,22:45:00,SW,1071,DEN,DEN,133.45
1072,2023-02-07,23:00:00,BA,1072,ATL,DEN,169.24
1073,2023-02-08,23:15:00,SW,1073,DFW,JFK,247.02
1074,2023-01-07,23:30:00,UA,1074,DFW,JFK,338.7
1075,2023-01-10,23:45:00,UA,1075,SFO,JFK,484.48
1076,2023-02-08,00:00:00,BA,1076,LAX,SFO,322.44
1077,2023-01-31,00:15:00,SW,1077,DEN,DFW,176.92
1078,2023-01-18,00:30:00,AA,1078,JFK,JFK,103.16
1079,2023-01-18,00:45:00,UA,1079,ORD,JFK,258.94
1080,2023-01-15,01:00:00,DL,1080,LAX,SFO,284.59
1081,2023-01-04,01:15:00,DL,1081,LAX,JFK,184.29
1082,2023-01-19,01:30:00,UA,1082,JFK,ORD,599.17
1083,2023-02-09,01:45:00,DL,1083,ORD,SFO,527.51
1084,2023-01-24,02:00:00,AA,1084,DEN,DFW,251.38
1085,2023-02-07,02:15:00,BA,1085,ATL,ATL,330.16
1086,2023-01-05,02:30:00,SW,1086,ATL,DEN,333.37
1087,2023-01-18,02:45:00,AA,1087,ATL,ATL,108.3
1088,2023-01-31,03:00:00,DL,1088,ORD,ATL,373.37
1089,2023-01-26,03:15:00,SW,1089,ORD,DEN,439.97
1090,2023-01-14,03:30:00,SW,1090,SFO,ORD,101.62
1091,2023-01-26,03:45:00,SW,1091,SFO,SFO,331.68
1092,2023-01-01,04:00:00,UA,1092,SFO,ATL,529.41
1093,2023-02-08,04:15:00,SW,1093,JFK,JFK,325.2
1094,2023-01-10,04:30:00,UA,1094,JFK,JFK,478.91
1095,2023-01-28,04:45:00,BA,1095,JFK,SFO,412.47
1096,2023-01-28,05:00:00,AA,1096,DEN,LAX,576.25
1097,2023-01-21,05:15:00,BA,1097,DFW,LAX,108.59
1098,2023-01-14,05:30:00,UA,1098,ATL,JFK,163.12
1099,2023-02-06,05:45:00,SW,1099,JFK,ATL,448.81
1100,2023-02-09,06:00:00,UA,1100,SFO,LAX,223.3
1101,2023-02-02,06:15:00,BA,1101,ORD,ATL,591.61
1102,2023-01-07,06:30:00,UA,1102,DEN,LAX,176.26
1103,2023-01-13,06:45:00,AA,1103,ATL,DEN,347.06
1104,2023-02-07,07:00:00,DL,1104,DFW,ATL,348.1
1105,2023-01-30,07:15:00,BA,1105,LAX,DFW,460.62
1106,2023-02-08,07:30:00,BA,1106,ATL,DEN,399.61
1107,2023-01-06,07:45:00,BA,1107,ORD,DFW,439.47
1108,2023-01-24,08:00:00,DL,1108,ATL,DFW,395.83
1109,2023-01-19,08:15:00,DL,1109,ORD,DEN,362.1
1110,2023-01-04,08:30:00,UA,1110,LAX,JFK,132.51
1111,2023-01-14,08:45:00,DL,1111,DEN,JFK,445.33
1112,2023-01-18,09:00:00,BA,1112,DFW,DEN,305.75
1113,2023-01-14,09:15:00,AA,1113,LAX,LAX,264.69
1114,2023-01-06,09:30:00,SW,1114,ATL,JFK,102.78
1115,2023-01-24,09:45:00,DL,1115,ORD,LAX,248.25
1116,2023-01-25,10:00:00,AA,1116,ORD,ATL,426.38
1117,2023-01-05,10:15:00,SW,1117,DEN,JFK,437.85
1118,2023-01-15,10:30:00,DL,1118,JFK,ATL,119.14
1119,2023-01-30,10:45:00,UA,1119,ATL,SFO,185.25
1120,2023-01-16,11:00:00,AA,1120,DFW,DEN,515.2
1121,2023-01-11,11:15:00,AA,1121,DEN,JFK,186.36
1122,2023-01-17,11:30:00,AA,1122,LAX,DFW,457.71
1123,2023-02-05,11:45:00,SW,1123,ATL,SFO,382.33
1124,2023-01-07,12:00:00,UA,1124,ORD,ATL,245.08
1125,2023-01-28,12:15:00,UA,1125,ATL,DFW,594.72
1126,2023-01-15,12:30:00,BA,1126,ORD,JFK,372.34
1127,2023-01-10,12:45:00,DL,1127,LAX,LAX,525.92
1128,2023-02-02,13:00:00,BA,1128,DEN,ATL,436.6
1129,2023-01-01,13:15:00,UA,1129,LAX,DFW,140.8
1130,2023-02-08,13:30:00,SW,1130,ORD,ATL,292.77
1131,2023-02-02,13:45:00,BA,1131,ATL,ATL,259.79
1132,2023-01-21,14:00:00,BA,1132,JFK,LAX,339.6
1133,2023-01-21,14:15:00,AA,1133,ATL,ATL,227.52
1134,2023-02-08,14:30:00,DL,1134,ATL,DFW,210.32
1135,2023-02-07,14:45:00,DL,1135,ORD,JFK,201.79
1136,2023-01-09,15:00:00,BA,1136,ATL,SFO,405.72
1137,2023-01-20,15:15:00,UA,1137,JFK,ATL,536.42
1138,2023-01-14,15:30:00,BA,1138,DEN,DFW,155.47
1139,2023-01-01,15:45:00,AA,1139,DEN,DFW,194.44
1140,2023-01-22,16:00:00,AA,1140,ORD,LAX,389.17
1141,2023-01-12,16:15:00,DL,1141,ORD,DEN,419.3
1142,2023-01-28,16:30:00,SW,1142,LAX,LAX,217.38
1143,2023-02-02,16:45:00,SW,1143,SFO,ATL,184.58
1144,2023-01-12,17:00:00,SW,1144,DEN,LAX,283.05
1145,2023-01-29,17:15:00,DL,1145,ATL,DEN,224.96
1146,2023-01-12,17:30:00,DL,1146,ORD,DEN,261.24
1147,2023-02-01,17:45:00,BA,1147,ORD,ORD,337.04
1148,2023-01-28,18:00:00,DL,1148,LAX,ATL,252.22
1149,2023-01-21,18:15:00,UA,1149,DEN,JFK,579.09
1150,2023-01-29,18:30:00,SW,1150,DEN,ATL,280.38
1151,2023-01-04,18:45:00,SW,1151,LAX,JFK,231.16
1152,2023-01-06,19:00:00,DL,1152,SFO,ORD,534.47
1153,2023-01-13,19:15:00,AA,1153,LAX,ATL,412.88
1154,2023-01-04,19:30:00,DL,1154,ORD,ATL,116.78
1155,2023-01-14,19:45:00,UA,1155,ORD,LAX,190.36
1156,2023-02-03,20:00:00,DL,1156,JFK,DFW,331.23
1157,2023-01-31,20:15:00,BA,1157,ATL,ORD,473.35
1158,2023-01-14,20:30:00,UA,1158,ATL,DEN,584.12
1159,2023-01-24,20:45:00,AA,1159,DFW,ATL,257.89
1160,2023-02-04,21:00:00,AA,1160,ORD,DFW,326.85
1161,2023-01-26,21:15:00,AA,1161,SFO,JFK,336.92
1162,2023-01-19,21:30:00,BA,1162,ATL,JFK,242.96
1163,2023-01-24,21:45:00,DL,1163,SFO,ATL,244.73
1164,2023-01-29,22:00:00,DL,1164,JFK,JFK,266.09
1165,2023-01-19,22:15:00,SW,1165,DFW,LAX,465.17
1166,2023-02-08,22:30:00,AA,1166,DFW,DEN,481.88
1167,2023-02-01,22:45:00,UA,1167,DEN,ORD,525.57
1168,2023-01-10,23:00:00,AA,1168,DEN,DFW,435.51
1169,2023-01-02,23:15:00,AA,1169,LAX,JFK,319.27
1170,2023-01-10,23:30:00,AA,1170,ATL,SFO,101.05
1171,2023-01-01,23:45:00,SW,1171,SFO,DFW,517.02
1172,2023-01-20,00:00:00,SW,1172,DFW,DEN,309.2
1173,2023-01-31,00:15:00,AA,1173,JFK,DFW,367.49
1174,2023-01-22,00:30:00,UA,1174,JFK,ORD,317.28
1175,2023-01-09,00:45:00,SW,1175,DEN,SFO,520.74
1176,2023-02-04,01:00:00,AA,1176,JFK,ORD,515.62
1177,2023-01-25,01:15:00,UA,1177,SFO,ORD,260.59
1178,2023-01-04,01:30:00,DL,1178,ATL,DFW,573.18
1179,2023-01-09,01:45:00,SW,1179,ATL,SFO,589.59
1180,2023-01-04,02:00:00,SW,1180,DFW,ORD,270.75
1181,2023-01-10,02:15:00,DL,1181,LAX,SFO,222.11
1182,2023-01-15,02:30:00,DL,1182,JFK,JFK,518.6
1183,2023-02-02,02:45:00,DL,1183,DFW,DEN,445.84
1184,2023-01-01,03:00:00,DL,1184,ATL,DEN,512.59
1185,2023-01-27,03:15:00,UA,1185,ORD,ORD,290.85
1186,2023-02-01,03:30:00,AA,1186,SFO,JFK,245.56
1187,2023-01-01,03:45:00,BA,1187,DEN,LAX,360.41
1188,2023-02-01,04:00:00,DL,1188,JFK,ATL,470.78
1189,2023-01-22,04:15:00,BA,1189,JFK,DEN,229.35
1190,2023-01-12,04:30:00,UA,1190,ORD,LAX,367.26
1191,2023-01-03,04:45:00,DL,1191,DFW,SFO,363.97
1192,2023-01-03,05:00:00,UA,1192,DEN,SFO,427.07
1193,2023-01-03,05:15:00,AA,1193,SFO,LAX,202.83
1194,2023-01-11,05:30:00,UA,1194,SFO,JFK,370.32
1195,2023-01-07,05:45:00,BA,1195,LAX,DFW,171.83
1196,2023-01-01,06:00:00,DL,1196,DEN,DFW,235.65
1197,2023-01-17,06:15:00,BA,1197,LAX,DFW,181.1
1198,2023-01-02,06:30:00,DL,1198,DFW,DEN,574.57
1199,2023-01-12,06:45:00,BA,1199,ATL,DEN,549.7
1200,2023-01-26,07:00:00,SW,1200,DFW,ORD,371.29
1201,2023-01-12,07:15:00,SW,1201,LAX,LAX,150.4
1202,2023-02-09,07:30:00,SW,1202,LAX,DEN,384.41
1203,2023-02-10,07:45:00,BA,1203,DFW,SFO,136.8
1204,2023-01-26,08:00:00,BA,1204,DEN,ORD,547.73
1205,2023-01-14,08:15:00,BA,1205,LAX,SFO,217.24
1206,2023-01-27,08:30:00,BA,1206,ATL,LAX,396.47
1207,2023-01-21,08:45:00,UA,1207,DFW,DFW,149.74
1208,2023-01-27,09:00:00,AA,1208,DFW,JFK,135.24
1209,2023-01-26,09:15:00,DL,1209,DEN,LAX,396.97
1210,2023-01-08,09:30:00,SW,1210,ATL,JFK,489.78
1211,2023-01-27,09:45:00,DL,1211,JFK,ORD,396.77
1212,2023-02-02,10:00:00,SW,1212,ORD,ORD,454.73
1213,2023-01-03,10:15:00,BA,1213,JFK,JFK,538.51
1214,2023-01-19,10:30:00,BA,1214,DFW,ORD,398.83
1215,2023-01-08,10:45:00,AA,1215,ORD,DEN,212.86
1216,2023-01-01,11:00:00,UA,1216,ORD,ORD,325.1
1217,2023-01-09,11:15:00,DL,1217,SFO,ATL,322.0
1218,2023-01-20,11:30:00,AA,1218,SFO,DFW,420.85
1219,2023-02-02,11:45:00,UA,1219,SFO,JFK,130.33
1220,2023-02-10,12:00:00,DL,1220,ORD,DEN,275.13
1221,2023-01-09,12:15:00,DL,1221,DFW,DFW,404.84
1222,2023-02-05,12:30:00,UA,1222,DFW,DEN,327.26
1223,2023-02-04,12:45:00,AA,1223,JFK,SFO,544.25
1224,2023-02-10,13:00:00,DL,1224,DFW,DEN,428.33
1225,2023-02-09,13:15:00,AA,1225,ORD,ATL,349.71
1226,2023-01-01,13:30:00,DL,1226,ATL,ORD,385.79
1227,2023-02-04,13:45:00,DL,1227,DFW,JFK,544.18
1228,2023-01-03,14:00:00,BA,1228,DFW,ORD,180.76
1229,2023-01-15,14:15:00,DL,1229,JFK,JFK,280.07
1230,2023-02-05,14:30:00,AA,1230,ORD,ORD,233.83
1231,2023-01-13,14:45:00,DL,1231,JFK,ORD,318.7
1232,2023-02-03,15:00:00,AA,1232,ORD,SFO,119.21
1233,2023-02-03,15:15:00,BA,1233,DEN,ORD,541.74
1234,2023-01-21,15:30:00,AA,1234,ATL,ATL,267.04
1235,2023-01-13,15:45:00,SW,1235,SFO,DFW,531.14
1236,2023-01-12,16:00:00,BA,1236,SFO,ORD,159.7
1237,2023-02-02,16:15:00,SW,1237,ORD,LAX,283.0
1238,2023-01-03,16:30:00,UA,1238,ATL,DEN,131.18
1239,2023-01-05,16:45:00,BA,1239,DFW,ATL,116.02
1240,2023-02-07,17:00:00,DL,1240,DEN,JFK,205.66
1241,2023-01-07,17:15:00,AA,1241,DFW,DEN,442.15
1242,2023-01-02,17:30:00,DL,1242,LAX,DEN,229.18
1243,2023-01-22,17:45:00,BA,1243,LAX,ATL,391.72
1244,2023-01-28,18:00:00,SW,1244,DFW,ATL,218.57
1245,2023-02-09,18:15:00,DL,1245,LAX,ATL,318.97
1246,2023-01-08,18:30:00,SW,1246,ATL,ORD,524.53
1247,2023-01-08,18:45:00,AA,1247,DEN,DFW,331.39
1248,2023-01-20,19:00:00,DL,1248,LAX,ATL,273.97
1249,2023-01-03,19:15:00,DL,1249,LAX,DEN,239.51
1250,2023-01-16,19:30:00,BA,1250,LAX,DEN,185.4
1251,2023-02-04,19:45:00,BA,1251,LAX,DEN,275.89
1252,2023-01-05,20:00:00,BA,1252,ATL,ATL,207.92
1253,2023-02-11,20:15:00,BA,1253,ATL,JFK,549.36
1254,2023-02-09,20:30:00,SW,1254,JFK,DEN,304.38
1255,2023-01-21,20:45:00,DL,1255,SFO,JFK,562.44
1256,2023-02-04,21:00:00,BA,1256,JFK,ORD,355.35
1257,2023-01-30,21:15:00,BA,1257,ORD,LAX,522.94
1258,2023-01-27,21:30:00,BA,1258,DFW,DFW,334.9
1259,2023-01-25,21:45:00,SW,1259,ATL,DEN,157.32
1260,2023-01-04,22:00:00,UA,1260,JFK,ORD,298.15
1261,2023-01-07,22:15:00,AA,1261,DEN,ORD,167.29
1262,2023-01-10,22:30:00,AA,1262,JFK,SFO,454.28
1263,2023-01-21,22:45:00,SW,1263,ORD,SFO,433.8
1264,2023-01-15,23:00:00,DL,1264,JFK,LAX,330.99
1265,2023-01-10,23:15:00,BA,1265,ATL,LAX,507.44
1266,2023-02-08,23:30:00,BA,1266,LAX,DFW,355.53
1267,2023-01-14,23:45:00,SW,1267,DEN,DFW,336.48
1268,2023-01-15,00:00:00,BA,1268,ATL,LAX,359.36
1269,2023-02-02,00:15:00,BA,1269,LAX,JFK,151.65
1270,2023-01-13,00:30:00,DL,1270,DFW,ORD,267.46
1271,2023-02-05,00:45:00,AA,1271,ATL,LAX,189.5
1272,2023-02-02,01:00:00,SW,1272,LAX,ATL,341.49
1273,2023-01-03,01:15:00,BA,1273,ORD,DFW,521.86
1274,2023-01-30,01:30:00,BA,1274,DEN,SFO,486.31
1275,2023-02-04,01:45:00,AA,1275,JFK,LAX,515.95
1276,2023-01-16,02:00:00,DL,1276,ATL,DFW,107.09
1277,2023-02-05,02:15:00,SW,1277,LAX,DEN,388.3
1278,2023-01-10,02:30:00,UA,1278,ATL,ATL,289.62
1279,2023-01-22,02:45:00,BA,1279,SFO,LAX,426.13
1280,2023-01-03,03:00:00,BA,1280,SFO,SFO,597.97
1281,2023-01-05,03:15:00,AA,1281,SFO,JFK,407.03
1282,2023-01-27,03:30:00,DL,1282,DFW,ATL,586.9
1283,2023-01-02,03:45:00,AA,1283,ATL,ATL,591.55
1284,2023-01-09,04:00:00,DL,1284,DEN,LAX,149.62
1285,2023-02-06,04:15:00,UA,1285,ATL,JFK,179.37
1286,2023-01-05,04:30:00,SW,1286,ORD,LAX,559.46
1287,2023-01-09,04:45:00,UA,1287,DFW,DFW,389.94
1288,2023-02-10,05:00:00,BA,1288,JFK,LAX,294.78
1289,2023-02-10,05:15:00,UA,1289,JFK,DFW,109.14
1290,2023-01-06,05:30:00,BA,1290,JFK,SFO,517.27
1291,2023-02-09,05:45:00,AA,1291,LAX,LAX,370.63
1292,2023-01-27,06:00:00,DL,1292,ATL,SFO,474.72
1293,2023-01-22,06:15:00,BA,1293,DEN,DFW,514.12
1294,2023-01-07,06:30:00,UA,1294,SFO,ORD,363.49
1295,2023-01-07,06:45:00,DL,1295,DEN,DFW,421.35
1296,2023-01-18,07:00:00,BA,1296,DFW,ORD,385.61
1297,2023-01-17,07:15:00,BA,1297,ATL,DEN,290.4
1298,2023-01-18,07:30:00,SW,1298,ATL,ATL,571.79
1299,2023-01-09,07:45:00,DL,1299,ATL,LAX,107.2
1300,2023-01-19,08:00:00,SW,1300,SFO,JFK,329.83
1301,2023-01-14,08:15:00,AA,1301,LAX,JFK,581.81
1302,2023-01-27,08:30:00,UA,1302,ATL,ORD,263.47
1303,2023-02-03,08:45:00,AA,1303,DEN,ORD,458.99
1304,2023-01-26,09:00:00,AA,1304,JFK,SFO,142.96
1305,2023-01-09,09:15:00,DL,1305,SFO,ATL,397.83
1306,2023-02-06,09:30:00,DL,1306,ORD,JFK,424.61
1307,2023-02-07,09:45:00,SW,1307,SFO,ORD,269.57
1308,2023-02-06,10:00:00,DL,1308,DFW,ORD,445.99
1309,2023-02-07,10:15:00,AA,1309,ORD,DEN,491.13
1310,2023-02-04,10:30:00,SW,1310,ATL,JFK,310.13
1311,2023-01-01,10:45:00,SW,1311,ORD,DEN,501.78
1312,2023-02-04,11:00:00,BA,1312,ORD,ATL,270.24
1313,2023-01-22,11:15:00,BA,1313,DEN,DEN,143.69
1314,2023-01-05,11:30:00,SW,1314,LAX,JFK,529.53
1315,2023-01-18,11:45:00,UA,1315,ATL,ATL,269.35
1316,2023-01-14,12:00:00,DL,1316,SFO,ORD,261.21
1317,2023-02-08,12:15:00,SW,1317,DFW,SFO,134.99
1318,2023-02-01,12:30:00,AA,1318,DFW,JFK,340.63
1319,2023-01-29,12:45:00,UA,1319,JFK,ATL,478.11
1320,2023-01-12,13:00:00,DL,1320,LAX,DEN,291.69
1321,2023-01-30,13:15:00,SW,1321,ORD,SFO,590.52
1322,2023-01-03,13:30:00,SW,1322,ATL,DEN,519.81
1323,2023-01-09,13:45:00,AA,1323,LAX,SFO,289.88
1324,2023-02-09,14:00:00,AA,1324,DFW,DFW,185.18
1325,2023-01-05,14:15:00,BA,1325,ATL,DFW,233.68
1326,2023-02-03,14:30:00,SW,1326,LAX,ORD,251.56
1327,2023-01-03,14:45:00,UA,1327,ATL,DFW,338.45
1328,2023-02-06,15:00:00,AA,1328,JFK,DEN,519.83
1329,2023-02-06,15:15:00,UA,1329,JFK,DFW,450.02
1330,2023-01-11,15:30:00,BA,1330,ATL,ATL,176.82
1331,2023-02-11,15:45:00,DL,1331,JFK,DFW,439.18
1332,2023-01-11,16:00:00,AA,1332,DFW,DFW,488.52
1333,2023-01-31,16:15:00,UA,1333,ORD,SFO,292.89
1334,2023-01-27,16:30:00,UA,1334,ATL,JFK,563.4
1335,2023-01-02,16:45:00,SW,1335,JFK,SFO,224.02
1336,2023-02-07,17:00:00,BA,1336,JFK,ATL,185.35
1337,2023-01-26,17:15:00,SW,1337,SFO,JFK,392.63
1338,2023-01-15,17:30:00,BA,1338,JFK,JFK,485.78
1339,2023-02-06,17:45:00,SW,1339,SFO,JFK,102.77
1340,2023-02-06,18:00:00,SW,1340,DFW,DFW,429.13
1341,2023-01-14,18:15:00,AA,1341,ORD,ATL,294.17
1342,2023-01-21,18:30:00,DL,1342,ORD,JFK,306.72
1343,2023-01-15,18:45:00,AA,1343,LAX,DFW,582.95
1344,2023-01-23,19:00:00,UA,1344,ATL,ORD,502.95
1345,2023-01-25,19:15:00,DL,1345,SFO,SFO,357.62
1346,2023-02-02,19:30:00,DL,1346,ORD,ORD,333.16
1347,2023-01-03,19:45:00,BA,1347,SFO,DFW,553.4
1348,2023-01-09,20:00:00,UA,1348,LAX,DFW,477.15
1349,2023-01-07,20:15:00,UA,1349,LAX,ATL,120.27
1350,2023-01-19,20:30:00,AA,1350,ORD,DFW,189.16
1351,2023-01-02,20:45:00,UA,1351,ATL,SFO,576.23
1352,2023-01-08,21:00:00,DL,1352,SFO,DFW,349.17
1353,2023-01-04,21:15:00,BA,1353,DFW,DFW,142.3
1354,2023-01-01,21:30:00,UA,1354,SFO,ORD,523.43
1355,2023-01-02,21:45:00,BA,1355,DEN,DFW,473.89
1356,2023-01-01,22:00:00,UA,1356,JFK,SFO,533.35
1357,2023-01-27,22:15:00,UA,1357,JFK,DEN,470.27
1358,2023-01-16,22:30:00,UA,1358,SFO,ORD,442.31
1359,2023-01-23,22:45:00,AA,1359,DEN,DFW,268.55
1360,2023-02-05,23:00:00,BA,1360,ORD,LAX,239.55
1361,2023-02-07,23:15:00,UA,1361,ATL,LAX,122.14
1362,2023-01-13,23:30:00,DL,1362,DFW,ATL,450.92
1363,2023-01-06,23:45:00,UA,1363,DFW,LAX,214.2
1364,2023-02-06,00:00:00,BA,1364,DFW,DFW,240.66
1365,2023-01-28,00:15:00,DL,1365,DFW,ATL,245.21
1366,2023-01-17,00:30:00,DL,1366,SFO,ATL,177.86
1367,2023-01-07,00:45:00,SW,1367,ATL,ATL,522.34
1368,2023-01-15,01:00:00,UA,1368,JFK,JFK,419.01
1369,2023-01-18,01:15:00,BA,1369,LAX,ATL,477.71
1370,2023-01-09,01:30:00,BA,1370,LAX,ORD,569.51
1371,2023-02-09,01:45:00,DL,1371,DFW,LAX,308.86
1372,2023-01-25,02:00:00,UA,1372,LAX,DFW,338.79
1373,2023-01-05,02:15:00,SW,1373,DEN,ATL,478.92
1374,2023-01-15,02:30:00,DL,1374,ATL,DEN,177.2
1375,2023-01-23,02:45:00,SW,1375,LAX,ATL,436.54
1376,2023-01-30,03:00:00,UA,1376,ATL,JFK,279.37
1377,2023-02-03,03:15:00,BA,1377,JFK,JFK,283.24
1378,2023-02-07,03:30:00,SW,1378,SFO,ORD,399.1
1379,2023-02-08,03:45:00,SW,1379,ATL,LAX,151.15
1380,2023-02-03,04:00:00,SW,1380,DFW,DEN,438.85
1381,2023-02-02,04:15:00,DL,1381,ORD,SFO,549.63
1382,2023-02-03,04:30:00,BA,1382,ATL,ATL,355.86
1383,2023-01-24,04:45:00,DL,1383,ATL,ORD,598.11
1384,2023-02-11,05:00:00,UA,1384,DFW,ATL,138.62
1385,2023-02-06,05:15:00,DL,1385,DEN,DEN,435.42
1386,2023-02-06,05:30:00,DL,1386,DEN,SFO,138.84
1387,2023-01-23,05:45:00,UA,1387,SFO,DFW,280.32
1388,2023-01-16,06:00:00,UA,1388,ATL,ORD,576.42
1389,2023-01-08,06:15:00,DL,1389,JFK,DEN,108.88
1390,2023-02-03,06:30:00,DL,1390,ORD,DEN,245.36
1391,2023-01-12,06:45:00,BA,1391,DFW,JFK,446.97
1392,2023-01-10,07:00:00,BA,1392,ORD,JFK,135.61
1393,2023-02-09,07:15:00,BA,1393,ATL,LAX,509.01
1394,2023-02-10,07:30:00,AA,1394,ATL,LAX,431.88
1395,2023-01-18,07:45:00,UA,1395,ORD,SFO,283.76
1396,2023-01-28,08:00:00,UA,1396,ATL,JFK,444.98
1397,2023-01-17,08:15:00,DL,1397,SFO,DEN,514.36
1398,2023-01-23,08:30:00,DL,1398,LAX,ORD,272.75
1399,2023-02-05,08:45:00,UA,1399,ATL,DEN,498.95
1400,2023-01-26,09:00:00,DL,1400,SFO,JFK,387.3
1401,2023-01-12,09:15:00,UA,1401,ORD,SFO,294.07
1402,2023-01-08,09:30:00,UA,1402,DFW,SFO,511.57
1403,2023-01-02,09:45:00,DL,1403,ATL,SFO,401.42
1404,2023-01-17,10:00:00,UA,1404,DEN,ORD,211.28
1405,2023-02-08,10:15:00,AA,1405,LAX,ORD,112.41
1406,2023-01-15,10:30:00,AA,1406,ORD,ORD,501.63
1407,2023-02-03,10:45:00,AA,1407,LAX,SFO,563.63
1408,2023-02-10,11:00:00,AA,1408,DFW,SFO,377.93
1409,2023-01-27,11:15:00,UA,1409,ORD,SFO,393.07
1410,2023-01-25,11:30:00,SW,1410,ATL,JFK,300.71
1411,2023-01-21,11:45:00,AA,1411,LAX,DEN,579.51
1412,2023-01-30,12:00:00,UA,1412,DEN,DEN,369.64
1413,2023-01-26,12:15:00,BA,1413,ATL,LAX,459.43
1414,2023-02-08,12:30:00,BA,1414,DEN,JFK,426.45
1415,2023-02-09,12:45:00,DL,1415,LAX,JFK,372.43
1416,2023-01-27,13:00:00,AA,1416,DEN,ATL,231.68
1417,2023-01-24,13:15:00,DL,1417,DFW,JFK,275.56
1418,2023-01-05,13:30:00,AA,1418,LAX,JFK,363.18
1419,2023-01-31,13:45:00,AA,1419,SFO,DEN,446.68
1420,2023-01-25,14:00:00,DL,1420,ORD,ORD,347.27
1421,2023-01-15,14:15:00,AA,1421,ORD,LAX,497.27
1422,2023-02-03,14:30:00,SW,1422,ATL,ORD,569.16
1423,2023-01-29,14:45:00,SW,1423,ORD,ATL,195.11
1424,2023-01-08,15:00:00,DL,1424,ORD,ORD,387.97
1425,2023-01-26,15:15:00,SW,1425,DEN,JFK,333.29
1426,2023-01-28,15:30:00,SW,1426,LAX,LAX,407.59
1427,2023-01-24,15:45:00,UA,1427,ATL,ATL,361.77
1428,2023-02-06,16:00:00,SW,1428,SFO,DEN,470.53
1429,2023-01-12,16:15:00,DL,1429,DFW,ATL,493.76
1430,2023-01-04,16:30:00,SW,1430,DEN,ORD,293.09
1431,2023-01-21,16:45:00,UA,1431,SFO,DEN,183.8
1432,2023-02-08,17:00:00,DL,1432,DEN,ORD,493.01
1433,2023-01-11,17:15:00,DL,1433,ATL,ATL,289.89
1434,2023-01-20,17:30:00,SW,1434,SFO,ORD,442.21
1435,2023-01-15,17:45:00,BA,1435,LAX,SFO,134.09
1436,2023-02-07,18:00:00,UA,1436,LAX,ORD,592.07
1437,2023-01-03,18:15:00,AA,1437,LAX,SFO,245.25
1438,2023-01-13,18:30:00,DL,1438,ORD,LAX,428.93
1439,2023-02-09,18:45:00,UA,1439,DEN,JFK,371.26
1440,2023-01-04,19:00:00,AA,1440,SFO,JFK,210.54
1441,2023-01-01,19:15:00,DL,1441,SFO,LAX,523.99
1442,2023-01-21,19:30:00,SW,1442,LAX,DFW,309.59
1443,2023-01-30,19:45:00,UA,1443,ORD,DFW,223.69
1444,2023-01-03,20:00:00,UA,1444,JFK,ORD,162.94
1445,2023-01-20,20:15:00,UA,1445,ORD,SFO,544.97
1446,2023-01-15,20:30:00,DL,1446,ORD,LAX,519.06
1447,2023-01-19,20:45:00,BA,1447,JFK,SFO,592.1
1448,2023-01-29,21:00:00,UA,1448,DFW,ORD,222.97
1449,2023-01-08,21:15:00,UA,1449,ORD,DEN,598.23
1450,2023-01-23,21:30:00,DL,1450,ATL,DEN,407.73
1451,2023-01-09,21:45:00,BA,1451,DEN,SFO,522.51
1452,2023-02-10,22:00:00,UA,1452,DEN,ORD,518.54
1453,2023-02-02,22:15:00,AA,1453,SFO,SFO,510.8
1454,2023-01-10,22:30:00,AA,1454,LAX,JFK,199.34
1455,2023-01-21,22:45:00,DL,1455,ORD,ORD,421.17
1456,2023-01-28,23:00:00,SW,1456,DEN,ORD,224.62
1457,2023-01-19,23:15:00,DL,1457,DFW,ATL,146.64
1458,2023-02-10,23:30:00,BA,1458,LAX,SFO,574.5
1459,2023-01-07,23:45:00,BA,1459,ATL,LAX,257.85
1460,2023-01-26,00:00:00,BA,1460,DEN,JFK,589.92
1461,2023-01-24,00:15:00,DL,1461,ORD,JFK,231.83
1462,2023-01-11,00:30:00,BA,1462,DFW,ATL,478.93
1463,2023-01-30,00:45:00,DL,1463,DFW,DEN,502.4
1464,2023-01-18,01:00:00,UA,1464,ATL,DFW,383.97
1465,2023-02-01,01:15:00,SW,1465,JFK,LAX,569.22
1466,2023-02-03,01:30:00,UA,1466,SFO,ATL,448.96
1467,2023-01-04,01:45:00,AA,1467,DEN,JFK,266.04
1468,2023-01-13,02:00:00,SW,1468,ORD,DEN,165.65
1469,2023-01-05,02:15:00,BA,1469,JFK,DFW,382.16
1470,2023-01-23,02:30:00,AA,1470,LAX,JFK,360.15
1471,2023-01-15,02:45:00,DL,1471,ORD,ORD,377.57
1472,2023-02-01,03:00:00,BA,1472,ORD,ORD,286.05
1473,2023-01-09,03:15:00,AA,1473,DFW,JFK,474.18
1474,2023-01-12,03:30:00,DL,1474,LAX,SFO,326.7
1475,2023-02-04,03:45:00,DL,1475,JFK,DFW,543.38
1476,2023-01-13,04:00:00,DL,1476,DEN,DEN,241.0
1477,2023-01-02,04:15:00,DL,1477,SFO,LAX,312.14
1478,2023-01-23,04:30:00,AA,1478,ORD,LAX,334.46
1479,2023-01-09,04:45:00,UA,1479,ORD,ATL,203.8
1480,2023-02-03,05:00:00,DL,1480,LAX,LAX,526.0
1481,2023-01-07,05:15:00,DL,1481,ORD,ORD,160.01
1482,2023-01-19,05:30:00,SW,1482,DEN,ORD,573.47
1483,2023-01-16,05:45:00,BA,1483,ORD,DEN,155.94
1484,2023-02-03,06:00:00,AA,1484,LAX,ATL,213.51
1485,2023-01-09,06:15:00,UA,1485,SFO,JFK,346.53
1486,2023-01-02,06:30:00,BA,1486,JFK,ORD,212.83
1487,2023-01-18,06:45:00,DL,1487,ORD,LAX,388.08
1488,2023-01-04,07:00:00,AA,1488,JFK,ORD,211.6
1489,2023-01-18,07:15:00,DL,1489,DEN,LAX,541.65
1490,2023-01-21,07:30:00,DL,1490,SFO,JFK,197.28
1491,2023-02-02,07:45:00,DL,1491,JFK,SFO,329.79
1492,2023-01-01,08:00:00,DL,1492,JFK,ATL,558.35
1493,2023-01-06,08:15:00,DL,1493,JFK,SFO,540.46
1494,2023-01-08,08:30:00,BA,1494,DEN,SFO,396.23
1495,2023-01-18,08:45:00,BA,1495,JFK,JFK,173.36
1496,2023-01-05,09:00:00,DL,1496,DFW,ORD,315.78
1497,2023-01-06,09:15:00,DL,1497,SFO,ATL,306.09
1498,2023-01-01,09:30:00,SW,1498,DEN,DFW,299.68
1499,2023-02-11,09:45:00,BA,1499,DFW,DEN,332.7
1500,2023-01-08,10:00:00,BA,1500,DEN,LAX,103.63
1501,2023-01-03,10:15:00,DL,1501,DEN,ATL,453.67
1502,2023-01-22,10:30:00,DL,1502,DFW,ATL,246.96
1503,2023-01-28,10:45:00,UA,1503,ORD,JFK,369.29
1504,2023-01-02,11:00:00,AA,1504,SFO,DFW,183.8
1505,2023-01-31,11:15:00,UA,1505,ATL,DFW,485.19
1506,2023-01-22,11:30:00,BA,1506,DFW,ATL,448.95
1507,2023-01-11,11:45:00,BA,1507,LAX,SFO,121.74
1508,2023-01-03,12:00:00,UA,1508,SFO,LAX,243.72
1509,2023-01-31,12:15:00,DL,1509,LAX,ORD,515.12
1510,2023-02-01,12:30:00,DL,1510,SFO,DFW,352.09
1511,2023-01-17,12:45:00,SW,1511,LAX,JFK,191.46
1512,2023-02-08,13:00:00,SW,1512,ATL,LAX,484.21
1513,2023-02-05,13:15:00,UA,1513,ATL,DEN,373.22
1514,2023-02-08,13:30:00,BA,1514,DFW,DEN,289.84
1515,2023-02-03,13:45:00,AA,1515,ORD,ATL,406.06
1516,2023-01-04,14:00:00,BA,1516,ATL,DEN,318.35
1517,2023-01-12,14:15:00,DL,1517,JFK,ORD,159.46
1518,2023-01-31,14:30:00,DL,1518,ORD,ORD,171.93
1519,2023-01-26,14:45:00,SW,1519,JFK,ATL,418.14
1520,2023-01-18,15:00:00,DL,1520,ATL,DEN,178.28
1521,2023-01-02,15:15:00,AA,1521,JFK,ATL,487.22
1522,2023-01-03,15:30:00,UA,1522,LAX,ATL,106.68
1523,2023-01-10,15:45:00,DL,1523,SFO,DFW,173.6
1524,2023-01-16,16:00:00,UA,1524,DFW,DEN,347.94
1525,2023-01-12,16:15:00,DL,1525,ATL,ORD,316.4
1526,2023-01-10,16:30:00,SW,1526,JFK,DEN,418.29
1527,2023-01-31,16:45:00,DL,1527,DFW,SFO,225.64
1528,2023-01-28,17:00:00,UA,1528,LAX,LAX,178.57
1529,2023-01-04,17:15:00,UA,1529,LAX,DEN,280.75
1530,2023-01-18,17:30:00,DL,1530,JFK,ATL,106.96
1531,2023-02-06,17:45:00,SW,1531,JFK,ORD,362.7
1532,2023-01-27,18:00:00,UA,1532,SFO,DFW,432.19
1533,2023-01-16,18:15:00,AA,1533,ATL,DEN,527.46
1534,2023-02-01,18:30:00,DL,1534,DFW,DEN,410.09
1535,2023-02-07,18:45:00,UA,1535,ORD,ATL,338.64
1536,2023-01-27,19:00:00,DL,1536,JFK,JFK,351.98
1537,2023-01-10,19:15:00,AA,1537,JFK,DFW,541.73
1538,2023-01-17,19:30:00,UA,1538,SFO,DFW,481.49
1539,2023-01-22,19:45:00,DL,1539,ORD,DEN,533.84
1540,2023-01-18,20:00:00,SW,1540,LAX,DFW,275.02
1541,2023-01-29,20:15:00,DL,1541,DEN,DEN,323.33
1542,2023-01-13,20:30:00,SW,1542,ATL,ORD,500.18
1543,2023-02-01,20:45:00,DL,1543,DEN,JFK,595.94
1544,2023-01-09,21:00:00,UA,1544,DFW,DFW,254.54
1545,2023-01-03,21:15:00,AA,1545,DFW,DEN,115.73
1546,2023-01-14,21:30:00,SW,1546,DEN,DFW,301.55
1547,2023-02-08,21:45:00,SW,1547,ORD,LAX,244.16
1548,2023-01-08,22:00:00,SW,1548,ORD,JFK,393.14
1549,2023-01-26,22:15:00,SW,1549,LAX,ORD,527.49
1550,2023-01-02,22:30:00,BA,1550,ATL,ATL,514.17
1551,2023-01-26,22:45:00,AA,1551,DFW,DFW,171.57
1552,2023-01-20,23:00:00,SW,1552,DFW,LAX,528.32
1553,2023-01-10,23:15:00,SW,1553,LAX,DFW,328.03
1554,2023-01-30,23:30:00,BA,1554,SFO,JFK,237.5
1555,2023-02-02,23:45:00,SW,1555,DFW,DEN,575.54
1556,2023-01-14,00:00:00,SW,1556,ORD,DEN,309.3
1557,2023-01-09,00:15:00,BA,1557,SFO,DEN,494.49
1558,2023-02-05,00:30:00,AA,1558,ORD,LAX,186.97
1559,2023-01-16,00:45:00,UA,1559,DEN,ATL,402.0
1560,2023-02-09,01:00:00,UA,1560,ATL,DFW,438.81
1561,2023-02-05,01:15:00,BA,1561,DEN,LAX,304.25
1562,2023-02-01,01:30:00,DL,1562,ATL,LAX,485.96
1563,2023-01-22,01:45:00,DL,1563,DEN,ATL,476.89
1564,2023-01-11,02:00:00,SW,1564,SFO,ATL,372.11
1565,2023-01-28,02:15:00,UA,1565,SFO,JFK,125.35
1566,2023-01-20,02:30:00,BA,1566,DFW,DFW,409.95
1567,2023-01-25,02:45:00,UA,1567,SFO,JFK,235.41
1568,2023-01-31,03:00:00,SW,1568,ATL,ATL,196.34
1569,2023-01-06,03:15:00,BA,1569,LAX,ORD,483.63
1570,2023-01-07,03:30:00,AA,1570,SFO,DFW,369.72
1571,2023-01-24,03:45:00,DL,1571,DFW,DEN,587.54
1572,2023-01-27,04:00:00,BA,1572,DFW,SFO,198.94
1573,2023-02-07,04:15:00,DL,1573,DEN,SFO,310.66
1574,2023-02-07,04:30:00,UA,1574,SFO,SFO,575.06
1575,2023-01-07,04:45:00,UA,1575,ATL,ORD,188.82
1576,2023-02-07,05:00:00,BA,1576,DFW,LAX,187.21
1577,2023-01-29,05:15:00,UA,1577,ATL,SFO,185.14
1578,2023-02-10,05:30:00,UA,1578,LAX,ORD,526.53
1579,2023-02-08,05:45:00,AA,1579,ATL,ORD,226.87
1580,2023-02-09,06:00:00,AA,1580,JFK,ATL,245.81
1581,2023-02-02,06:15:00,AA,1581,DFW,ATL,527.53
1582,2023-02-03,06:30:00,DL,1582,LAX,DEN,233.72
1583,2023-01-10,06:45:00,BA,1583,SFO,DEN,366.86
1584,2023-01-12,07:00:00,SW,1584,ATL,DEN,364.78
1585,2023-01-04,07:15:00,DL,1585,SFO,SFO,314.12
1586,2023-01-07,07:30:00,BA,1586,JFK,ORD,234.56
1587,2023-01-11,07:45:00,BA,1587,DEN,ATL,280.18
1588,2023-01-19,08:00:00,SW,1588,ATL,ORD,439.26
1589,2023-01-12,08:15:00,SW,1589,JFK,LAX,186.31
1590,2023-01-14,08:30:00,DL,1590,JFK,LAX,242.95
1591,2023-01-09,08:45:00,UA,1591,JFK,SFO,537.96
1592,2023-01-01,09:00:00,DL,1592,SFO,JFK,315.0
1593,2023-01-04,09:15:00,SW,1593,ATL,LAX,511.4
1594,2023-01-20,09:30:00,SW,1594,JFK,DFW,533.94
1595,2023-01-29,09:45:00,SW,1595,DFW,ATL,554.21
1596,2023-02-04,10:00:00,DL,1596,LAX,SFO,148.79
1597,2023-01-15,10:15:00,UA,1597,DEN,SFO,313.64
1598,2023-01-01,10:30:00,DL,1598,LAX,LAX,525.03
1599,2023-02-02,10:45:00,AA,1599,DEN,SFO,415.86
1600,2023-02-07,11:00:00,DL,1600,ORD,SFO,541.71
1601,2023-01-20,11:15:00,BA,1601,DEN,LAX,472.04
1602,2023-01-11,11:30:00,AA,1602,SFO,JFK,226.93
1603,2023-02-01,11:45:00,BA,1603,DEN,DEN,331.1
1604,2023-01-19,12:00:00,UA,1604,DEN,JFK,560.26
1605,2023-01-13,12:15:00,UA,1605,ORD,SFO,466.92
1606,2023-01-17,12:30:00,AA,1606,JFK,JFK,513.46
1607,2023-01-29,12:45:00,BA,1607,DEN,ATL,189.63
1608,2023-02-01,13:00:00,UA,1608,JFK,DEN,181.31
1609,2023-01-16,13:15:00,UA,1609,JFK,ORD,472.67
1610,2023-01-08,13:30:00,SW,1610,LAX,ORD,597.2
1611,2023-02-10,13:45:00,AA,1611,DFW,ORD,339.64
1612,2023-01-31,14:00:00,UA,1612,ATL,JFK,305.52
1613,2023-02-02,14:15:00,DL,1613,ORD,DFW,449.65
1614,2023-01-16,14:30:00,SW,1614,ATL,DEN,519.87
1615,2023-01-16,14:45:00,AA,1615,DEN,SFO,429.66
1616,2023-01-06,15:00:00,UA,1616,ATL,ATL,414.33
1617,2023-01-05,15:15:00,UA,1617,SFO,JFK,258.42
1618,2023-01-03,15:30:00,AA,1618,JFK,ORD,558.09
1619,2023-01-05,15:45:00,BA,1619,DFW,SFO,169.31
1620,2023-02-07,16:00:00,DL,1620,ORD,DEN,148.97
1621,2023-01-31,16:15:00,UA,1621,LAX,ORD,166.35
1622,2023-01-26,16:30:00,DL,1622,DEN,JFK,139.36
1623,2023-02-06,16:45:00,BA,1623,JFK,SFO,230.31
1624,2023-01-28,17:00:00,UA,1624,JFK,SFO,553.07
1625,2023-02-10,17:15:00,DL,1625,SFO,DEN,176.39
1626,2023-02-08,17:30:00,UA,1626,ORD,DEN,119.22
1627,2023-01-11,17:45:00,BA,1627,DEN,JFK,277.25
1628,2023-01-03,18:00:00,UA,1628,ORD,LAX,548.06
1629,2023-01-31,18:15:00,BA,1629,ATL,JFK,462.15
1630,2023-01-25,18:30:00,AA,1630,JFK,ORD,578.11
1631,2023-01-05,18:45:00,UA,1631,ATL,ORD,144.13
1632,2023-01-03,19:00:00,AA,1632,JFK,SFO,555.3
1633,2023-01-12,19:15:00,SW,1633,DFW,DFW,535.0
1634,2023-02-09,19:30:00,BA,1634,DFW,ORD,283.14
1635,2023-01-30,19:45:00,DL,1635,ATL,ATL,277.39
1636,2023-01-10,20:00:00,SW,1636,DEN,LAX,112.79
1637,2023-01-08,20:15:00,BA,1637,SFO,JFK,356.93
1638,2023-01-11,20:30:00,BA,1638,DFW,ATL,350.76
1639,2023-01-25,20:45:00,SW,1639,SFO,ORD,440.98
1640,2023-01-08,21:00:00,BA,1640,JFK,ATL,197.28
1641,2023-01-13,21:15:00,AA,1641,JFK,DEN,194.15
1642,2023-01-14,21:30:00,AA,1642,DEN,JFK,495.11
1643,2023-01-27,21:45:00,AA,1643,JFK,ATL,556.45
1644,2023-02-02,22:00:00,DL,1644,DFW,ORD,447.47
1645,2023-02-06,22:15:00,SW,1645,DEN,ORD,335.38
1646,2023-02-06,22:30:00,BA,1646,SFO,ORD,517.95
1647,2023-02-09,22:45:00,UA,1647,DEN,ATL,407.87
1648,2023-01-08,23:00:00,UA,1648,DFW,SFO,459.64
1649,2023-02-08,23:15:00,AA,1649,LAX,JFK,339.65
1650,2023-01-02,23:30:00,SW,1650,JFK,LAX,276.48
1651,2023-01-01,23:45:00,DL,1651,ORD,JFK,451.8
1652,2023-01-25,00:00:00,AA,1652,LAX,LAX,368.24
1653,2023-01-09,00:15:00,DL,1653,DEN,ATL,434.44
1654,2023-02-09,00:30:00,UA,1654,SFO,ATL,552.29
1655,2023-02-06,00:45:00,BA,1655,LAX,DEN,482.11
1656,2023-01-14,01:00:00,DL,1656,ORD,ORD,279.43
1657,2023-02-06,01:15:00,DL,1657,ORD,DEN,208.79
1658,2023-02-04,01:30:00,BA,1658,JFK,DEN,242.02
1659,2023-01-12,01:45:00,DL,1659,ORD,SFO,192.84
1660,2023-01-02,02:00:00,UA,1660,ATL,JFK,495.66
1661,2023-01-09,02:15:00,DL,1661,ORD,ORD,550.06
1662,2023-01-02,02:30:00,BA,1662,SFO,SFO,519.05
1663,2023-01-01,02:45:00,AA,1663,LAX,ORD,228.36
1664,2023-01-04,03:00:00,BA,1664,LAX,DFW,505.2
1665,2023-01-29,03:15:00,UA,1665,ORD,ATL,173.25
1666,2023-01-27,03:30:00,UA,1666,LAX,DFW,585.53
1667,2023-01-05,03:45:00,UA,1667,ORD,LAX,493.32
1668,2023-01-23,04:00:00,BA,1668,ORD,DFW,165.67
1669,2023-02-06,04:15:00,DL,1669,SFO,DFW,251.82
1670,2023-02-05,04:30:00,AA,1670,DFW,LAX,163.95
1671,2023-01-27,04:45:00,UA,1671,DEN,ATL,307.94
1672,2023-01-03,05:00:00,SW,1672,SFO,ORD,468.01
1673,2023-01-21,05:15:00,BA,1673,ORD,DEN,350.75
1674,2023-01-26,05:30:00,UA,1674,DEN,DEN,447.5
1675,2023-01-16,05:45:00,AA,1675,DEN,DEN,435.28
1676,2023-01-07,06:00:00,BA,1676,ATL,DEN,384.34
1677,2023-01-11,06:15:00,SW,1677,JFK,SFO,306.54
1678,2023-01-23,06:30:00,AA,1678,DFW,ATL,185.78
1679,2023-01-05,06:45:00,SW,1679,LAX,LAX,514.85
1680,2023-01-01,07:00:00,AA,1680,ATL,ATL,109.7
1681,2023-02-01,07:15:00,BA,1681,ORD,JFK,253.12
1682,2023-01-17,07:30:00,BA,1682,ATL,DFW,106.54
1683,2023-01-19,07:45:00,AA,1683,DFW,DFW,263.34
1684,2023-01-29,08:00:00,AA,1684,LAX,JFK,188.41
1685,2023-01-20,08:15:00,SW,1685,ORD,LAX,374.98
1686,2023-01-12,08:30:00,UA,1686,SFO,SFO,317.51
1687,2023-01-20,08:45:00,SW,1687,SFO,SFO,490.99
1688,2023-01-11,09:00:00,UA,1688,DEN,ORD,163.07
1689,2023-01-18,09:15:00,SW,1689,LAX,DFW,347.35
1690,2023-01-05,09:30:00,AA,1690,ORD,JFK,540.76
1691,2023-02-04,09:45:00,SW,1691,DEN,SFO,532.19
1692,2023-01-29,10:00:00,SW,1692,LAX,JFK,328.48
1693,2023-01-10,10:15:00,AA,1693,DFW,JFK,544.8
1694,2023-01-12,10:30:00,AA,1694,LAX,ORD,596.09
1695,2023-01-17,10:45:00,BA,1695,LAX,ATL,142.26
1696,2023-01-28,11:00:00,UA,1696,ATL,SFO,169.49
1697,2023-02-07,11:15:00,BA,1697,DFW,DEN,408.05
1698,2023-01-18,11:30:00,SW,1698,ORD,ATL,447.44
1699,2023-01-23,11:45:00,BA,1699,JFK,DEN,244.72
1700,2023-02-07,12:00:00,SW,1700,ORD,SFO,258.34
1701,2023-02-02,12:15:00,UA,1701,DFW,SFO,362.14
1702,2023-01-06,12:30:00,DL,1702,DFW,LAX,217.6
1703,2023-01-10,12:45:00,SW,1703,ATL,ORD,592.17
1704,2023-01-08,13:00:00,BA,1704,ORD,SFO,241.63
1705,2023-01-16,13:15:00,AA,1705,JFK,SFO,514.09
1706,2023-02-03,13:30:00,DL,1706,JFK,ORD,185.58
1707,2023-01-11,13:45:00,UA,1707,ATL,LAX,561.1
1708,2023-01-24,14:00:00,BA,1708,JFK,DFW,356.77
1709,2023-01-03,14:15:00,BA,1709,LAX,DEN,558.33
1710,2023-01-09,14:30:00,SW,1710,DEN,DEN,322.15
1711,2023-01-03,14:45:00,BA,1711,DFW,ATL,390.88
1712,2023-01-19,15:00:00,SW,1712,LAX,ORD,444.85
1713,2023-01-07,15:15:00,SW,1713,DEN,ATL,528.34
1714,2023-01-12,15:30:00,BA,1714,DFW,LAX,574.47
1715,2023-01-26,15:45:00,UA,1715,JFK,ATL,230.12
1716,2023-02-09,16:00:00,BA,1716,DFW,LAX,488.67
1717,2023-01-30,16:15:00,AA,1717,ORD,DEN,493.43
1718,2023-01-17,16:30:00,SW,1718,JFK,DFW,319.98
1719,2023-02-04,16:45:00,BA,1719,JFK,ORD,354.47
1720,2023-01-03,17:00:00,SW,1720,SFO,LAX,266.55
1721,2023-01-31,17:15:00,BA,1721,LAX,DFW,176.85
1722,2023-01-21,17:30:00,SW,1722,ATL,JFK,483.97
1723,2023-02-01,17:45:00,UA,1723,DFW,DEN,140.67
1724,2023-01-17,18:00:00,UA,1724,ORD,SFO,462.22
1725,2023-01-14,18:15:00,BA,1725,DFW,DEN,565.99
1726,2023-01-27,18:30:00,SW,1726,SFO,DEN,439.62
1727,2023-01-05,18:45:00,BA,1727,SFO,ORD,373.11
1728,2023-02-09,19:00:00,DL,1728,DEN,DFW,116.73
1729,2023-01-26,19:15:00,SW,1729,DFW,ATL,518.95
1730,2023-02-01,19:30:00,BA,1730,DFW,SFO,487.77
1731,2023-01-18,19:45:00,DL,1731,LAX,DEN,434.48
1732,2023-01-05,20:00:00,AA,1732,SFO,SFO,578.51
1733,2023-01-12,20:15:00,DL,1733,ORD,SFO,402.73
1734,2023-01-02,20:30:00,SW,1734,DFW,DEN,329.36
1735,2023-01-26,20:45:00,SW,1735,ATL,LAX,411.85
1736,2023-01-17,21:00:00,AA,1736,SFO,DEN,201.65
1737,2023-01-19,21:15:00,UA,1737,DFW,SFO,130.6
1738,2023-01-12,21:30:00,SW,1738,SFO,ORD,485.36
1739,2023-01-20,21:45:00,UA,1739,SFO,SFO,279.83
1740,2023-01-30,22:00:00,AA,1740,SFO,ATL,192.22
1741,2023-01-29,22:15:00,AA,1741,SFO,ATL,118.09
1742,2023-02-05,22:30:00,AA,1742,JFK,JFK,268.41
1743,2023-02-02,22:45:00,SW,1743,SFO,ATL,369.34
1744,2023-01-18,23:00:00,SW,1744,LAX,ATL,336.59
1745,2023-01-04,23:15:00,BA,1745,DEN,LAX,131.22
1746,2023-01-25,23:30:00,UA,1746,DFW,JFK,544.19
1747,2023-01-18,23:45:00,DL,1747,ATL,LAX,567.67
1748,2023-01-10,00:00:00,UA,1748,DFW,DEN,134.81
1749,2023-02-05,00:15:00,SW,1749,ATL,DEN,407.07
1750,2023-01-06,00:30:00,AA,1750,ATL,JFK,575.66
1751,2023-02-01,00:45:00,AA,1751,ORD,ATL,127.65
1752,2023-01-08,01:00:00,UA,1752,SFO,DEN,200.76
1753,2023-02-05,01:15:00,DL,1753,LAX,SFO,404.83
1754,2023-01-15,01:30:00,UA,1754,JFK,LAX,363.39
1755,2023-01-11,01:45:00,SW,1755,JFK,SFO,226.39
1756,2023-01-26,02:00:00,UA,1756,DEN,ORD,296.68
1757,2023-02-08,02:15:00,BA,1757,ATL,LAX,540.94
1758,2023-01-31,02:30:00,AA,1758,ATL,DEN,218.0
1759,2023-01-20,02:45:00,SW,1759,DEN,LAX,208.9
1760,2023-01-09,03:00:00,AA,1760,LAX,ATL,491.25
1761,2023-01-24,03:15:00,DL,1761,DFW,LAX,282.94
1762,2023-01-03,03:30:00,DL,1762,LAX,LAX,485.1
1763,2023-02-02,03:45:00,AA,1763,JFK,JFK,121.36
1764,2023-01-31,04:00:00,UA,1764,DFW,ORD,406.94
1765,2023-02-08,04:15:00,AA,1765,DFW,ORD,586.28
1766,2023-02-03,04:30:00,SW,1766,DEN,JFK,191.27
1767,2023-01-11,04:45:00,UA,1767,JFK,DFW,259.7
1768,2023-01-13,05:00:00,DL,1768,LAX,SFO,223.27
1769,2023-01-17,05:15:00,AA,1769,ATL,ATL,316.1
1770,2023-02-04,05:30:00,DL,1770,DFW,JFK,436.34
1771,2023-01-07,05:45:00,SW,1771,DFW,DFW,497.44
1772,2023-01-06,06:00:00,SW,1772,DEN,DEN,554.74
1773,2023-01-11,06:15:00,DL,1773,LAX,DFW,528.3
1774,2023-01-15,06:30:00,DL,1774,ATL,LAX,310.45
1775,2023-01-07,06:45:00,SW,1775,JFK,LAX,500.73
1776,2023-01-23,07:00:00,AA,1776,DEN,ATL,288.38
1777,2023-02-01,07:15:00,DL,1777,SFO,SFO,474.9
1778,2023-02-07,07:30:00,DL,1778,DEN,DEN,417.14
1779,2023-02-05,07:45:00,SW,1779,DFW,DFW,461.27
1780,2023-02-03,08:00:00,AA,1780,ATL,SFO,148.39
1781,2023-02-08,08:15:00,DL,1781,ATL,DFW,149.18
1782,2023-01-21,08:30:00,DL,1782,LAX,ORD,208.38
1783,2023-01-08,08:45:00,BA,1783,ATL,ATL,255.43
1784,2023-01-17,09:00:00,UA,1784,DFW,JFK,587.57
1785,2023-01-11,09:15:00,UA,1785,LAX,DFW,404.05
1786,2023-01-05,09:30:00,SW,1786,SFO,LAX,496.43
1787,2023-01-31,09:45:00,UA,1787,DEN,JFK,241.74
1788,2023-02-08,10:00:00,UA,1788,ATL,LAX,138.32
1789,2023-01-04,10:15:00,BA,1789,JFK,LAX,123.77
1790,2023-02-07,10:30:00,AA,1790,DFW,DEN,382.45
1791,2023-02-06,10:45:00,BA,1791,DEN,ATL,417.27
1792,2023-01-17,11:00:00,UA,1792,SFO,JFK,562.27
1793,2023-01-09,11:15:00,SW,1793,ATL,SFO,175.76
1794,2023-01-27,11:30:00,UA,1794,SFO,DEN,184.56
1795,2023-01-08,11:45:00,UA,1795,DFW,DFW,588.67
1796,2023-01-27,12:00:00,SW,1796,DEN,SFO,245.9
1797,2023-01-17,12:15:00,BA,1797,DFW,JFK,300.19
1798,2023-01-19,12:30:00,SW,1798,ATL,DFW,407.78
1799,2023-01-07,12:45:00,UA,1799,DEN,JFK,434.17
1800,2023-01-22,13:00:00,BA,1800,SFO,JFK,524.68
1801,2023-02-09,13:15:00,DL,1801,DFW,LAX,334.53
1802,2023-01-13,13:30:00,DL,1802,DFW,ATL,111.44
1803,2023-01-29,13:45:00,BA,1803,LAX,ATL,255.84
1804,2023-01-13,14:00:00,AA,1804,LAX,SFO,331.18
1805,2023-01-25,14:15:00,AA,1805,LAX,ORD,323.59
1806,2023-02-08,14:30:00,UA,1806,LAX,ORD,534.74
1807,2023-02-02,14:45:00,SW,1807,JFK,ORD,275.86
1808,2023-01-25,15:00:00,DL,1808,ORD,ATL,327.64
1809,2023-01-07,15:15:00,BA,1809,ATL,DEN,414.64
1810,2023-01-05,15:30:00,SW,1810,JFK,JFK,209.94
1811,2023-01-25,15:45:00,UA,1811,DEN,ATL,433.23
1812,2023-01-30,16:00:00,SW,1812,SFO,DEN,350.2
1813,2023-02-02,16:15:00,AA,1813,DEN,ORD,310.35
1814,2023-02-05,16:30:00,UA,1814,DFW,ORD,300.6
1815,2023-02-03,16:45:00,SW,1815,DFW,ORD,493.42
1816,2023-01-23,17:00:00,SW,1816,SFO,ATL,255.8
1817,2023-01-04,17:15:00,BA,1817,DFW,DEN,174.48
1818,2023-02-07,17:30:00,BA,1818,JFK,JFK,292.67
1819,2023-01-25,17:45:00,AA,1819,SFO,JFK,242.99
1820,2023-01-25,18:00:00,SW,1820,ORD,DFW,110.87
1821,2023-02-02,18:15:00,DL,1821,DEN,JFK,242.97
1822,2023-02-05,18:30:00,AA,1822,ORD,JFK,378.53
1823,2023-01-03,18:45:00,DL,1823,DFW,DEN,462.68
1824,2023-01-03,19:00:00,DL,1824,ORD,ATL,387.35
1825,2023-01-01,19:15:00,AA,1825,ATL,JFK,479.76
1826,2023-02-08,19:30:00,BA,1826,SFO,DFW,148.85
1827,2023-01-12,19:45:00,DL,1827,ORD,ORD,489.1
1828,2023-01-28,20:00:00,UA,1828,DFW,JFK,530.98
1829,2023-01-25,20:15:00,SW,1829,ORD,LAX,332.83
1830,2023-01-22,20:30:00,UA,1830,LAX,JFK,301.62
1831,2023-02-10,20:45:00,AA,1831,SFO,JFK,264.49
1832,2023-02-11,21:00:00,SW,1832,LAX,JFK,304.71
1833,2023-01-15,21:15:00,AA,1833,LAX,LAX,580.6
1834,2023-02-01,21:30:00,AA,1834,DEN,ATL,468.18
1835,2023-01-11,21:45:00,UA,1835,SFO,JFK,124.11
1836,2023-01-19,22:00:00,DL,1836,SFO,SFO,498.83
1837,2023-01-18,22:15:00,SW,1837,ORD,DFW,179.28
1838,2023-01-12,22:30:00,DL,1838,JFK,DEN,353.62
1839,2023-02-06,22:45:00,SW,1839,ATL,JFK,184.82
1840,2023-01-05,23:00:00,DL,1840,SFO,ATL,123.25
1841,2023-01-16,23:15:00,AA,1841,ORD,ATL,329.98
1842,2023-01-09,23:30:00,BA,1842,DFW,ORD,522.4
1843,2023-01-23,23:45:00,AA,1843,DFW,JFK,210.91
1844,2023-01-05,00:00:00,BA,1844,JFK,DEN,127.18
1845,2023-02-05,00:15:00,DL,1845,SFO,SFO,540.22
1846,2023-01-12,00:30:00,SW,1846,ATL,ORD,193.66
1847,2023-01-05,00:45:00,SW,1847,LAX,ATL,579.16
1848,2023-01-29,01:00:00,DL,1848,DFW,JFK,206.02
1849,2023-02-10,01:15:00,SW,1849,LAX,ORD,204.26
1850,2023-01-02,01:30:00,BA,1850,ORD,LAX,294.41
1851,2023-01-29,01:45:00,BA,1851,LAX,JFK,514.33
1852,2023-01-24,02:00:00,DL,1852,JFK,ATL,405.48
1853,2023-01-17,02:15:00,AA,1853,ATL,LAX,178.78
1854,2023-02-05,02:30:00,BA,1854,ATL,DFW,391.53
1855,2023-02-03,02:45:00,AA,1855,DFW,DEN,260.43
1856,2023-01-12,03:00:00,SW,1856,LAX,LAX,503.55
1857,2023-01-11,03:15:00,DL,1857,SFO,LAX,130.76
1858,2023-01-05,03:30:00,AA,1858,SFO,SFO,544.54
1859,2023-01-11,03:45:00,BA,1859,JFK,DEN,375.54
1860,2023-02-09,04:00:00,BA,1860,LAX,ORD,447.02
1861,2023-01-02,04:15:00,UA,1861,ORD,ATL,225.44
1862,2023-01-30,04:30:00,DL,1862,SFO,LAX,249.3
1863,2023-01-19,04:45:00,UA,1863,JFK,LAX,193.33
1864,2023-01-27,05:00:00,UA,1864,JFK,DFW,144.35
1865,2023-01-05,05:15:00,BA,1865,SFO,JFK,302.44
1866,2023-02-04,05:30:00,AA,1866,JFK,DEN,556.98
1867,2023-01-08,05:45:00,DL,1867,DFW,DFW,100.65
1868,2023-01-04,06:00:00,BA,1868,ATL,ATL,105.13
1869,2023-01-29,06:15:00,SW,1869,DFW,JFK,339.33
1870,2023-02-06,06:30:00,AA,1870,ORD,SFO,404.52
1871,2023-01-12,06:45:00,UA,1871,DFW,DFW,445.96
1872,2023-01-01,07:00:00,SW,1872,DEN,LAX,410.58
1873,2023-01-12,07:15:00,UA,1873,DFW,DEN,431.54
1874,2023-01-12,07:30:00,BA,1874,JFK,JFK,323.83
1875,2023-01-28,07:45:00,BA,1875,JFK,DEN,301.5
1876,2023-01-12,08:00:00,SW,1876,ORD,LAX,393.12
1877,2023-01-12,08:15:00,SW,1877,SFO,DFW,121.59
1878,2023-01-15,08:30:00,DL,1878,ORD,LAX,322.42
1879,2023-02-02,08:45:00,UA,1879,DEN,SFO,476.78
1880,2023-02-02,09:00:00,AA,1880,SFO,JFK,591.43
1881,2023-01-22,09:15:00,DL,1881,DEN,SFO,254.19
1882,2023-02-06,09:30:00,SW,1882,DEN,JFK,170.16
1883,2023-02-06,09:45:00,BA,1883,DFW,DFW,462.39
1884,2023-02-10,10:00:00,BA,1884,LAX,DEN,368.21
1885,2023-01-07,10:15:00,UA,1885,DEN,JFK,398.61
1886,2023-01-30,10:30:00,DL,1886,ORD,ORD,576.92
1887,2023-01-30,10:45:00,SW,1887,JFK,JFK,263.24
1888,2023-01-11,11:00:00,AA,1888,ORD,SFO,509.75
1889,2023-02-09,11:15:00,AA,1889,DEN,DEN,372.67
1890,2023-01-22,11:30:00,DL,1890,ATL,ATL,434.72
1891,2023-01-07,11:45:00,BA,1891,DEN,ORD,563.82
1892,2023-01-15,12:00:00,DL,1892,ORD,DFW,295.57
1893,2023-01-02,12:15:00,UA,1893,DFW,SFO,267.51
1894,2023-01-26,12:30:00,UA,1894,ATL,JFK,203.06
1895,2023-01-31,12:45:00,UA,1895,ORD,JFK,317.5
1896,2023-02-06,13:00:00,BA,1896,JFK,DFW,382.0
1897,2023-01-16,13:15:00,DL,1897,ORD,SFO,400.36
1898,2023-02-01,13:30:00,BA,1898,DEN,ATL,564.01
1899,2023-02-06,13:45:00,AA,1899,DFW,JFK,307.86
1900,2023-01-21,14:00:00,SW,1900,DEN,DEN,387.36
1901,2023-02-01,14:15:00,SW,1901,SFO,JFK,216.75
1902,2023-02-10,14:30:00,DL,1902,ATL,ATL,210.05
1903,2023-02-02,14:45:00,BA,1903,ORD,DEN,451.63
1904,2023-01-27,15:00:00,DL,1904,SFO,SFO,108.18
1905,2023-01-22,15:15:00,UA,1905,ORD,ORD,434.9
1906,2023-01-05,15:30:00,DL,1906,DEN,LAX,453.45
1907,2023-01-30,15:45:00,DL,1907,JFK,ATL,468.41
1908,2023-01-02,16:00:00,BA,1908,ATL,DFW,416.21
1909,2023-01-29,16:15:00,UA,1909,ATL,SFO,357.11
1910,2023-01-26,16:30:00,DL,1910,LAX,ORD,256.59
1911,2023-01-09,16:45:00,UA,1911,ATL,ATL,243.45
1912,2023-01-27,17:00:00,DL,1912,DEN,DEN,200.31
1913,2023-01-26,17:15:00,AA,1913,LAX,LAX,358.4
1914,2023-01-10,17:30:00,BA,1914,ORD,ATL,173.31
1915,2023-01-26,17:45:00,UA,1915,LAX,SFO,587.6
1916,2023-02-02,18:00:00,SW,1916,JFK,LAX,445.11
1917,2023-01-29,18:15:00,DL,1917,ATL,LAX,341.86
1918,2023-01-25,18:30:00,UA,1918,JFK,ATL,316.26
1919,2023-01-18,18:45:00,BA,1919,SFO,LAX,137.48
1920,2023-01-05,19:00:00,DL,1920,DFW,LAX,352.96
1921,2023-01-17,19:15:00,DL,1921,DFW,JFK,141.39
1922,2023-01-31,19:30:00,AA,1922,DFW,ATL,436.82
1923,2023-01-19,19:45:00,BA,1923,ATL,LAX,120.93
1924,2023-01-11,20:00:00,UA,1924,JFK,ATL,586.68
1925,2023-01-07,20:15:00,SW,1925,DFW,ATL,337.19
1926,2023-01-09,20:30:00,AA,1926,DFW,DEN,523.94
1927,2023-02-08,20:45:00,AA,1927,ATL,LAX,237.68
1928,2023-02-01,21:00:00,SW,1928,DFW,DFW,279.78
1929,2023-02-02,21:15:00,SW,1929,LAX,JFK,361.71
1930,2023-01-04,21:30:00,BA,1930,JFK,DFW,305.46
1931,2023-01-27,21:45:00,SW,1931,JFK,DEN,503.22
1932,2023-01-21,22:00:00,SW,1932,DFW,ATL,598.96
1933,2023-01-12,22:15:00,AA,1933,ATL,ORD,353.39
1934,2023-01-16,22:30:00,UA,1934,ORD,LAX,161.71
1935,2023-01-08,22:45:00,DL,1935,ATL,SFO,137.56
1936,2023-01-05,23:00:00,UA,1936,LAX,ORD,583.37
1937,2023-01-02,23:15:00,UA,1937,ATL,ORD,324.29
1938,2023-02-07,23:30:00,BA,1938,ORD,ATL,335.58
1939,2023-01-07,23:45:00,AA,1939,DFW,DFW,433.35
1940,2023-02-01,00:00:00,AA,1940,SFO,SFO,287.97
1941,2023-01-02,00:15:00,BA,1941,LAX,LAX,334.45
1942,2023-02-01,00:30:00,DL,1942,SFO,DFW,276.87
1943,2023-01-16,00:45:00,SW,1943,ATL,ORD,178.1
1944,2023-01-09,01:00:00,DL,1944,LAX,JFK,505.36
1945,2023-02-01,01:15:00,BA,1945,ATL,ATL,487.5
1946,2023-01-22,01:30:00,SW,1946,ATL,SFO,515.27
1947,2023-02-06,01:45:00,DL,1947,ORD,ATL,216.06
1948,2023-01-17,02:00:00,UA,1948,JFK,DEN,295.2
1949,2023-02-02,02:15:00,BA,1949,DEN,DFW,215.79
1950,2023-02-06,02:30:00,SW,1950,LAX,SFO,143.54
1951,2023-01-23,02:45:00,SW,1951,ATL,ATL,235.03
1952,2023-01-17,03:00:00,DL,1952,JFK,DEN,225.17
1953,2023-01-29,03:15:00,SW,1953,SFO,DFW,231.65
1954,2023-01-28,03:30:00,BA,1954,JFK,SFO,223.65
1955,2023-01-28,03:45:00,UA,1955,ORD,ATL,482.16
1956,2023-01-23,04:00:00,UA,1956,ATL,SFO,303.12
1957,2023-01-31,04:15:00,UA,1957,DEN,DEN,372.3
1958,2023-01-18,04:30:00,DL,1958,LAX,LAX,309.68
1959,2023-01-12,04:45:00,DL,1959,ATL,ORD,302.26
1960,2023-01-23,05:00:00,AA,1960,ORD,SFO,428.58
1961,2023-01-18,05:15:00,AA,1961,LAX,JFK,375.57
1962,2023-01-23,05:30:00,SW,1962,LAX,ORD,567.39
1963,2023-02-04,05:45:00,BA,1963,ORD,LAX,570.93
1964,2023-01-19,06:00:00,DL,1964,ORD,DEN,520.2
1965,2023-01-25,06:15:00,SW,1965,JFK,ATL,205.45
1966,2023-01-06,06:30:00,SW,1966,LAX,DEN,209.02
1967,2023-01-06,06:45:00,AA,1967,ORD,DEN,528.84
1968,2023-02-02,07:00:00,BA,1968,LAX,LAX,447.31
1969,2023-01-20,07:15:00,DL,1969,JFK,DFW,104.74
1970,2023-01-28,07:30:00,SW,1970,SFO,ATL,531.36
1971,2023-02-03,07:45:00,DL,1971,DEN,JFK,404.79
1972,2023-01-25,08:00:00,AA,1972,ATL,ORD,377.75
1973,2023-01-15,08:15:00,DL,1973,DEN,DEN,391.22
1974,2023-01-10,08:30:00,BA,1974,ATL,ATL,221.38
1975,2023-02-09,08:45:00,AA,1975,DEN,JFK,214.7
1976,2023-02-06,09:00:00,AA,1976,DEN,ATL,201.44
1977,2023-01-08,09:15:00,DL,1977,DEN,ATL,368.93
1978,2023-01-12,09:30:00,SW,1978,JFK,JFK,404.37
1979,2023-01-09,09:45:00,SW,1979,JFK,LAX,404.49
1980,2023-01-29,10:00:00,DL,1980,JFK,LAX,191.11
1981,2023-01-14,10:15:00,AA,1981,DFW,DEN,158.24
1982,2023-02-07,10:30:00,BA,1982,JFK,DFW,379.55
1983,2023-02-01,10:45:00,UA,1983,DFW,DEN,511.09
1984,2023-01-18,11:00:00,SW,1984,SFO,JFK,196.79
1985,2023-01-30,11:15:00,SW,1985,JFK,ATL,477.71
1986,2023-01-01,11:30:00,UA,1986,DEN,DEN,322.37
1987,2023-01-15,11:45:00,UA,1987,DEN,LAX,135.44
1988,2023-01-05,12:00:00,DL,1988,ORD,JFK,178.92
1989,2023-01-28,12:15:00,UA,1989,ORD,ORD,157.66
1990,2023-01-03,12:30:00,SW,1990,ATL,JFK,317.43
1991,2023-01-08,12:45:00,SW,1991,ORD,ATL,450.89
1992,2023-01-24,13:00:00,UA,1992,SFO,ORD,190.81
1993,2023-01-18,13:15:00,DL,1993,LAX,JFK,168.31
1994,2023-01-03,13:30:00,BA,1994,SFO,DFW,408.7
1995,2023-01-28,13:45:00,BA,1995,LAX,DFW,477.63
1996,2023-01-09,14:00:00,SW,1996,DFW,JFK,279.55
1997,2023-01-11,14:15:00,SW,1997,DEN,ATL,577.27
1998,2023-01-10,14:30:00,SW,1998,SFO,ATL,126.69
1999,2023-01-08,14:45:00,SW,1999,JFK,DFW,477.97
